domain,instance,obs_pct,true_idx,predicted_idx,spread,correct,obs_count,deltas,posterior,beta
block-words,p02,10,0,0,14,1,1,"0,0,0,0,0,0,0,1,1,0,0,0,1,0,1,1,0,0,0,1","0.0712,0.0712,0.0712,0.0712,0.0712,0.0712,0.0712,0.0005,0.0005,0.0712,0.0712,0.0712,0.0005,0.0712,0.0005,0.0005,0.0712,0.0712,0.0712,0.0005",5.0
block-words,p02,30,0,0,10,1,3,"0,0,0,0,0,0,0,5,3,0,0,0,5,5,5,5,3,2,2,5","0.1000,0.1000,0.1000,0.1000,0.1000,0.1000,0.1000,0.0000,0.0000,0.1000,0.1000,0.1000,0.0000,0.0000,0.0000,0.0000,0.0000,0.0000,0.0000,0.0000",5.0
block-words,p02,50,0,0,8,1,4,"0,0,0,0,0,0,0,5,5,0,2,2,8,6,6,7,5,4,4,8","0.1250,0.1250,0.1250,0.1250,0.1250,0.1250,0.1250,0.0000,0.0000,0.1250,0.0000,0.0000,0.0000,0.0000,0.0000,0.0000,0.0000,0.0000,0.0000,0.0000",5.0
block-words,p02,70,0,0,1,1,6,"0,4,4,3,4,4,4,10,10,2,4,4,10,8,8,10,10,8,8,12","1.0000,0.0000,0.0000,0.0000,0.0000,0.0000,0.0000,0.0000,0.0000,0.0000,0.0000,0.0000,0.0000,0.0000,0.0000,0.0000,0.0000,0.0000,0.0000,0.0000",5.0
block-words,p02,100,0,0,1,1,8,"0,6,6,6,6,6,8,12,14,4,6,6,12,8,10,10,10,8,8,14","1.0000,0.0000,0.0000,0.0000,0.0000,0.0000,0.0000,0.0000,0.0000,0.0000,0.0000,0.0000,0.0000,0.0000,0.0000,0.0000,0.0000,0.0000,0.0000,0.0000",5.0
block-words,p02,10,1,0,10,0,2,"0,0,0,0,0,0,0,3,2,0,0,0,4,4,4,4,2,2,2,3","0.1000,0.1000,0.1000,0.1000,0.1000,0.1000,0.1000,0.0000,0.0000,0.1000,0.1000,0.1000,0.0000,0.0000,0.0000,0.0000,0.0000,0.0000,0.0000,0.0000",5.0
block-words,p02,30,1,1,9,1,4,"2,0,0,0,0,0,0,5,4,0,0,0,8,8,8,8,4,6,6,5","0.0000,0.1111,0.1111,0.1111,0.1111,0.1111,0.1111,0.0000,0.0000,0.1111,0.1111,0.1111,0.0000,0.0000,0.0000,0.0000,0.0000,0.0000,0.0000,0.0000",5.0
block-words,p02,50,1,1,9,1,6,"4,0,0,0,0,0,0,6,6,0,0,0,8,8,8,8,6,8,6,6","0.0000,0.1111,0.1111,0.1111,0.1111,0.1111,0.1111,0.0000,0.0000,0.1111,0.1111,0.1111,0.0000,0.0000,0.0000,0.0000,0.0000,0.0000,0.0000,0.0000",5.0
block-words,p02,70,1,1,3,1,9,"8,0,0,1,0,1,5,9,8,5,4,4,8,11,9,8,10,9,7,8","0.0000,0.3318,0.3318,0.0022,0.3318,0.0022,0.0000,0.0000,0.0000,0.0000,0.0000,0.0000,0.0000,0.0000,0.0000,0.0000,0.0000,0.0000,0.0000,0.0000",5.0
block-words,p02,100,1,1,1,1,12,"14,0,3,6,4,6,14,14,14,8,9,10,10,14,12,13,16,14,12,14","0.0000,1.0000,0.0000,0.0000,0.0000,0.0000,0.0000,0.0000,0.0000,0.0000,0.0000,0.0000,0.0000,0.0000,0.0000,0.0000,0.0000,0.0000,0.0000,0.0000",5.0
block-words,p02,10,2,0,14,0,1,"0,0,0,0,0,0,0,1,1,0,0,0,1,0,1,1,0,0,0,1","0.0712,0.0712,0.0712,0.0712,0.0712,0.0712,0.0712,0.0005,0.0005,0.0712,0.0712,0.0712,0.0005,0.0712,0.0005,0.0005,0.0712,0.0712,0.0712,0.0005",5.0
block-words,p02,30,2,0,10,0,3,"0,0,0,0,0,0,0,5,3,0,0,0,5,5,5,5,3,2,2,5","0.1000,0.1000,0.1000,0.1000,0.1000,0.1000,0.1000,0.0000,0.0000,0.1000,0.1000,0.1000,0.0000,0.0000,0.0000,0.0000,0.0000,0.0000,0.0000,0.0000",5.0
block-words,p02,50,2,1,9,0,5,"2,0,0,0,0,0,0,5,5,0,0,0,8,8,8,8,4,6,6,5","0.0000,0.1111,0.1111,0.1111,0.1111,0.1111,0.1111,0.0000,0.0000,0.1111,0.1111,0.1111,0.0000,0.0000,0.0000,0.0000,0.0000,0.0000,0.0000,0.0000",5.0
block-words,p02,70,2,1,5,0,7,"4,0,0,0,0,0,1,7,7,1,1,1,8,8,8,8,7,8,6,7","0.0000,0.1989,0.1989,0.1989,0.1989,0.1989,0.0013,0.0000,0.0000,0.0013,0.0013,0.0013,0.0000,0.0000,0.0000,0.0000,0.0000,0.0000,0.0000,0.0000",5.0
block-words,p02,100,2,1,3,0,10,"10,0,0,3,0,4,6,10,10,6,6,6,10,12,10,10,12,12,10,10","0.0000,0.3333,0.3333,0.0000,0.3333,0.0000,0.0000,0.0000,0.0000,0.0000,0.0000,0.0000,0.0000,0.0000,0.0000,0.0000,0.0000,0.0000,0.0000,0.0000",5.0
block-words,p02,10,3,0,14,0,1,"0,0,0,0,0,0,0,1,1,0,0,0,1,0,1,1,0,0,0,1","0.0712,0.0712,0.0712,0.0712,0.0712,0.0712,0.0712,0.0005,0.0005,0.0712,0.0712,0.0712,0.0005,0.0712,0.0005,0.0005,0.0712,0.0712,0.0712,0.0005",5.0
block-words,p02,30,3,0,10,0,3,"0,0,0,0,0,0,0,5,3,0,0,0,5,5,5,5,3,2,2,5","0.1000,0.1000,0.1000,0.1000,0.1000,0.1000,0.1000,0.0000,0.0000,0.1000,0.1000,0.1000,0.0000,0.0000,0.0000,0.0000,0.0000,0.0000,0.0000,0.0000",5.0
block-words,p02,50,3,1,9,0,4,"2,0,0,0,0,0,0,5,4,0,0,0,8,8,8,8,4,6,6,5","0.0000,0.1111,0.1111,0.1111,0.1111,0.1111,0.1111,0.0000,0.0000,0.1111,0.1111,0.1111,0.0000,0.0000,0.0000,0.0000,0.0000,0.0000,0.0000,0.0000",5.0
block-words,p02,70,3,1,9,0,6,"4,0,0,0,0,0,0,6,6,0,0,0,8,8,8,8,6,8,6,6","0.0000,0.1111,0.1111,0.1111,0.1111,0.1111,0.1111,0.0000,0.0000,0.1111,0.1111,0.1111,0.0000,0.0000,0.0000,0.0000,0.0000,0.0000,0.0000,0.0000",5.0
block-words,p02,100,3,1,5,0,8,"6,0,0,0,0,0,3,8,8,4,4,4,8,10,8,8,10,8,6,8","0.0000,0.2000,0.2000,0.2000,0.2000,0.2000,0.0000,0.0000,0.0000,0.0000,0.0000,0.0000,0.0000,0.0000,0.0000,0.0000,0.0000,0.0000,0.0000,0.0000",5.0
block-words,p02,10,4,0,10,0,2,"0,0,0,0,0,0,0,2,2,0,0,0,4,4,4,4,2,2,2,2","0.1000,0.1000,0.1000,0.1000,0.1000,0.1000,0.1000,0.0000,0.0000,0.1000,0.1000,0.1000,0.0000,0.0000,0.0000,0.0000,0.0000,0.0000,0.0000,0.0000",5.0
block-words,p02,30,4,1,7,0,4,"2,0,0,0,0,0,2,6,6,2,0,0,7,6,7,6,6,4,4,6","0.0000,0.1429,0.1429,0.1429,0.1429,0.1429,0.0000,0.0000,0.0000,0.0000,0.1429,0.1429,0.0000,0.0000,0.0000,0.0000,0.0000,0.0000,0.0000,0.0000",5.0
block-words,p02,50,4,1,7,0,6,"4,0,0,0,0,0,2,8,8,2,0,0,8,6,8,6,8,6,4,8","0.0000,0.1429,0.1429,0.1429,0.1429,0.1429,0.0000,0.0000,0.0000,0.0000,0.1429,0.1429,0.0000,0.0000,0.0000,0.0000,0.0000,0.0000,0.0000,0.0000",5.0
block-words,p02,70,4,1,3,0,9,"8,0,0,1,0,1,9,9,8,5,4,4,8,11,9,8,10,9,7,8","0.0000,0.3318,0.3318,0.0022,0.3318,0.0022,0.0000,0.0000,0.0000,0.0000,0.0000,0.0000,0.0000,0.0000,0.0000,0.0000,0.0000,0.0000,0.0000,0.0000",5.0
block-words,p02,100,4,4,1,1,12,"14,4,3,6,0,6,12,12,13,8,9,6,12,14,12,12,15,14,12,14","0.0000,0.0000,0.0000,0.0000,1.0000,0.0000,0.0000,0.0000,0.0000,0.0000,0.0000,0.0000,0.0000,0.0000,0.0000,0.0000,0.0000,0.0000,0.0000,0.0000",5.0
block-words,p02,10,5,0,14,0,1,"0,0,0,0,0,0,0,1,1,0,0,0,1,0,1,1,0,0,0,1","0.0712,0.0712,0.0712,0.0712,0.0712,0.0712,0.0712,0.0005,0.0005,0.0712,0.0712,0.0712,0.0005,0.0712,0.0005,0.0005,0.0712,0.0712,0.0712,0.0005",5.0
block-words,p02,30,5,0,10,0,3,"0,0,0,0,0,0,0,3,3,0,0,0,5,5,5,5,3,2,2,3","0.1000,0.1000,0.1000,0.1000,0.1000,0.1000,0.1000,0.0000,0.0000,0.1000,0.1000,0.1000,0.0000,0.0000,0.0000,0.0000,0.0000,0.0000,0.0000,0.0000",5.0
block-words,p02,50,5,0,8,0,5,"0,0,0,0,0,0,0,5,7,0,2,2,8,6,6,8,6,4,4,7","0.1250,0.1250,0.1250,0.1250,0.1250,0.1250,0.1250,0.0000,0.0000,0.1250,0.0000,0.0000,0.0000,0.0000,0.0000,0.0000,0.0000,0.0000,0.0000,0.0000",5.0
block-words,p02,70,5,1,5,0,7,"4,0,0,0,0,0,1,7,7,1,2,2,8,7,7,8,8,6,4,8","0.0000,0.1995,0.1995,0.1995,0.1995,0.1995,0.0013,0.0000,0.0000,0.0013,0.0000,0.0000,0.0000,0.0000,0.0000,0.0000,0.0000,0.0000,0.0000,0.0000",5.0
block-words,p02,100,5,5,1,1,10,"10,4,4,3,4,0,6,10,10,6,6,6,10,12,10,10,12,10,8,10","0.0000,0.0000,0.0000,0.0000,0.0000,1.0000,0.0000,0.0000,0.0000,0.0000,0.0000,0.0000,0.0000,0.0000,0.0000,0.0000,0.0000,0.0000,0.0000,0.0000",5.0
block-words,p02,10,6,6,12,1,1,"1,1,1,1,1,1,0,0,0,0,0,0,0,0,0,0,0,1,1,0","0.0006,0.0006,0.0006,0.0006,0.0006,0.0006,0.0830,0.0830,0.0830,0.0830,0.0830,0.0830,0.0830,0.0830,0.0830,0.0830,0.0830,0.0006,0.0006,0.0830",5.0
block-words,p02,30,6,6,1,1,3,"4,4,2,2,2,2,0,1,1,2,2,2,3,2,3,3,4,2,2,5","0.0000,0.0000,0.0000,0.0000,0.0000,0.0000,0.9863,0.0066,0.0066,0.0000,0.0000,0.0000,0.0000,0.0000,0.0000,0.0000,0.0000,0.0000,0.0000,0.0000",5.0
block-words,p02,50,6,6,1,1,5,"4,4,2,2,2,2,0,5,3,2,2,2,7,7,7,7,7,4,4,9","0.0000,0.0000,0.0000,0.0000,0.0000,0.0000,0.9997,0.0000,0.0000,0.0000,0.0000,0.0000,0.0000,0.0000,0.0000,0.0000,0.0000,0.0000,0.0000,0.0000",5.0
block-words,p02,70,6,6,1,1,7,"7,6,4,4,4,4,0,7,5,4,4,4,9,9,9,9,9,6,7,11","0.0000,0.0000,0.0000,0.0000,0.0000,0.0000,1.0000,0.0000,0.0000,0.0000,0.0000,0.0000,0.0000,0.0000,0.0000,0.0000,0.0000,0.0000,0.0000,0.0000",5.0
block-words,p02,100,6,6,1,1,10,"10,8,6,6,6,6,0,10,10,6,6,6,12,12,12,12,14,10,8,14","0.0000,0.0000,0.0000,0.0000,0.0000,0.0000,1.0000,0.0000,0.0000,0.0000,0.0000,0.0000,0.0000,0.0000,0.0000,0.0000,0.0000,0.0000,0.0000,0.0000",5.0
block-words,p02,10,7,6,12,0,1,"1,1,1,1,1,1,0,0,0,0,0,0,0,0,0,0,0,1,1,0","0.0006,0.0006,0.0006,0.0006,0.0006,0.0006,0.0830,0.0830,0.0830,0.0830,0.0830,0.0830,0.0830,0.0830,0.0830,0.0830,0.0830,0.0006,0.0006,0.0830",5.0
block-words,p02,30,7,6,3,0,2,"4,3,2,2,2,2,0,0,0,2,2,2,2,2,2,2,4,2,2,4","0.0000,0.0000,0.0000,0.0000,0.0000,0.0000,0.3333,0.3333,0.3333,0.0000,0.0000,0.0000,0.0000,0.0000,0.0000,0.0000,0.0000,0.0000,0.0000,0.0000",5.0
block-words,p02,50,7,6,3,0,2,"4,3,2,2,2,2,0,0,0,2,2,2,2,2,2,2,4,2,2,4","0.0000,0.0000,0.0000,0.0000,0.0000,0.0000,0.3333,0.3333,0.3333,0.0000,0.0000,0.0000,0.0000,0.0000,0.0000,0.0000,0.0000,0.0000,0.0000,0.0000",5.0
block-words,p02,70,7,7,1,1,3,"5,5,3,3,2,2,1,0,1,3,3,2,2,2,2,2,5,2,2,4","0.0000,0.0000,0.0000,0.0000,0.0000,0.0000,0.0066,0.9863,0.0066,0.0000,0.0000,0.0000,0.0000,0.0000,0.0000,0.0000,0.0000,0.0000,0.0000,0.0000",5.0
block-words,p02,100,7,7,1,1,4,"6,6,4,4,4,4,4,0,4,6,6,6,4,4,4,4,8,4,4,4","0.0000,0.0000,0.0000,0.0000,0.0000,0.0000,0.0000,1.0000,0.0000,0.0000,0.0000,0.0000,0.0000,0.0000,0.0000,0.0000,0.0000,0.0000,0.0000,0.0000",5.0
block-words,p02,10,8,6,12,0,1,"1,1,1,1,1,1,0,0,0,0,0,0,0,0,0,0,0,1,1,0","0.0006,0.0006,0.0006,0.0006,0.0006,0.0006,0.0830,0.0830,0.0830,0.0830,0.0830,0.0830,0.0830,0.0830,0.0830,0.0830,0.0830,0.0006,0.0006,0.0830",5.0
block-words,p02,30,8,6,3,0,2,"4,3,2,2,2,2,0,0,0,2,2,2,2,2,2,2,4,2,2,4","0.0000,0.0000,0.0000,0.0000,0.0000,0.0000,0.3333,0.3333,0.3333,0.0000,0.0000,0.0000,0.0000,0.0000,0.0000,0.0000,0.0000,0.0000,0.0000,0.0000",5.0
block-words,p02,50,8,6,3,0,2,"4,3,2,2,2,2,0,0,0,2,2,2,2,2,2,2,4,2,2,4","0.0000,0.0000,0.0000,0.0000,0.0000,0.0000,0.3333,0.3333,0.3333,0.0000,0.0000,0.0000,0.0000,0.0000,0.0000,0.0000,0.0000,0.0000,0.0000,0.0000",5.0
block-words,p02,70,8,8,1,1,3,"6,4,2,3,2,3,1,1,0,3,2,2,2,3,3,2,4,3,3,4","0.0000,0.0000,0.0000,0.0000,0.0000,0.0000,0.0066,0.0066,0.9864,0.0000,0.0000,0.0000,0.0000,0.0000,0.0000,0.0000,0.0000,0.0000,0.0000,0.0000",5.0
block-words,p02,100,8,8,1,1,4,"8,6,4,4,4,4,4,4,0,6,2,2,2,6,6,2,4,4,4,6","0.0000,0.0000,0.0000,0.0000,0.0000,0.0000,0.0000,0.0000,0.9998,0.0000,0.0000,0.0000,0.0000,0.0000,0.0000,0.0000,0.0000,0.0000,0.0000,0.0000",5.0
block-words,p02,10,9,0,14,0,1,"0,0,0,0,0,0,0,1,1,0,0,0,1,0,1,1,0,0,0,1","0.0712,0.0712,0.0712,0.0712,0.0712,0.0712,0.0712,0.0005,0.0005,0.0712,0.0712,0.0712,0.0005,0.0712,0.0005,0.0005,0.0712,0.0712,0.0712,0.0005",5.0
block-words,p02,30,9,0,10,0,3,"0,0,0,0,0,0,0,5,3,0,0,0,5,5,5,5,3,2,2,5","0.1000,0.1000,0.1000,0.1000,0.1000,0.1000,0.1000,0.0000,0.0000,0.1000,0.1000,0.1000,0.0000,0.0000,0.0000,0.0000,0.0000,0.0000,0.0000,0.0000",5.0
block-words,p02,50,9,1,9,0,5,"2,0,0,0,0,0,0,5,5,0,0,0,6,6,6,6,4,4,4,5","0.0000,0.1111,0.1111,0.1111,0.1111,0.1111,0.1111,0.0000,0.0000,0.1111,0.1111,0.1111,0.0000,0.0000,0.0000,0.0000,0.0000,0.0000,0.0000,0.0000",5.0
block-words,p02,70,9,9,3,1,7,"5,1,1,1,1,1,4,6,6,0,0,0,6,6,6,6,6,7,5,6","0.0000,0.0022,0.0022,0.0022,0.0022,0.0022,0.0000,0.0000,0.0000,0.3296,0.3296,0.3296,0.0000,0.0000,0.0000,0.0000,0.0000,0.0000,0.0000,0.0000",5.0
block-words,p02,100,9,9,1,1,10,"10,6,6,6,6,6,10,12,12,0,4,4,12,12,8,12,14,10,10,12","0.0000,0.0000,0.0000,0.0000,0.0000,0.0000,0.0000,0.0000,0.0000,1.0000,0.0000,0.0000,0.0000,0.0000,0.0000,0.0000,0.0000,0.0000,0.0000,0.0000",5.0
block-words,p02,10,10,0,14,0,1,"0,0,0,0,0,0,0,1,1,0,0,0,1,0,1,1,0,0,0,1","0.0712,0.0712,0.0712,0.0712,0.0712,0.0712,0.0712,0.0005,0.0005,0.0712,0.0712,0.0712,0.0005,0.0712,0.0005,0.0005,0.0712,0.0712,0.0712,0.0005",5.0
block-words,p02,30,10,0,10,0,3,"0,0,0,0,0,0,0,5,3,0,0,0,5,5,5,5,3,2,2,5","0.1000,0.1000,0.1000,0.1000,0.1000,0.1000,0.1000,0.0000,0.0000,0.1000,0.1000,0.1000,0.0000,0.0000,0.0000,0.0000,0.0000,0.0000,0.0000,0.0000",5.0
block-words,p02,50,10,1,9,0,5,"2,0,0,0,0,0,0,5,5,0,0,0,6,6,6,6,4,4,4,5","0.0000,0.1111,0.1111,0.1111,0.1111,0.1111,0.1111,0.0000,0.0000,0.1111,0.1111,0.1111,0.0000,0.0000,0.0000,0.0000,0.0000,0.0000,0.0000,0.0000",5.0
block-words,p02,70,10,9,3,0,7,"5,1,1,1,1,1,4,6,6,0,0,0,6,6,6,6,6,7,5,6","0.0000,0.0022,0.0022,0.0022,0.0022,0.0022,0.0000,0.0000,0.0000,0.3296,0.3296,0.3296,0.0000,0.0000,0.0000,0.0000,0.0000,0.0000,0.0000,0.0000",5.0
block-words,p02,100,10,10,2,1,10,"12,6,6,6,6,6,10,12,8,4,0,0,8,12,12,8,6,10,10,10","0.0000,0.0000,0.0000,0.0000,0.0000,0.0000,0.0000,0.0000,0.0000,0.0000,0.5000,0.5000,0.0000,0.0000,0.0000,0.0000,0.0000,0.0000,0.0000,0.0000",5.0
block-words,p02,10,11,0,10,0,2,"0,0,0,0,0,0,0,2,2,0,0,0,4,4,4,4,2,2,2,2","0.1000,0.1000,0.1000,0.1000,0.1000,0.1000,0.1000,0.0000,0.0000,0.1000,0.1000,0.1000,0.0000,0.0000,0.0000,0.0000,0.0000,0.0000,0.0000,0.0000",5.0
block-words,p02,30,11,1,9,0,4,"2,0,0,0,0,0,0,4,4,0,0,0,6,6,6,6,4,4,4,4","0.0000,0.1111,0.1111,0.1111,0.1111,0.1111,0.1111,0.0000,0.0000,0.1111,0.1111,0.1111,0.0000,0.0000,0.0000,0.0000,0.0000,0.0000,0.0000,0.0000",5.0
block-words,p02,50,11,1,9,0,6,"4,0,0,0,0,0,0,6,6,0,0,0,6,6,6,6,6,6,4,6","0.0000,0.1111,0.1111,0.1111,0.1111,0.1111,0.1111,0.0000,0.0000,0.1111,0.1111,0.1111,0.0000,0.0000,0.0000,0.0000,0.0000,0.0000,0.0000,0.0000",5.0
block-words,p02,70,11,10,2,0,9,"10,4,4,5,4,5,7,9,8,1,0,0,8,9,9,8,6,9,9,8","0.0000,0.0000,0.0000,0.0000,0.0000,0.0000,0.0000,0.0000,0.0000,0.0034,0.4983,0.4983,0.0000,0.0000,0.0000,0.0000,0.0000,0.0000,0.0000,0.0000",5.0
block-words,p02,100,11,11,1,1,12,"16,10,9,8,6,8,12,14,11,6,3,0,14,14,14,14,9,12,12,14","0.0000,0.0000,0.0000,0.0000,0.0000,0.0000,0.0000,0.0000,0.0000,0.0000,0.0000,1.0000,0.0000,0.0000,0.0000,0.0000,0.0000,0.0000,0.0000,0.0000",5.0
block-words,p02,10,12,4,11,0,1,"1,1,1,1,0,0,1,0,1,1,1,0,0,0,0,0,1,0,0,0","0.0006,0.0006,0.0006,0.0006,0.0904,0.0904,0.0006,0.0904,0.0006,0.0006,0.0006,0.0904,0.0904,0.0904,0.0904,0.0904,0.0006,0.0904,0.0904,0.0904",5.0
block-words,p02,30,12,12,4,1,3,"3,3,3,3,3,3,2,2,2,2,2,2,0,0,0,0,2,1,1,2","0.0000,0.0000,0.0000,0.0000,0.0000,0.0000,0.0000,0.0000,0.0000,0.0000,0.0000,0.0000,0.2491,0.2491,0.2491,0.2491,0.0000,0.0017,0.0017,0.0000",5.0
block-words,p02,50,12,12,4,1,4,"4,4,4,4,5,5,4,4,4,4,4,4,0,0,0,0,4,4,4,4","0.0000,0.0000,0.0000,0.0000,0.0000,0.0000,0.0000,0.0000,0.0000,0.0000,0.0000,0.0000,0.2500,0.2500,0.2500,0.2500,0.0000,0.0000,0.0000,0.0000",5.0
block-words,p02,70,12,12,2,1,6,"8,6,6,6,8,8,8,8,4,8,4,4,0,4,4,0,4,6,6,6","0.0000,0.0000,0.0000,0.0000,0.0000,0.0000,0.0000,0.0000,0.0000,0.0000,0.0000,0.0000,0.5000,0.0000,0.0000,0.5000,0.0000,0.0000,0.0000,0.0000",5.0
block-words,p02,100,12,12,1,1,8,"12,6,9,8,12,10,12,12,12,10,7,8,0,6,6,3,12,8,8,10","0.0000,0.0000,0.0000,0.0000,0.0000,0.0000,0.0000,0.0000,0.0000,0.0000,0.0000,0.0000,1.0000,0.0000,0.0000,0.0000,0.0000,0.0000,0.0000,0.0000",5.0
block-words,p02,10,13,4,11,0,1,"1,1,1,1,0,0,1,0,1,1,1,0,0,0,0,0,1,0,0,0","0.0006,0.0006,0.0006,0.0006,0.0904,0.0904,0.0006,0.0904,0.0006,0.0006,0.0006,0.0904,0.0904,0.0904,0.0904,0.0904,0.0006,0.0904,0.0904,0.0904",5.0
block-words,p02,30,13,12,6,0,2,"2,2,2,2,2,2,2,2,2,2,2,2,0,0,0,0,2,0,0,2","0.0000,0.0000,0.0000,0.0000,0.0000,0.0000,0.0000,0.0000,0.0000,0.0000,0.0000,0.0000,0.1666,0.1666,0.1666,0.1666,0.0000,0.1666,0.1666,0.0000",5.0
block-words,p02,50,13,12,4,0,3,"3,3,3,3,3,3,2,2,2,2,2,2,0,0,0,0,2,1,1,2","0.0000,0.0000,0.0000,0.0000,0.0000,0.0000,0.0000,0.0000,0.0000,0.0000,0.0000,0.0000,0.2491,0.2491,0.2491,0.2491,0.0000,0.0017,0.0017,0.0000",5.0
block-words,p02,70,13,13,1,1,5,"4,4,4,4,6,6,4,5,5,4,4,4,1,0,1,1,4,4,4,5","0.0000,0.0000,0.0000,0.0000,0.0000,0.0000,0.0000,0.0000,0.0000,0.0000,0.0000,0.0000,0.0066,0.9802,0.0066,0.0066,0.0000,0.0000,0.0000,0.0000",5.0
block-words,p02,100,13,13,1,1,6,"4,4,4,4,6,6,6,8,8,4,4,4,4,0,4,4,6,4,4,8","0.0000,0.0000,0.0000,0.0000,0.0000,0.0000,0.0000,0.0000,0.0000,0.0000,0.0000,0.0000,0.0000,1.0000,0.0000,0.0000,0.0000,0.0000,0.0000,0.0000",5.0
block-words,p02,10,14,4,11,0,1,"1,1,1,1,0,0,1,0,1,1,1,0,0,0,0,0,1,0,0,0","0.0006,0.0006,0.0006,0.0006,0.0904,0.0904,0.0006,0.0904,0.0006,0.0006,0.0006,0.0904,0.0904,0.0904,0.0904,0.0904,0.0006,0.0904,0.0904,0.0904",5.0
block-words,p02,30,14,12,6,0,2,"2,2,2,2,2,2,2,2,2,2,2,2,0,0,0,0,2,0,0,2","0.0000,0.0000,0.0000,0.0000,0.0000,0.0000,0.0000,0.0000,0.0000,0.0000,0.0000,0.0000,0.1666,0.1666,0.1666,0.1666,0.0000,0.1666,0.1666,0.0000",5.0
block-words,p02,50,14,12,4,0,3,"3,3,3,3,3,3,2,2,2,2,2,2,0,0,0,0,2,1,1,2","0.0000,0.0000,0.0000,0.0000,0.0000,0.0000,0.0000,0.0000,0.0000,0.0000,0.0000,0.0000,0.2491,0.2491,0.2491,0.2491,0.0000,0.0017,0.0017,0.0000",5.0
block-words,p02,70,14,12,2,0,5,"4,4,5,5,7,7,6,6,6,4,5,5,0,1,0,1,6,5,5,6","0.0000,0.0000,0.0000,0.0000,0.0000,0.0000,0.0000,0.0000,0.0000,0.0000,0.0000,0.0000,0.4967,0.0033,0.4967,0.0033,0.0000,0.0000,0.0000,0.0000",5.0
block-words,p02,100,14,14,1,1,6,"6,6,6,6,8,8,8,8,8,4,8,8,4,4,0,4,8,6,6,8","0.0000,0.0000,0.0000,0.0000,0.0000,0.0000,0.0000,0.0000,0.0000,0.0000,0.0000,0.0000,0.0000,0.0000,1.0000,0.0000,0.0000,0.0000,0.0000,0.0000",5.0
block-words,p02,10,15,4,11,0,1,"1,1,1,1,0,0,1,0,1,1,1,0,0,0,0,0,1,0,0,0","0.0006,0.0006,0.0006,0.0006,0.0904,0.0904,0.0006,0.0904,0.0006,0.0006,0.0006,0.0904,0.0904,0.0904,0.0904,0.0904,0.0006,0.0904,0.0904,0.0904",5.0
block-words,p02,30,15,12,6,0,2,"2,2,2,2,2,2,2,2,2,2,2,2,0,0,0,0,2,0,0,2","0.0000,0.0000,0.0000,0.0000,0.0000,0.0000,0.0000,0.0000,0.0000,0.0000,0.0000,0.0000,0.1666,0.1666,0.1666,0.1666,0.0000,0.1666,0.1666,0.0000",5.0
block-words,p02,50,15,12,4,0,3,"3,3,3,3,3,3,2,2,2,2,2,2,0,0,0,0,2,1,1,2","0.0000,0.0000,0.0000,0.0000,0.0000,0.0000,0.0000,0.0000,0.0000,0.0000,0.0000,0.0000,0.2491,0.2491,0.2491,0.2491,0.0000,0.0017,0.0017,0.0000",5.0
block-words,p02,70,15,12,2,0,5,"6,4,4,5,6,7,5,5,4,5,4,4,0,1,1,0,4,5,5,4","0.0000,0.0000,0.0000,0.0000,0.0000,0.0000,0.0000,0.0000,0.0000,0.0000,0.0000,0.0000,0.4967,0.0033,0.0033,0.4967,0.0000,0.0000,0.0000,0.0000",5.0
block-words,p02,100,15,12,2,0,6,"8,6,6,6,8,8,8,8,4,8,4,4,0,4,4,0,4,6,6,6","0.0000,0.0000,0.0000,0.0000,0.0000,0.0000,0.0000,0.0000,0.0000,0.0000,0.0000,0.0000,0.5000,0.0000,0.0000,0.5000,0.0000,0.0000,0.0000,0.0000",5.0
block-words,p02,10,16,0,14,0,1,"0,0,0,0,0,0,0,1,1,0,0,0,1,0,1,1,0,0,0,1","0.0712,0.0712,0.0712,0.0712,0.0712,0.0712,0.0712,0.0005,0.0005,0.0712,0.0712,0.0712,0.0005,0.0712,0.0005,0.0005,0.0712,0.0712,0.0712,0.0005",5.0
block-words,p02,30,16,0,12,0,2,"0,0,0,0,0,0,2,4,4,0,0,0,3,2,3,2,0,0,0,4","0.0833,0.0833,0.0833,0.0833,0.0833,0.0833,0.0000,0.0000,0.0000,0.0833,0.0833,0.0833,0.0000,0.0000,0.0000,0.0000,0.0833,0.0833,0.0833,0.0000",5.0
block-words,p02,50,16,9,4,0,3,"1,1,1,1,1,1,2,4,4,0,0,0,4,2,4,2,0,1,1,4","0.0017,0.0017,0.0017,0.0017,0.0017,0.0017,0.0000,0.0000,0.0000,0.2467,0.2467,0.2467,0.0000,0.0000,0.0000,0.0000,0.2467,0.0017,0.0017,0.0000",5.0
block-words,p02,70,16,10,3,0,5,"8,4,4,5,4,5,5,7,6,1,0,0,6,5,7,4,0,3,5,6","0.0000,0.0000,0.0000,0.0000,0.0000,0.0000,0.0000,0.0000,0.0000,0.0022,0.3326,0.3326,0.0000,0.0000,0.0000,0.0000,0.3326,0.0000,0.0000,0.0000",5.0
block-words,p02,100,16,10,3,0,6,"10,6,6,6,6,6,8,10,6,4,0,0,6,8,10,4,0,4,6,8","0.0000,0.0000,0.0000,0.0000,0.0000,0.0000,0.0000,0.0000,0.0000,0.0000,0.3333,0.3333,0.0000,0.0000,0.0000,0.0000,0.3333,0.0000,0.0000,0.0000",5.0
block-words,p02,10,17,4,11,0,1,"1,1,1,1,0,0,1,0,1,1,1,0,0,0,0,0,1,0,0,0","0.0006,0.0006,0.0006,0.0006,0.0904,0.0904,0.0006,0.0904,0.0006,0.0006,0.0006,0.0904,0.0904,0.0904,0.0904,0.0904,0.0006,0.0904,0.0904,0.0904",5.0
block-words,p02,30,17,13,3,0,3,"2,2,2,2,2,2,2,3,3,2,2,2,1,0,1,1,2,0,0,3","0.0000,0.0000,0.0000,0.0000,0.0000,0.0000,0.0000,0.0000,0.0000,0.0000,0.0000,0.0000,0.0022,0.3310,0.0022,0.0022,0.0000,0.3310,0.3310,0.0000",5.0
block-words,p02,50,17,17,2,1,4,"2,2,2,2,2,2,2,4,4,2,2,2,2,2,2,2,4,0,0,4","0.0000,0.0000,0.0000,0.0000,0.0000,0.0000,0.0000,0.0000,0.0000,0.0000,0.0000,0.0000,0.0000,0.0000,0.0000,0.0000,0.0000,0.4998,0.4998,0.0000",5.0
block-words,p02,70,17,17,2,1,6,"4,2,2,2,2,2,2,7,6,2,2,4,6,6,6,6,6,0,0,7","0.0000,0.0000,0.0000,0.0000,0.0000,0.0000,0.0000,0.0000,0.0000,0.0000,0.0000,0.0000,0.0000,0.0000,0.0000,0.0000,0.0000,0.4999,0.4999,0.0000",5.0
block-words,p02,100,17,17,1,1,8,"8,6,6,6,6,6,4,10,8,6,6,8,8,8,8,8,8,0,4,10","0.0000,0.0000,0.0000,0.0000,0.0000,0.0000,0.0000,0.0000,0.0000,0.0000,0.0000,0.0000,0.0000,0.0000,0.0000,0.0000,0.0000,1.0000,0.0000,0.0000",5.0
block-words,p02,10,18,4,11,0,1,"1,1,1,1,0,0,1,0,1,1,1,0,0,0,0,0,1,0,0,0","0.0006,0.0006,0.0006,0.0006,0.0904,0.0904,0.0006,0.0904,0.0006,0.0006,0.0006,0.0904,0.0904,0.0904,0.0904,0.0904,0.0006,0.0904,0.0904,0.0904",5.0
block-words,p02,30,18,13,3,0,3,"2,2,2,2,2,2,2,3,3,2,2,2,1,0,1,1,2,0,0,3","0.0000,0.0000,0.0000,0.0000,0.0000,0.0000,0.0000,0.0000,0.0000,0.0000,0.0000,0.0000,0.0022,0.3310,0.0022,0.0022,0.0000,0.3310,0.3310,0.0000",5.0
block-words,p02,50,18,17,2,0,4,"4,2,2,2,2,2,2,4,5,2,2,2,4,2,2,3,4,0,0,6","0.0000,0.0000,0.0000,0.0000,0.0000,0.0000,0.0000,0.0000,0.0000,0.0000,0.0000,0.0000,0.0000,0.0000,0.0000,0.0000,0.0000,0.4999,0.4999,0.0000",5.0
block-words,p02,70,18,17,2,0,6,"6,2,2,2,2,2,2,7,7,2,2,4,8,6,6,8,6,0,0,9","0.0000,0.0000,0.0000,0.0000,0.0000,0.0000,0.0000,0.0000,0.0000,0.0000,0.0000,0.0000,0.0000,0.0000,0.0000,0.0000,0.0000,0.4999,0.4999,0.0000",5.0
block-words,p02,100,18,18,1,1,8,"8,4,4,4,4,4,4,10,8,4,4,6,8,8,8,8,8,4,0,10","0.0000,0.0000,0.0000,0.0000,0.0000,0.0000,0.0000,0.0000,0.0000,0.0000,0.0000,0.0000,0.0000,0.0000,0.0000,0.0000,0.0000,0.0000,1.0000,0.0000",5.0
block-words,p02,10,19,1,10,0,1,"2,0,0,1,0,1,1,1,0,1,0,0,0,1,1,0,0,1,1,0","0.0000,0.0994,0.0994,0.0007,0.0994,0.0007,0.0007,0.0007,0.0994,0.0007,0.0994,0.0994,0.0994,0.0007,0.0007,0.0994,0.0994,0.0007,0.0007,0.0994",5.0
block-words,p02,30,19,19,1,1,2,"4,2,2,2,2,2,4,4,4,3,2,2,2,2,3,2,4,2,2,0","0.0000,0.0000,0.0000,0.0000,0.0000,0.0000,0.0000,0.0000,0.0000,0.0000,0.0000,0.0000,0.0000,0.0000,0.0000,0.0000,0.0000,0.0000,0.0000,0.9995",5.0
block-words,p02,50,19,19,1,1,3,"5,3,3,3,3,3,4,4,4,4,2,2,2,2,4,2,4,3,3,0","0.0000,0.0000,0.0000,0.0000,0.0000,0.0000,0.0000,0.0000,0.0000,0.0000,0.0000,0.0000,0.0000,0.0000,0.0000,0.0000,0.0000,0.0000,0.0000,0.9998",5.0
block-words,p02,70,19,19,1,1,5,"9,7,7,5,6,4,7,6,7,7,5,4,4,4,6,4,7,4,4,0","0.0000,0.0000,0.0000,0.0000,0.0000,0.0000,0.0000,0.0000,0.0000,0.0000,0.0000,0.0000,0.0000,0.0000,0.0000,0.0000,0.0000,0.0000,0.0000,1.0000",5.0
block-words,p02,100,19,19,1,1,6,"10,8,8,6,8,6,10,6,10,10,8,8,6,6,8,6,10,6,6,0","0.0000,0.0000,0.0000,0.0000,0.0000,0.0000,0.0000,0.0000,0.0000,0.0000,0.0000,0.0000,0.0000,0.0000,0.0000,0.0000,0.0000,0.0000,0.0000,1.0000",5.0
block-words,p03,10,0,0,7,1,2,"0,0,0,2,2,2,2,0,2,2,2,2,2,2,2,2,2,0,0,0","0.1428,0.1428,0.1428,0.0000,0.0000,0.0000,0.0000,0.1428,0.0000,0.0000,0.0000,0.0000,0.0000,0.0000,0.0000,0.0000,0.0000,0.1428,0.1428,0.1428",5.0
block-words,p03,30,0,0,3,1,5,"0,0,0,7,7,2,7,1,5,5,7,7,5,6,7,6,6,5,2,1","0.3318,0.3318,0.3318,0.0000,0.0000,0.0000,0.0000,0.0022,0.0000,0.0000,0.0000,0.0000,0.0000,0.0000,0.0000,0.0000,0.0000,0.0000,0.0000,0.0022",5.0
block-words,p03,50,0,0,2,1,7,"0,0,1,11,10,3,10,4,6,6,10,10,6,8,8,11,11,6,4,4","0.4983,0.4983,0.0034,0.0000,0.0000,0.0000,0.0000,0.0000,0.0000,0.0000,0.0000,0.0000,0.0000,0.0000,0.0000,0.0000,0.0000,0.0000,0.0000,0.0000",5.0
block-words,p03,70,0,0,2,1,10,"0,0,5,12,14,14,12,4,6,6,10,12,6,10,8,16,18,12,10,4","0.5000,0.5000,0.0000,0.0000,0.0000,0.0000,0.0000,0.0000,0.0000,0.0000,0.0000,0.0000,0.0000,0.0000,0.0000,0.0000,0.0000,0.0000,0.0000,0.0000",5.0
block-words,p03,100,0,0,1,1,14,"0,3,10,14,18,22,16,10,14,8,16,18,12,16,14,20,20,16,14,10","1.0000,0.0000,0.0000,0.0000,0.0000,0.0000,0.0000,0.0000,0.0000,0.0000,0.0000,0.0000,0.0000,0.0000,0.0000,0.0000,0.0000,0.0000,0.0000,0.0000",5.0
block-words,p03,10,1,0,7,0,2,"0,0,0,2,2,2,2,0,2,2,2,2,2,2,2,2,2,0,0,0","0.1428,0.1428,0.1428,0.0000,0.0000,0.0000,0.0000,0.1428,0.0000,0.0000,0.0000,0.0000,0.0000,0.0000,0.0000,0.0000,0.0000,0.1428,0.1428,0.1428",5.0
block-words,p03,30,1,0,5,0,4,"0,0,0,6,6,2,6,0,4,4,6,6,4,6,5,6,6,3,2,0","0.2000,0.2000,0.2000,0.0000,0.0000,0.0000,0.0000,0.2000,0.0000,0.0000,0.0000,0.0000,0.0000,0.0000,0.0000,0.0000,0.0000,0.0000,0.0000,0.2000",5.0
block-words,p03,50,1,0,3,0,6,"0,0,0,10,10,2,10,4,6,6,10,10,6,8,8,10,10,6,4,4","0.3333,0.3333,0.3333,0.0000,0.0000,0.0000,0.0000,0.0000,0.0000,0.0000,0.0000,0.0000,0.0000,0.0000,0.0000,0.0000,0.0000,0.0000,0.0000,0.0000",5.0
block-words,p03,70,1,0,2,0,9,"0,0,5,12,12,14,12,4,6,6,10,12,6,10,8,14,15,9,5,4","0.5000,0.5000,0.0000,0.0000,0.0000,0.0000,0.0000,0.0000,0.0000,0.0000,0.0000,0.0000,0.0000,0.0000,0.0000,0.0000,0.0000,0.0000,0.0000,0.0000",5.0
block-words,p03,100,1,0,2,0,12,"0,0,8,14,16,18,12,6,10,8,12,14,8,12,10,18,18,14,9,6","0.5000,0.5000,0.0000,0.0000,0.0000,0.0000,0.0000,0.0000,0.0000,0.0000,0.0000,0.0000,0.0000,0.0000,0.0000,0.0000,0.0000,0.0000,0.0000,0.0000",5.0
block-words,p03,10,2,0,15,0,1,"0,0,0,0,1,0,0,0,1,1,0,0,1,0,0,1,0,0,0,0","0.0665,0.0665,0.0665,0.0665,0.0004,0.0665,0.0665,0.0665,0.0004,0.0004,0.0665,0.0665,0.0004,0.0665,0.0665,0.0004,0.0665,0.0665,0.0665,0.0665",5.0
block-words,p03,30,2,0,7,0,2,"0,0,0,2,2,2,2,0,2,2,2,2,2,2,2,2,2,0,0,0","0.1428,0.1428,0.1428,0.0000,0.0000,0.0000,0.0000,0.1428,0.0000,0.0000,0.0000,0.0000,0.0000,0.0000,0.0000,0.0000,0.0000,0.1428,0.1428,0.1428",5.0
block-words,p03,50,2,0,5,0,3,"0,0,0,4,4,2,4,0,3,3,4,4,3,3,3,4,4,1,1,0","0.1995,0.1995,0.1995,0.0000,0.0000,0.0000,0.0000,0.1995,0.0000,0.0000,0.0000,0.0000,0.0000,0.0000,0.0000,0.0000,0.0000,0.0013,0.0013,0.1995",5.0
block-words,p03,70,2,0,3,0,5,"0,0,0,7,7,2,7,1,5,5,7,7,5,6,7,6,6,5,2,1","0.3318,0.3318,0.3318,0.0000,0.0000,0.0000,0.0000,0.0022,0.0000,0.0000,0.0000,0.0000,0.0000,0.0000,0.0000,0.0000,0.0000,0.0000,0.0000,0.0022",5.0
block-words,p03,100,2,0,3,0,6,"0,0,0,10,10,2,10,4,6,6,10,10,6,8,8,10,10,6,4,4","0.3333,0.3333,0.3333,0.0000,0.0000,0.0000,0.0000,0.0000,0.0000,0.0000,0.0000,0.0000,0.0000,0.0000,0.0000,0.0000,0.0000,0.0000,0.0000,0.0000",5.0
block-words,p03,10,3,0,15,0,1,"0,0,0,0,1,0,0,0,1,1,0,0,1,0,0,1,0,0,0,0","0.0665,0.0665,0.0665,0.0665,0.0004,0.0665,0.0665,0.0665,0.0004,0.0004,0.0665,0.0665,0.0004,0.0665,0.0665,0.0004,0.0665,0.0665,0.0665,0.0665",5.0
block-words,p03,30,3,3,3,1,3,"2,2,3,0,4,2,4,2,2,2,0,0,2,2,2,4,1,1,1,2","0.0000,0.0000,0.0000,0.3311,0.0000,0.0000,0.0000,0.0000,0.0000,0.0000,0.3311,0.3311,0.0000,0.0000,0.0000,0.0000,0.0022,0.0022,0.0022,0.0000",5.0
block-words,p03,50,3,3,3,1,4,"2,2,4,0,6,2,4,2,2,2,0,0,2,2,2,6,4,4,4,2","0.0000,0.0000,0.0000,0.3333,0.0000,0.0000,0.0000,0.0000,0.0000,0.0000,0.3333,0.3333,0.0000,0.0000,0.0000,0.0000,0.0000,0.0000,0.0000,0.0000",5.0
block-words,p03,70,3,3,3,1,6,"6,6,8,0,8,6,6,6,6,4,0,0,4,4,4,8,8,7,6,6","0.0000,0.0000,0.0000,0.3333,0.0000,0.0000,0.0000,0.0000,0.0000,0.0000,0.3333,0.3333,0.0000,0.0000,0.0000,0.0000,0.0000,0.0000,0.0000,0.0000",5.0
block-words,p03,100,3,3,1,1,8,"6,9,10,0,10,10,10,10,10,4,4,4,8,8,8,10,8,8,6,10","0.0000,0.0000,0.0000,1.0000,0.0000,0.0000,0.0000,0.0000,0.0000,0.0000,0.0000,0.0000,0.0000,0.0000,0.0000,0.0000,0.0000,0.0000,0.0000,0.0000",5.0
block-words,p03,10,4,0,16,0,1,"0,0,1,0,0,0,0,0,0,0,0,0,0,0,0,0,1,1,1,0","0.0624,0.0624,0.0004,0.0624,0.0624,0.0624,0.0624,0.0624,0.0624,0.0624,0.0624,0.0624,0.0624,0.0624,0.0624,0.0624,0.0004,0.0004,0.0004,0.0624",5.0
block-words,p03,30,4,4,7,1,2,"2,2,4,2,0,2,2,2,0,0,2,2,0,0,0,0,4,2,2,2","0.0000,0.0000,0.0000,0.0000,0.1428,0.0000,0.0000,0.0000,0.1428,0.1428,0.0000,0.0000,0.1428,0.1428,0.1428,0.1428,0.0000,0.0000,0.0000,0.0000",5.0
block-words,p03,50,4,4,6,1,3,"2,2,5,2,0,4,2,2,2,0,2,2,0,0,0,0,5,3,3,2","0.0000,0.0000,0.0000,0.0000,0.1667,0.0000,0.0000,0.0000,0.0000,0.1667,0.0000,0.0000,0.1667,0.1667,0.1667,0.1667,0.0000,0.0000,0.0000,0.0000",5.0
block-words,p03,70,4,4,1,1,5,"4,4,7,5,0,7,4,4,4,2,4,4,2,2,2,1,7,4,4,4","0.0000,0.0000,0.0000,0.0000,0.9931,0.0000,0.0000,0.0000,0.0000,0.0000,0.0000,0.0000,0.0000,0.0000,0.0000,0.0067,0.0000,0.0000,0.0000,0.0000",5.0
block-words,p03,100,4,4,1,1,6,"6,6,8,8,0,10,6,4,6,4,6,4,2,4,4,4,8,6,4,4","0.0000,0.0000,0.0000,0.0000,1.0000,0.0000,0.0000,0.0000,0.0000,0.0000,0.0000,0.0000,0.0000,0.0000,0.0000,0.0000,0.0000,0.0000,0.0000,0.0000",5.0
block-words,p03,10,5,0,16,0,1,"0,0,1,0,0,0,0,0,0,0,0,0,0,0,0,0,1,1,1,0","0.0624,0.0624,0.0004,0.0624,0.0624,0.0624,0.0624,0.0624,0.0624,0.0624,0.0624,0.0624,0.0624,0.0624,0.0624,0.0624,0.0004,0.0004,0.0004,0.0624",5.0
block-words,p03,30,5,0,11,0,3,"0,0,2,0,3,0,0,0,1,1,0,0,1,0,0,3,2,2,2,0","0.0907,0.0907,0.0000,0.0907,0.0000,0.0907,0.0907,0.0907,0.0006,0.0006,0.0907,0.0907,0.0006,0.0907,0.0907,0.0000,0.0000,0.0000,0.0000,0.0907",5.0
block-words,p03,50,5,5,4,1,4,"2,2,4,2,6,0,0,2,4,4,2,2,4,0,0,6,4,2,2,2","0.0000,0.0000,0.0000,0.0000,0.0000,0.2500,0.2500,0.0000,0.0000,0.0000,0.0000,0.0000,0.0000,0.2500,0.2500,0.0000,0.0000,0.0000,0.0000,0.0000",5.0
block-words,p03,70,5,5,1,1,6,"2,2,4,6,10,0,8,2,6,6,6,6,6,4,3,10,8,5,4,2","0.0000,0.0000,0.0000,0.0000,0.0000,0.9998,0.0000,0.0000,0.0000,0.0000,0.0000,0.0000,0.0000,0.0000,0.0000,0.0000,0.0000,0.0000,0.0000,0.0000",5.0
block-words,p03,100,5,5,1,1,8,"2,2,4,10,14,0,12,6,8,8,10,10,8,6,6,14,12,8,6,6","0.0000,0.0000,0.0000,0.0000,0.0000,0.9999,0.0000,0.0000,0.0000,0.0000,0.0000,0.0000,0.0000,0.0000,0.0000,0.0000,0.0000,0.0000,0.0000,0.0000",5.0
block-words,p03,10,6,0,15,0,1,"0,0,1,1,0,1,0,0,0,0,0,0,0,0,0,1,1,0,0,0","0.0665,0.0665,0.0004,0.0004,0.0665,0.0004,0.0665,0.0665,0.0665,0.0665,0.0665,0.0665,0.0665,0.0665,0.0665,0.0004,0.0004,0.0665,0.0665,0.0665",5.0
block-words,p03,30,6,6,6,1,3,"4,4,5,4,4,4,0,2,0,0,2,4,0,0,0,4,5,3,1,2","0.0000,0.0000,0.0000,0.0000,0.0000,0.0000,0.1665,0.0000,0.1665,0.1665,0.0000,0.0000,0.1665,0.1665,0.1665,0.0000,0.0000,0.0000,0.0011,0.0000",5.0
block-words,p03,50,6,6,6,1,4,"4,4,6,4,6,4,0,2,0,0,2,4,0,0,0,6,6,4,2,2","0.0000,0.0000,0.0000,0.0000,0.0000,0.0000,0.1667,0.0000,0.1667,0.1667,0.0000,0.0000,0.1667,0.1667,0.1667,0.0000,0.0000,0.0000,0.0000,0.0000",5.0
block-words,p03,70,6,6,1,1,6,"4,4,8,6,8,8,0,4,4,2,4,6,2,2,2,8,8,8,5,4","0.0000,0.0000,0.0000,0.0000,0.0000,0.0000,0.9998,0.0000,0.0000,0.0000,0.0000,0.0000,0.0000,0.0000,0.0000,0.0000,0.0000,0.0000,0.0000,0.0000",5.0
block-words,p03,100,6,6,1,1,8,"10,10,10,8,12,8,0,6,8,6,6,8,6,2,2,12,10,8,6,6","0.0000,0.0000,0.0000,0.0000,0.0000,0.0000,0.9999,0.0000,0.0000,0.0000,0.0000,0.0000,0.0000,0.0000,0.0000,0.0000,0.0000,0.0000,0.0000,0.0000",5.0
block-words,p03,10,7,0,7,0,2,"0,0,0,2,2,2,2,0,2,2,2,2,2,2,2,2,2,0,0,0","0.1428,0.1428,0.1428,0.0000,0.0000,0.0000,0.0000,0.1428,0.0000,0.0000,0.0000,0.0000,0.0000,0.0000,0.0000,0.0000,0.0000,0.1428,0.1428,0.1428",5.0
block-words,p03,30,7,0,4,0,5,"0,0,1,7,6,3,6,0,4,4,6,6,4,6,6,7,7,4,2,0","0.2496,0.2496,0.0017,0.0000,0.0000,0.0000,0.0000,0.2496,0.0000,0.0000,0.0000,0.0000,0.0000,0.0000,0.0000,0.0000,0.0000,0.0000,0.0000,0.2496",5.0
block-words,p03,50,7,7,2,1,7,"3,3,3,9,9,5,9,0,4,6,6,9,6,8,8,9,11,7,6,0","0.0000,0.0000,0.0000,0.0000,0.0000,0.0000,0.0000,0.5000,0.0000,0.0000,0.0000,0.0000,0.0000,0.0000,0.0000,0.0000,0.0000,0.0000,0.0000,0.5000",5.0
block-words,p03,70,7,7,2,1,10,"6,6,8,12,14,12,12,0,6,8,10,12,8,10,10,14,16,10,10,0","0.0000,0.0000,0.0000,0.0000,0.0000,0.0000,0.0000,0.5000,0.0000,0.0000,0.0000,0.0000,0.0000,0.0000,0.0000,0.0000,0.0000,0.0000,0.0000,0.5000",5.0
block-words,p03,100,7,7,2,1,14,"10,10,12,18,16,20,16,0,14,12,16,14,8,14,14,20,18,14,14,0","0.0000,0.0000,0.0000,0.0000,0.0000,0.0000,0.0000,0.5000,0.0000,0.0000,0.0000,0.0000,0.0000,0.0000,0.0000,0.0000,0.0000,0.0000,0.0000,0.5000",5.0
block-words,p03,10,8,0,16,0,1,"0,0,1,0,0,0,0,0,0,0,0,0,0,0,0,0,1,1,1,0","0.0624,0.0624,0.0004,0.0624,0.0624,0.0624,0.0624,0.0624,0.0624,0.0624,0.0624,0.0624,0.0624,0.0624,0.0624,0.0624,0.0004,0.0004,0.0004,0.0624",5.0
block-words,p03,30,8,0,12,0,3,"0,0,3,1,2,1,0,0,0,0,0,0,0,0,0,3,3,2,2,0","0.0832,0.0832,0.0000,0.0006,0.0000,0.0006,0.0832,0.0832,0.0832,0.0832,0.0832,0.0832,0.0832,0.0832,0.0832,0.0000,0.0000,0.0000,0.0000,0.0832",5.0
block-words,p03,50,8,6,6,0,4,"4,4,6,4,6,4,0,2,0,0,2,4,0,0,0,6,6,4,2,2","0.0000,0.0000,0.0000,0.0000,0.0000,0.0000,0.1667,0.0000,0.1667,0.1667,0.0000,0.0000,0.1667,0.1667,0.1667,0.0000,0.0000,0.0000,0.0000,0.0000",5.0
block-words,p03,70,8,8,1,1,6,"8,7,8,8,10,8,4,4,0,4,2,8,4,4,4,10,8,6,6,4","0.0000,0.0000,0.0000,0.0000,0.0000,0.0000,0.0000,0.0000,1.0000,0.0000,0.0000,0.0000,0.0000,0.0000,0.0000,0.0000,0.0000,0.0000,0.0000,0.0000",5.0
block-words,p03,100,8,8,1,1,8,"8,8,8,8,10,8,8,6,0,8,8,8,8,8,8,10,8,8,10,6","0.0000,0.0000,0.0000,0.0000,0.0000,0.0000,0.0000,0.0000,1.0000,0.0000,0.0000,0.0000,0.0000,0.0000,0.0000,0.0000,0.0000,0.0000,0.0000,0.0000",5.0
block-words,p03,10,9,0,15,0,1,"0,0,1,1,0,1,0,0,0,0,0,0,0,0,0,1,1,0,0,0","0.0665,0.0665,0.0004,0.0004,0.0665,0.0004,0.0665,0.0665,0.0665,0.0665,0.0665,0.0665,0.0665,0.0665,0.0665,0.0004,0.0004,0.0665,0.0665,0.0665",5.0
block-words,p03,30,9,7,8,0,3,"2,2,3,2,2,2,2,0,0,0,0,2,0,0,0,2,3,1,1,0","0.0000,0.0000,0.0000,0.0000,0.0000,0.0000,0.0000,0.1248,0.1248,0.1248,0.1248,0.0000,0.1248,0.1248,0.1248,0.0000,0.0000,0.0008,0.0008,0.1248",5.0
block-words,p03,50,9,8,5,0,4,"4,4,6,4,2,4,4,2,0,0,2,4,0,0,0,2,6,2,2,2","0.0000,0.0000,0.0000,0.0000,0.0000,0.0000,0.0000,0.0000,0.2000,0.2000,0.0000,0.0000,0.2000,0.2000,0.2000,0.0000,0.0000,0.0000,0.0000,0.0000",5.0
block-words,p03,70,9,9,4,1,6,"6,6,8,6,4,8,6,2,4,0,4,6,0,0,0,4,8,4,6,2","0.0000,0.0000,0.0000,0.0000,0.0000,0.0000,0.0000,0.0000,0.0000,0.2500,0.0000,0.0000,0.2500,0.2500,0.2500,0.0000,0.0000,0.0000,0.0000,0.0000",5.0
block-words,p03,100,9,9,1,1,8,"6,8,8,6,8,10,8,8,8,0,6,8,4,4,4,8,8,6,8,8","0.0000,0.0000,0.0000,0.0000,0.0000,0.0000,0.0000,0.0000,0.0000,1.0000,0.0000,0.0000,0.0000,0.0000,0.0000,0.0000,0.0000,0.0000,0.0000,0.0000",5.0
block-words,p03,10,10,0,15,0,1,"0,0,0,0,1,0,0,0,1,1,0,0,1,0,0,1,0,0,0,0","0.0665,0.0665,0.0665,0.0665,0.0004,0.0665,0.0665,0.0665,0.0004,0.0004,0.0665,0.0665,0.0004,0.0665,0.0665,0.0004,0.0665,0.0665,0.0665,0.0665",5.0
block-words,p03,30,10,3,3,0,3,"2,2,3,0,4,2,4,2,2,2,0,0,2,2,2,4,1,1,1,2","0.0000,0.0000,0.0000,0.3311,0.0000,0.0000,0.0000,0.0000,0.0000,0.0000,0.3311,0.3311,0.0000,0.0000,0.0000,0.0000,0.0022,0.0022,0.0022,0.0000",5.0
block-words,p03,50,10,3,3,0,5,"2,2,5,0,6,4,4,2,4,2,0,0,2,2,2,6,3,3,3,2","0.0000,0.0000,0.0000,0.3333,0.0000,0.0000,0.0000,0.0000,0.0000,0.0000,0.3333,0.3333,0.0000,0.0000,0.0000,0.0000,0.0000,0.0000,0.0000,0.0000",5.0
block-words,p03,70,10,10,2,1,7,"6,6,9,1,8,7,6,6,6,4,0,0,4,4,4,9,7,6,4,6","0.0000,0.0000,0.0000,0.0034,0.0000,0.0000,0.0000,0.0000,0.0000,0.0000,0.4983,0.4983,0.0000,0.0000,0.0000,0.0000,0.0000,0.0000,0.0000,0.0000",5.0
block-words,p03,100,10,10,1,1,10,"12,11,12,6,14,12,12,8,6,8,0,6,8,8,8,14,10,8,8,8","0.0000,0.0000,0.0000,0.0000,0.0000,0.0000,0.0000,0.0000,0.0000,0.0000,1.0000,0.0000,0.0000,0.0000,0.0000,0.0000,0.0000,0.0000,0.0000,0.0000",5.0
block-words,p03,10,11,0,15,0,1,"0,0,0,0,1,0,0,0,1,1,0,0,1,0,0,1,0,0,0,0","0.0665,0.0665,0.0665,0.0665,0.0004,0.0665,0.0665,0.0665,0.0004,0.0004,0.0665,0.0665,0.0004,0.0665,0.0665,0.0004,0.0665,0.0665,0.0665,0.0665",5.0
block-words,p03,30,11,3,3,0,3,"2,2,3,0,4,2,4,2,2,2,0,0,2,2,2,4,1,1,1,2","0.0000,0.0000,0.0000,0.3311,0.0000,0.0000,0.0000,0.0000,0.0000,0.0000,0.3311,0.3311,0.0000,0.0000,0.0000,0.0000,0.0022,0.0022,0.0022,0.0000",5.0
block-words,p03,50,11,3,3,0,4,"2,2,4,0,6,2,4,2,2,2,0,0,2,2,2,6,2,2,2,2","0.0000,0.0000,0.0000,0.3333,0.0000,0.0000,0.0000,0.0000,0.0000,0.0000,0.3333,0.3333,0.0000,0.0000,0.0000,0.0000,0.0000,0.0000,0.0000,0.0000",5.0
block-words,p03,70,11,3,3,0,6,"6,6,8,0,8,6,6,6,6,4,0,0,4,4,4,8,6,5,4,6","0.0000,0.0000,0.0000,0.3333,0.0000,0.0000,0.0000,0.0000,0.0000,0.0000,0.3333,0.3333,0.0000,0.0000,0.0000,0.0000,0.0000,0.0000,0.0000,0.0000",5.0
block-words,p03,100,11,11,1,1,8,"8,8,10,4,8,10,8,6,8,6,2,0,4,6,6,12,8,8,4,6","0.0000,0.0000,0.0000,0.0000,0.0000,0.0000,0.0000,0.0000,0.0000,0.0000,0.0000,1.0000,0.0000,0.0000,0.0000,0.0000,0.0000,0.0000,0.0000,0.0000",5.0
block-words,p03,10,12,0,16,0,1,"0,0,1,0,0,0,0,0,0,0,0,0,0,0,0,0,1,1,1,0","0.0624,0.0624,0.0004,0.0624,0.0624,0.0624,0.0624,0.0624,0.0624,0.0624,0.0624,0.0624,0.0624,0.0624,0.0624,0.0624,0.0004,0.0004,0.0004,0.0624",5.0
block-words,p03,30,12,0,12,0,3,"0,0,3,1,2,1,0,0,0,0,0,0,0,0,0,3,3,2,2,0","0.0832,0.0832,0.0000,0.0006,0.0000,0.0006,0.0832,0.0832,0.0832,0.0832,0.0832,0.0832,0.0832,0.0832,0.0832,0.0000,0.0000,0.0000,0.0000,0.0832",5.0
block-words,p03,50,12,6,6,0,4,"4,4,6,4,6,4,0,2,0,0,2,4,0,0,0,6,6,4,2,2","0.0000,0.0000,0.0000,0.0000,0.0000,0.0000,0.1667,0.0000,0.1667,0.1667,0.0000,0.0000,0.1667,0.1667,0.1667,0.0000,0.0000,0.0000,0.0000,0.0000",5.0
block-words,p03,70,12,9,4,0,6,"6,6,8,6,8,8,2,2,4,0,4,6,0,0,0,8,8,6,6,2","0.0000,0.0000,0.0000,0.0000,0.0000,0.0000,0.0000,0.0000,0.0000,0.2500,0.0000,0.0000,0.2500,0.2500,0.2500,0.0000,0.0000,0.0000,0.0000,0.0000",5.0
block-words,p03,100,12,12,1,1,8,"6,6,8,8,8,10,6,6,8,4,6,6,0,4,4,10,8,8,8,6","0.0000,0.0000,0.0000,0.0000,0.0000,0.0000,0.0000,0.0000,0.0000,0.0000,0.0000,0.0000,1.0000,0.0000,0.0000,0.0000,0.0000,0.0000,0.0000,0.0000",5.0
block-words,p03,10,13,0,14,0,2,"0,0,2,0,2,0,0,0,0,0,0,0,0,0,0,2,2,2,2,0","0.0714,0.0714,0.0000,0.0714,0.0000,0.0714,0.0714,0.0714,0.0714,0.0714,0.0714,0.0714,0.0714,0.0714,0.0714,0.0000,0.0000,0.0000,0.0000,0.0714",5.0
block-words,p03,30,13,6,6,0,4,"4,4,6,4,6,4,0,2,0,0,2,4,0,0,0,6,6,4,2,2","0.0000,0.0000,0.0000,0.0000,0.0000,0.0000,0.1667,0.0000,0.1667,0.1667,0.0000,0.0000,0.1667,0.1667,0.1667,0.0000,0.0000,0.0000,0.0000,0.0000",5.0
block-words,p03,50,13,9,4,0,6,"6,6,8,6,8,8,2,2,4,0,4,6,0,0,0,8,8,6,6,2","0.0000,0.0000,0.0000,0.0000,0.0000,0.0000,0.0000,0.0000,0.0000,0.2500,0.0000,0.0000,0.2500,0.2500,0.2500,0.0000,0.0000,0.0000,0.0000,0.0000",5.0
block-words,p03,70,13,13,1,1,9,"8,8,10,9,13,8,3,9,9,5,7,9,5,0,1,12,10,7,6,9","0.0000,0.0000,0.0000,0.0000,0.0000,0.0000,0.0000,0.0000,0.0000,0.0000,0.0000,0.0000,0.0000,0.9933,0.0067,0.0000,0.0000,0.0000,0.0000,0.0000",5.0
block-words,p03,100,13,13,1,1,12,"12,12,16,12,14,14,14,12,12,8,10,12,8,0,6,16,16,12,8,12","0.0000,0.0000,0.0000,0.0000,0.0000,0.0000,0.0000,0.0000,0.0000,0.0000,0.0000,0.0000,0.0000,1.0000,0.0000,0.0000,0.0000,0.0000,0.0000,0.0000",5.0
block-words,p03,10,14,0,16,0,1,"0,0,1,0,0,0,0,0,0,0,0,0,0,0,0,0,1,1,1,0","0.0624,0.0624,0.0004,0.0624,0.0624,0.0624,0.0624,0.0624,0.0624,0.0624,0.0624,0.0624,0.0624,0.0624,0.0624,0.0624,0.0004,0.0004,0.0004,0.0624",5.0
block-words,p03,30,14,0,12,0,3,"0,0,3,1,2,1,0,0,0,0,0,0,0,0,0,3,3,2,2,0","0.0832,0.0832,0.0000,0.0006,0.0000,0.0006,0.0832,0.0832,0.0832,0.0832,0.0832,0.0832,0.0832,0.0832,0.0832,0.0000,0.0000,0.0000,0.0000,0.0832",5.0
block-words,p03,50,14,7,8,0,4,"2,2,4,2,4,2,2,0,0,0,0,2,0,0,0,4,4,2,2,0","0.0000,0.0000,0.0000,0.0000,0.0000,0.0000,0.0000,0.1250,0.1250,0.1250,0.1250,0.0000,0.1250,0.1250,0.1250,0.0000,0.0000,0.0000,0.0000,0.1250",5.0
block-words,p03,70,14,7,6,0,6,"4,4,6,4,6,6,4,0,4,0,2,4,0,0,0,6,6,4,6,0","0.0000,0.0000,0.0000,0.0000,0.0000,0.0000,0.0000,0.1667,0.0000,0.1667,0.0000,0.0000,0.1667,0.1667,0.1667,0.0000,0.0000,0.0000,0.0000,0.1667",5.0
block-words,p03,100,14,13,2,0,8,"6,6,8,6,10,6,4,6,8,4,4,6,4,0,0,10,8,4,6,6","0.0000,0.0000,0.0000,0.0000,0.0000,0.0000,0.0000,0.0000,0.0000,0.0000,0.0000,0.0000,0.0000,0.5000,0.5000,0.0000,0.0000,0.0000,0.0000,0.0000",5.0
block-words,p03,10,15,0,16,0,1,"0,0,1,0,0,0,0,0,0,0,0,0,0,0,0,0,1,1,1,0","0.0624,0.0624,0.0004,0.0624,0.0624,0.0624,0.0624,0.0624,0.0624,0.0624,0.0624,0.0624,0.0624,0.0624,0.0624,0.0624,0.0004,0.0004,0.0004,0.0624",5.0
block-words,p03,30,15,4,7,0,2,"2,2,4,2,0,2,2,2,0,0,2,2,0,0,0,0,4,2,2,2","0.0000,0.0000,0.0000,0.0000,0.1428,0.0000,0.0000,0.0000,0.1428,0.1428,0.0000,0.0000,0.1428,0.1428,0.1428,0.1428,0.0000,0.0000,0.0000,0.0000",5.0
block-words,p03,50,15,4,6,0,3,"2,2,5,2,0,4,2,2,2,0,2,2,0,0,0,0,5,3,3,2","0.0000,0.0000,0.0000,0.0000,0.1667,0.0000,0.0000,0.0000,0.0000,0.1667,0.0000,0.0000,0.1667,0.1667,0.1667,0.1667,0.0000,0.0000,0.0000,0.0000",5.0
block-words,p03,70,15,15,1,1,5,"4,4,6,5,1,6,5,5,5,3,5,5,3,2,3,0,6,5,4,5","0.0000,0.0000,0.0000,0.0000,0.0067,0.0000,0.0000,0.0000,0.0000,0.0000,0.0000,0.0000,0.0000,0.0000,0.0000,0.9933,0.0000,0.0000,0.0000,0.0000",5.0
block-words,p03,100,15,15,1,1,6,"6,6,8,8,4,10,8,8,8,6,8,8,6,6,6,0,8,6,6,8","0.0000,0.0000,0.0000,0.0000,0.0000,0.0000,0.0000,0.0000,0.0000,0.0000,0.0000,0.0000,0.0000,0.0000,0.0000,1.0000,0.0000,0.0000,0.0000,0.0000",5.0
block-words,p03,10,16,0,15,0,1,"0,0,0,0,1,0,0,0,1,1,0,0,1,0,0,1,0,0,0,0","0.0665,0.0665,0.0665,0.0665,0.0004,0.0665,0.0665,0.0665,0.0004,0.0004,0.0665,0.0665,0.0004,0.0665,0.0665,0.0004,0.0665,0.0665,0.0665,0.0665",5.0
block-words,p03,30,16,3,6,0,2,"2,2,2,0,4,2,4,2,2,2,0,0,2,2,2,4,0,0,0,2","0.0000,0.0000,0.0000,0.1667,0.0000,0.0000,0.0000,0.0000,0.0000,0.0000,0.1667,0.1667,0.0000,0.0000,0.0000,0.0000,0.1667,0.1667,0.1667,0.0000",5.0
block-words,p03,50,16,16,3,1,3,"3,3,3,1,5,3,5,3,3,3,1,1,3,3,3,5,0,0,0,3","0.0000,0.0000,0.0000,0.0022,0.0000,0.0000,0.0000,0.0000,0.0000,0.0000,0.0022,0.0022,0.0000,0.0000,0.0000,0.0000,0.3311,0.3311,0.3311,0.0000",5.0
block-words,p03,70,16,16,1,1,5,"6,6,6,5,7,6,9,7,5,5,5,5,5,6,7,6,0,3,2,7","0.0000,0.0000,0.0000,0.0000,0.0000,0.0000,0.0000,0.0000,0.0000,0.0000,0.0000,0.0000,0.0000,0.0000,0.0000,0.0000,1.0000,0.0000,0.0000,0.0000",5.0
block-words,p03,100,16,16,1,1,6,"8,8,8,6,8,8,10,8,6,6,6,6,6,8,8,8,0,6,2,8","0.0000,0.0000,0.0000,0.0000,0.0000,0.0000,0.0000,0.0000,0.0000,0.0000,0.0000,0.0000,0.0000,0.0000,0.0000,0.0000,1.0000,0.0000,0.0000,0.0000",5.0
block-words,p03,10,17,0,15,0,1,"0,0,1,1,0,1,0,0,0,0,0,0,0,0,0,1,1,0,0,0","0.0665,0.0665,0.0004,0.0004,0.0665,0.0004,0.0665,0.0665,0.0665,0.0665,0.0665,0.0665,0.0665,0.0665,0.0665,0.0004,0.0004,0.0665,0.0665,0.0665",5.0
block-words,p03,30,17,7,7,0,3,"2,2,2,2,3,2,2,0,1,1,0,2,1,0,0,3,2,0,0,0","0.0000,0.0000,0.0000,0.0000,0.0000,0.0000,0.0000,0.1424,0.0010,0.0010,0.1424,0.0000,0.0010,0.1424,0.1424,0.0000,0.0000,0.1424,0.1424,0.1424",5.0
block-words,p03,50,17,10,3,0,4,"4,4,4,2,6,4,6,2,2,2,0,2,2,2,2,6,2,0,0,2","0.0000,0.0000,0.0000,0.0000,0.0000,0.0000,0.0000,0.0000,0.0000,0.0000,0.3333,0.0000,0.0000,0.0000,0.0000,0.0000,0.0000,0.3333,0.3333,0.0000",5.0
block-words,p03,70,17,17,1,1,6,"8,8,6,4,9,6,10,5,5,4,2,5,5,5,4,8,4,0,2,5","0.0000,0.0000,0.0000,0.0000,0.0000,0.0000,0.0000,0.0000,0.0000,0.0000,0.0000,0.0000,0.0000,0.0000,0.0000,0.0000,0.0000,0.9999,0.0000,0.0000",5.0
block-words,p03,100,17,17,1,1,8,"10,10,8,8,10,8,10,8,8,6,6,10,8,8,6,8,8,0,6,8","0.0000,0.0000,0.0000,0.0000,0.0000,0.0000,0.0000,0.0000,0.0000,0.0000,0.0000,0.0000,0.0000,0.0000,0.0000,0.0000,0.0000,1.0000,0.0000,0.0000",5.0
block-words,p03,10,18,0,15,0,1,"0,0,0,0,1,0,0,0,1,1,0,0,1,0,0,1,0,0,0,0","0.0665,0.0665,0.0665,0.0665,0.0004,0.0665,0.0665,0.0665,0.0004,0.0004,0.0665,0.0665,0.0004,0.0665,0.0665,0.0004,0.0665,0.0665,0.0665,0.0665",5.0
block-words,p03,30,18,0,6,0,3,"0,0,1,3,2,3,2,0,2,2,2,2,2,2,2,3,3,0,0,0","0.1665,0.1665,0.0011,0.0000,0.0000,0.0000,0.0000,0.1665,0.0000,0.0000,0.0000,0.0000,0.0000,0.0000,0.0000,0.0000,0.0000,0.1665,0.1665,0.1665",5.0
block-words,p03,50,18,18,1,1,5,"5,5,5,7,7,7,3,3,3,3,5,7,3,3,3,7,6,2,0,3","0.0000,0.0000,0.0000,0.0000,0.0000,0.0000,0.0000,0.0000,0.0000,0.0000,0.0000,0.0000,0.0000,0.0000,0.0000,0.0000,0.0000,0.0000,1.0000,0.0000",5.0
block-words,p03,70,18,18,1,1,7,"6,6,6,9,9,8,5,7,7,7,9,9,7,6,7,8,8,5,0,7","0.0000,0.0000,0.0000,0.0000,0.0000,0.0000,0.0000,0.0000,0.0000,0.0000,0.0000,0.0000,0.0000,0.0000,0.0000,0.0000,0.0000,0.0000,1.0000,0.0000",5.0
block-words,p03,100,18,18,1,1,10,"8,8,10,10,10,12,10,8,10,10,10,10,10,8,10,12,14,10,0,8","0.0000,0.0000,0.0000,0.0000,0.0000,0.0000,0.0000,0.0000,0.0000,0.0000,0.0000,0.0000,0.0000,0.0000,0.0000,0.0000,0.0000,0.0000,1.0000,0.0000",5.0
block-words,p03,10,19,0,7,0,2,"0,0,0,2,2,2,2,0,2,2,2,2,2,2,2,2,2,0,0,0","0.1428,0.1428,0.1428,0.0000,0.0000,0.0000,0.0000,0.1428,0.0000,0.0000,0.0000,0.0000,0.0000,0.0000,0.0000,0.0000,0.0000,0.1428,0.1428,0.1428",5.0
block-words,p03,30,19,0,4,0,5,"0,0,1,7,6,3,6,0,4,4,6,6,4,6,6,7,7,4,2,0","0.2496,0.2496,0.0017,0.0000,0.0000,0.0000,0.0000,0.2496,0.0000,0.0000,0.0000,0.0000,0.0000,0.0000,0.0000,0.0000,0.0000,0.0000,0.0000,0.2496",5.0
block-words,p03,50,19,7,2,0,7,"3,3,3,9,9,5,9,0,4,6,6,9,6,8,8,9,11,7,6,0","0.0000,0.0000,0.0000,0.0000,0.0000,0.0000,0.0000,0.5000,0.0000,0.0000,0.0000,0.0000,0.0000,0.0000,0.0000,0.0000,0.0000,0.0000,0.0000,0.5000",5.0
block-words,p03,70,19,7,2,0,10,"6,6,8,12,14,12,12,0,6,8,10,12,8,10,10,14,16,10,10,0","0.0000,0.0000,0.0000,0.0000,0.0000,0.0000,0.0000,0.5000,0.0000,0.0000,0.0000,0.0000,0.0000,0.0000,0.0000,0.0000,0.0000,0.0000,0.0000,0.5000",5.0
block-words,p03,100,19,7,2,0,14,"10,10,12,18,16,20,16,0,14,12,16,14,8,14,14,20,18,14,14,0","0.0000,0.0000,0.0000,0.0000,0.0000,0.0000,0.0000,0.5000,0.0000,0.0000,0.0000,0.0000,0.0000,0.0000,0.0000,0.0000,0.0000,0.0000,0.0000,0.5000",5.0
campus,bui-campus_h0_r10_i10,10,0,0,1,1,1,"0,1","0.9933,0.0067",5.0
campus,bui-campus_h0_r10_i10,30,0,0,1,1,3,"0,3","1.0000,0.0000",5.0
campus,bui-campus_h0_r10_i10,50,0,0,1,1,4,"0,4","1.0000,0.0000",5.0
campus,bui-campus_h0_r10_i10,70,0,0,1,1,6,"0,6","1.0000,0.0000",5.0
campus,bui-campus_h0_r10_i10,100,0,0,1,1,8,"1,9","1.0000,0.0000",5.0
campus,bui-campus_h0_r10_i10,10,1,1,1,1,2,"2,0","0.0000,1.0000",5.0
campus,bui-campus_h0_r10_i10,30,1,1,1,1,4,"4,0","0.0000,1.0000",5.0
campus,bui-campus_h0_r10_i10,50,1,1,1,1,6,"8,2","0.0000,1.0000",5.0
campus,bui-campus_h0_r10_i10,70,1,1,1,1,8,"10,2","0.0000,1.0000",5.0
campus,bui-campus_h0_r10_i10,100,1,1,1,1,11,"12,2","0.0000,1.0000",5.0
campus,bui-campus_h0_r10_i2,10,0,0,1,1,1,"0,1","0.9933,0.0067",5.0
campus,bui-campus_h0_r10_i2,30,0,0,1,1,3,"0,2","1.0000,0.0000",5.0
campus,bui-campus_h0_r10_i2,50,0,0,1,1,5,"1,6","1.0000,0.0000",5.0
campus,bui-campus_h0_r10_i2,70,0,0,1,1,7,"2,8","1.0000,0.0000",5.0
campus,bui-campus_h0_r10_i2,100,0,0,1,1,9,"3,10","1.0000,0.0000",5.0
campus,bui-campus_h0_r10_i2,10,1,1,1,1,2,"2,0","0.0000,1.0000",5.0
campus,bui-campus_h0_r10_i2,30,1,1,1,1,4,"4,1","0.0000,1.0000",5.0
campus,bui-campus_h0_r10_i2,50,1,1,1,1,6,"7,3","0.0000,1.0000",5.0
campus,bui-campus_h0_r10_i2,70,1,1,1,1,9,"11,4","0.0000,1.0000",5.0
campus,bui-campus_h0_r10_i2,100,1,1,1,1,12,"14,4","0.0000,1.0000",5.0
campus,bui-campus_h0_r10_i3,10,0,0,1,1,1,"0,1","0.9933,0.0067",5.0
campus,bui-campus_h0_r10_i3,30,0,0,1,1,3,"0,2","1.0000,0.0000",5.0
campus,bui-campus_h0_r10_i3,50,0,0,1,1,5,"1,6","1.0000,0.0000",5.0
campus,bui-campus_h0_r10_i3,70,0,0,1,1,7,"2,8","1.0000,0.0000",5.0
campus,bui-campus_h0_r10_i3,100,0,0,1,1,9,"3,10","1.0000,0.0000",5.0
campus,bui-campus_h0_r10_i3,10,1,1,1,1,2,"2,0","0.0000,1.0000",5.0
campus,bui-campus_h0_r10_i3,30,1,1,1,1,4,"4,1","0.0000,1.0000",5.0
campus,bui-campus_h0_r10_i3,50,1,1,1,1,6,"7,3","0.0000,1.0000",5.0
campus,bui-campus_h0_r10_i3,70,1,1,1,1,9,"11,4","0.0000,1.0000",5.0
campus,bui-campus_h0_r10_i3,100,1,1,1,1,12,"14,4","0.0000,1.0000",5.0
campus,bui-campus_h0_r10_i4,10,0,0,2,1,1,"1,1","0.5000,0.5000",5.0
campus,bui-campus_h0_r10_i4,30,0,0,1,1,3,"2,3","0.9933,0.0067",5.0
campus,bui-campus_h0_r10_i4,50,0,0,1,1,4,"2,4","1.0000,0.0000",5.0
campus,bui-campus_h0_r10_i4,70,0,0,1,1,6,"2,6","1.0000,0.0000",5.0
campus,bui-campus_h0_r10_i4,100,0,0,1,1,8,"3,9","1.0000,0.0000",5.0
campus,bui-campus_h0_r10_i4,10,1,1,1,1,2,"2,0","0.0000,1.0000",5.0
campus,bui-campus_h0_r10_i4,30,1,1,1,1,4,"5,1","0.0000,1.0000",5.0
campus,bui-campus_h0_r10_i4,50,1,1,1,1,6,"8,3","0.0000,1.0000",5.0
campus,bui-campus_h0_r10_i4,70,1,1,1,1,9,"12,4","0.0000,1.0000",5.0
campus,bui-campus_h0_r10_i4,100,1,1,1,1,12,"15,4","0.0000,1.0000",5.0
campus,bui-campus_h0_r10_i5,10,0,0,1,1,1,"0,1","0.9933,0.0067",5.0
campus,bui-campus_h0_r10_i5,30,0,0,1,1,3,"0,2","1.0000,0.0000",5.0
campus,bui-campus_h0_r10_i5,50,0,0,1,1,5,"1,6","1.0000,0.0000",5.0
campus,bui-campus_h0_r10_i5,70,0,0,1,1,7,"2,8","1.0000,0.0000",5.0
campus,bui-campus_h0_r10_i5,100,0,0,1,1,9,"3,10","1.0000,0.0000",5.0
campus,bui-campus_h0_r10_i5,10,1,1,1,1,2,"4,2","0.0000,1.0000",5.0
campus,bui-campus_h0_r10_i5,30,1,1,1,1,4,"5,2","0.0000,1.0000",5.0
campus,bui-campus_h0_r10_i5,50,1,1,1,1,6,"8,4","0.0000,1.0000",5.0
campus,bui-campus_h0_r10_i5,70,1,1,1,1,8,"10,4","0.0000,1.0000",5.0
campus,bui-campus_h0_r10_i5,100,1,1,1,1,11,"13,4","0.0000,1.0000",5.0
campus,bui-campus_h0_r10_i6,10,0,0,1,1,1,"0,1","0.9933,0.0067",5.0
campus,bui-campus_h0_r10_i6,30,0,0,1,1,3,"0,2","1.0000,0.0000",5.0
campus,bui-campus_h0_r10_i6,50,0,0,1,1,5,"1,6","1.0000,0.0000",5.0
campus,bui-campus_h0_r10_i6,70,0,0,1,1,7,"2,8","1.0000,0.0000",5.0
campus,bui-campus_h0_r10_i6,100,0,0,1,1,9,"3,10","1.0000,0.0000",5.0
campus,bui-campus_h0_r10_i6,10,1,1,1,1,2,"2,0","0.0000,1.0000",5.0
campus,bui-campus_h0_r10_i6,30,1,1,1,1,4,"4,1","0.0000,1.0000",5.0
campus,bui-campus_h0_r10_i6,50,1,1,1,1,6,"7,3","0.0000,1.0000",5.0
campus,bui-campus_h0_r10_i6,70,1,1,1,1,9,"11,4","0.0000,1.0000",5.0
campus,bui-campus_h0_r10_i6,100,1,1,1,1,12,"14,4","0.0000,1.0000",5.0
campus,bui-campus_h0_r10_i8,10,0,0,1,1,1,"0,1","0.9933,0.0067",5.0
campus,bui-campus_h0_r10_i8,30,0,0,1,1,3,"0,2","1.0000,0.0000",5.0
campus,bui-campus_h0_r10_i8,50,0,0,1,1,5,"1,6","1.0000,0.0000",5.0
campus,bui-campus_h0_r10_i8,70,0,0,1,1,7,"2,8","1.0000,0.0000",5.0
campus,bui-campus_h0_r10_i8,100,0,0,1,1,9,"3,10","1.0000,0.0000",5.0
campus,bui-campus_h0_r10_i8,10,1,1,1,1,2,"1,0","0.0067,0.9933",5.0
campus,bui-campus_h0_r10_i8,30,1,1,1,1,4,"4,2","0.0000,1.0000",5.0
campus,bui-campus_h0_r10_i8,50,1,1,1,1,6,"8,4","0.0000,1.0000",5.0
campus,bui-campus_h0_r10_i8,70,1,1,1,1,8,"10,4","0.0000,1.0000",5.0
campus,bui-campus_h0_r10_i8,100,1,1,1,1,11,"13,4","0.0000,1.0000",5.0
campus,bui-campus_h0_r30_i11,10,0,0,1,1,1,"0,1","0.9933,0.0067",5.0
campus,bui-campus_h0_r30_i11,30,0,0,1,1,3,"0,3","1.0000,0.0000",5.0
campus,bui-campus_h0_r30_i11,50,0,0,1,1,4,"0,4","1.0000,0.0000",5.0
campus,bui-campus_h0_r30_i11,70,0,0,1,1,6,"0,6","1.0000,0.0000",5.0
campus,bui-campus_h0_r30_i11,100,0,0,1,1,8,"1,9","1.0000,0.0000",5.0
campus,bui-campus_h0_r30_i11,10,1,1,1,1,2,"2,0","0.0000,1.0000",5.0
campus,bui-campus_h0_r30_i11,30,1,1,1,1,4,"4,0","0.0000,1.0000",5.0
campus,bui-campus_h0_r30_i11,50,1,1,1,1,6,"8,2","0.0000,1.0000",5.0
campus,bui-campus_h0_r30_i11,70,1,1,1,1,8,"10,2","0.0000,1.0000",5.0
campus,bui-campus_h0_r30_i11,100,1,1,1,1,11,"12,2","0.0000,1.0000",5.0
campus,bui-campus_h0_r30_i13,10,0,0,1,1,1,"0,1","0.9933,0.0067",5.0
campus,bui-campus_h0_r30_i13,30,0,0,1,1,3,"0,3","1.0000,0.0000",5.0
campus,bui-campus_h0_r30_i13,50,0,0,1,1,4,"0,4","1.0000,0.0000",5.0
campus,bui-campus_h0_r30_i13,70,0,0,1,1,6,"0,6","1.0000,0.0000",5.0
campus,bui-campus_h0_r30_i13,100,0,0,1,1,8,"1,9","1.0000,0.0000",5.0
campus,bui-campus_h0_r30_i13,10,1,1,1,1,2,"2,0","0.0000,1.0000",5.0
campus,bui-campus_h0_r30_i13,30,1,1,1,1,4,"4,0","0.0000,1.0000",5.0
campus,bui-campus_h0_r30_i13,50,1,1,1,1,6,"8,2","0.0000,1.0000",5.0
campus,bui-campus_h0_r30_i13,70,1,1,1,1,8,"10,2","0.0000,1.0000",5.0
campus,bui-campus_h0_r30_i13,100,1,1,1,1,11,"12,2","0.0000,1.0000",5.0
campus,bui-campus_h0_r30_i15,10,0,0,1,1,1,"0,1","0.9933,0.0067",5.0
campus,bui-campus_h0_r30_i15,30,0,0,1,1,3,"0,2","1.0000,0.0000",5.0
campus,bui-campus_h0_r30_i15,50,0,0,1,1,5,"1,6","1.0000,0.0000",5.0
campus,bui-campus_h0_r30_i15,70,0,0,1,1,7,"2,8","1.0000,0.0000",5.0
campus,bui-campus_h0_r30_i15,100,0,0,1,1,9,"3,10","1.0000,0.0000",5.0
campus,bui-campus_h0_r30_i15,10,1,1,1,1,2,"4,2","0.0000,1.0000",5.0
campus,bui-campus_h0_r30_i15,30,1,1,1,1,4,"5,2","0.0000,1.0000",5.0
campus,bui-campus_h0_r30_i15,50,1,1,1,1,6,"8,4","0.0000,1.0000",5.0
campus,bui-campus_h0_r30_i15,70,1,1,1,1,8,"10,4","0.0000,1.0000",5.0
campus,bui-campus_h0_r30_i15,100,1,1,1,1,11,"13,4","0.0000,1.0000",5.0
campus,bui-campus_h0_r30_i17,10,0,0,1,1,1,"0,1","0.9933,0.0067",5.0
campus,bui-campus_h0_r30_i17,30,0,0,1,1,3,"1,3","1.0000,0.0000",5.0
campus,bui-campus_h0_r30_i17,50,0,0,1,1,4,"1,5","1.0000,0.0000",5.0
campus,bui-campus_h0_r30_i17,70,0,0,1,1,6,"2,7","1.0000,0.0000",5.0
campus,bui-campus_h0_r30_i17,100,0,0,1,1,8,"3,9","1.0000,0.0000",5.0
campus,bui-campus_h0_r30_i17,10,1,1,1,1,2,"2,0","0.0000,1.0000",5.0
campus,bui-campus_h0_r30_i17,30,1,1,1,1,4,"3,1","0.0000,1.0000",5.0
campus,bui-campus_h0_r30_i17,50,1,1,1,1,6,"7,3","0.0000,1.0000",5.0
campus,bui-campus_h0_r30_i17,70,1,1,1,1,9,"11,4","0.0000,1.0000",5.0
campus,bui-campus_h0_r30_i17,100,1,1,1,1,12,"14,4","0.0000,1.0000",5.0
campus,bui-campus_h0_r50_i21,10,0,0,1,1,1,"0,1","0.9933,0.0067",5.0
campus,bui-campus_h0_r50_i21,30,0,0,1,1,3,"0,2","1.0000,0.0000",5.0
campus,bui-campus_h0_r50_i21,50,0,0,1,1,5,"1,6","1.0000,0.0000",5.0
campus,bui-campus_h0_r50_i21,70,0,0,1,1,7,"2,8","1.0000,0.0000",5.0
campus,bui-campus_h0_r50_i21,100,0,0,1,1,9,"3,10","1.0000,0.0000",5.0
campus,bui-campus_h0_r50_i21,10,1,1,1,1,2,"2,0","0.0000,1.0000",5.0
campus,bui-campus_h0_r50_i21,30,1,1,1,1,4,"4,1","0.0000,1.0000",5.0
campus,bui-campus_h0_r50_i21,50,1,1,1,1,6,"7,3","0.0000,1.0000",5.0
campus,bui-campus_h0_r50_i21,70,1,1,1,1,9,"11,4","0.0000,1.0000",5.0
campus,bui-campus_h0_r50_i21,100,1,1,1,1,12,"14,4","0.0000,1.0000",5.0
campus,bui-campus_h0_r50_i23,10,0,0,1,1,1,"0,1","0.9933,0.0067",5.0
campus,bui-campus_h0_r50_i23,30,0,0,1,1,3,"0,2","1.0000,0.0000",5.0
campus,bui-campus_h0_r50_i23,50,0,0,1,1,5,"1,6","1.0000,0.0000",5.0
campus,bui-campus_h0_r50_i23,70,0,0,1,1,7,"2,8","1.0000,0.0000",5.0
campus,bui-campus_h0_r50_i23,100,0,0,1,1,9,"3,10","1.0000,0.0000",5.0
campus,bui-campus_h0_r50_i23,10,1,1,1,1,2,"4,2","0.0000,1.0000",5.0
campus,bui-campus_h0_r50_i23,30,1,1,1,1,4,"5,2","0.0000,1.0000",5.0
campus,bui-campus_h0_r50_i23,50,1,1,1,1,6,"8,4","0.0000,1.0000",5.0
campus,bui-campus_h0_r50_i23,70,1,1,1,1,8,"10,4","0.0000,1.0000",5.0
campus,bui-campus_h0_r50_i23,100,1,1,1,1,11,"13,4","0.0000,1.0000",5.0
campus,bui-campus_h0_r50_i24,10,0,0,2,1,1,"1,1","0.5000,0.5000",5.0
campus,bui-campus_h0_r50_i24,30,0,0,1,1,3,"2,3","0.9933,0.0067",5.0
campus,bui-campus_h0_r50_i24,50,0,0,1,1,4,"2,4","1.0000,0.0000",5.0
campus,bui-campus_h0_r50_i24,70,0,0,1,1,6,"2,6","1.0000,0.0000",5.0
campus,bui-campus_h0_r50_i24,100,0,0,1,1,8,"3,9","1.0000,0.0000",5.0
campus,bui-campus_h0_r50_i24,10,1,1,1,1,2,"2,0","0.0000,1.0000",5.0
campus,bui-campus_h0_r50_i24,30,1,1,1,1,4,"5,1","0.0000,1.0000",5.0
campus,bui-campus_h0_r50_i24,50,1,1,1,1,6,"8,3","0.0000,1.0000",5.0
campus,bui-campus_h0_r50_i24,70,1,1,1,1,9,"12,4","0.0000,1.0000",5.0
campus,bui-campus_h0_r50_i24,100,1,1,1,1,12,"15,4","0.0000,1.0000",5.0
campus,bui-campus_h0_r70_i31,10,0,0,1,1,1,"0,1","0.9933,0.0067",5.0
campus,bui-campus_h0_r70_i31,30,0,0,1,1,3,"0,2","1.0000,0.0000",5.0
campus,bui-campus_h0_r70_i31,50,0,0,1,1,5,"1,6","1.0000,0.0000",5.0
campus,bui-campus_h0_r70_i31,70,0,0,1,1,7,"2,8","1.0000,0.0000",5.0
campus,bui-campus_h0_r70_i31,100,0,0,1,1,9,"3,10","1.0000,0.0000",5.0
campus,bui-campus_h0_r70_i31,10,1,1,1,1,2,"2,0","0.0000,1.0000",5.0
campus,bui-campus_h0_r70_i31,30,1,1,1,1,4,"4,1","0.0000,1.0000",5.0
campus,bui-campus_h0_r70_i31,50,1,1,1,1,6,"7,3","0.0000,1.0000",5.0
campus,bui-campus_h0_r70_i31,70,1,1,1,1,9,"11,4","0.0000,1.0000",5.0
campus,bui-campus_h0_r70_i31,100,1,1,1,1,12,"14,4","0.0000,1.0000",5.0
campus,bui-campus_h0_r70_i33,10,0,0,1,1,1,"0,1","0.9933,0.0067",5.0
campus,bui-campus_h0_r70_i33,30,0,0,1,1,3,"0,2","1.0000,0.0000",5.0
campus,bui-campus_h0_r70_i33,50,0,0,1,1,5,"1,6","1.0000,0.0000",5.0
campus,bui-campus_h0_r70_i33,70,0,0,1,1,7,"2,8","1.0000,0.0000",5.0
campus,bui-campus_h0_r70_i33,100,0,0,1,1,9,"3,10","1.0000,0.0000",5.0
campus,bui-campus_h0_r70_i33,10,1,1,1,1,2,"1,0","0.0067,0.9933",5.0
campus,bui-campus_h0_r70_i33,30,1,1,1,1,4,"4,2","0.0000,1.0000",5.0
campus,bui-campus_h0_r70_i33,50,1,1,1,1,6,"8,4","0.0000,1.0000",5.0
campus,bui-campus_h0_r70_i33,70,1,1,1,1,8,"10,4","0.0000,1.0000",5.0
campus,bui-campus_h0_r70_i33,100,1,1,1,1,11,"13,4","0.0000,1.0000",5.0
campus,bui-campus_h0_r70_i34,10,0,0,2,1,1,"1,1","0.5000,0.5000",5.0
campus,bui-campus_h0_r70_i34,30,0,0,1,1,3,"2,3","0.9933,0.0067",5.0
campus,bui-campus_h0_r70_i34,50,0,0,1,1,4,"2,4","1.0000,0.0000",5.0
campus,bui-campus_h0_r70_i34,70,0,0,1,1,6,"2,6","1.0000,0.0000",5.0
campus,bui-campus_h0_r70_i34,100,0,0,1,1,8,"3,9","1.0000,0.0000",5.0
campus,bui-campus_h0_r70_i34,10,1,1,1,1,2,"2,0","0.0000,1.0000",5.0
campus,bui-campus_h0_r70_i34,30,1,1,1,1,4,"5,1","0.0000,1.0000",5.0
campus,bui-campus_h0_r70_i34,50,1,1,1,1,6,"8,3","0.0000,1.0000",5.0
campus,bui-campus_h0_r70_i34,70,1,1,1,1,9,"12,4","0.0000,1.0000",5.0
campus,bui-campus_h0_r70_i34,100,1,1,1,1,12,"15,4","0.0000,1.0000",5.0
campus,bui-campus_h0_r70_i40,10,0,0,1,1,1,"0,1","0.9933,0.0067",5.0
campus,bui-campus_h0_r70_i40,30,0,0,1,1,3,"0,2","1.0000,0.0000",5.0
campus,bui-campus_h0_r70_i40,50,0,0,1,1,5,"1,6","1.0000,0.0000",5.0
campus,bui-campus_h0_r70_i40,70,0,0,1,1,7,"2,8","1.0000,0.0000",5.0
campus,bui-campus_h0_r70_i40,100,0,0,1,1,9,"3,10","1.0000,0.0000",5.0
campus,bui-campus_h0_r70_i40,10,1,1,1,1,2,"1,0","0.0067,0.9933",5.0
campus,bui-campus_h0_r70_i40,30,1,1,1,1,4,"4,2","0.0000,1.0000",5.0
campus,bui-campus_h0_r70_i40,50,1,1,1,1,6,"8,4","0.0000,1.0000",5.0
campus,bui-campus_h0_r70_i40,70,1,1,1,1,8,"10,4","0.0000,1.0000",5.0
campus,bui-campus_h0_r70_i40,100,1,1,1,1,11,"13,4","0.0000,1.0000",5.0
campus,bui-campus_h0_rfull_i42,10,0,0,1,1,1,"0,1","0.9933,0.0067",5.0
campus,bui-campus_h0_rfull_i42,30,0,0,1,1,3,"0,2","1.0000,0.0000",5.0
campus,bui-campus_h0_rfull_i42,50,0,0,1,1,5,"1,6","1.0000,0.0000",5.0
campus,bui-campus_h0_rfull_i42,70,0,0,1,1,7,"2,8","1.0000,0.0000",5.0
campus,bui-campus_h0_rfull_i42,100,0,0,1,1,9,"3,10","1.0000,0.0000",5.0
campus,bui-campus_h0_rfull_i42,10,1,1,1,1,2,"4,2","0.0000,1.0000",5.0
campus,bui-campus_h0_rfull_i42,30,1,1,1,1,4,"5,2","0.0000,1.0000",5.0
campus,bui-campus_h0_rfull_i42,50,1,1,1,1,6,"8,4","0.0000,1.0000",5.0
campus,bui-campus_h0_rfull_i42,70,1,1,1,1,8,"10,4","0.0000,1.0000",5.0
campus,bui-campus_h0_rfull_i42,100,1,1,1,1,11,"13,4","0.0000,1.0000",5.0
campus,bui-campus_h0_rfull_i43,10,0,0,1,1,1,"0,1","0.9933,0.0067",5.0
campus,bui-campus_h0_rfull_i43,30,0,0,1,1,3,"0,2","1.0000,0.0000",5.0
campus,bui-campus_h0_rfull_i43,50,0,0,1,1,5,"1,6","1.0000,0.0000",5.0
campus,bui-campus_h0_rfull_i43,70,0,0,1,1,7,"2,8","1.0000,0.0000",5.0
campus,bui-campus_h0_rfull_i43,100,0,0,1,1,9,"3,10","1.0000,0.0000",5.0
campus,bui-campus_h0_rfull_i43,10,1,1,1,1,2,"2,0","0.0000,1.0000",5.0
campus,bui-campus_h0_rfull_i43,30,1,1,1,1,4,"4,1","0.0000,1.0000",5.0
campus,bui-campus_h0_rfull_i43,50,1,1,1,1,6,"7,3","0.0000,1.0000",5.0
campus,bui-campus_h0_rfull_i43,70,1,1,1,1,9,"11,4","0.0000,1.0000",5.0
campus,bui-campus_h0_rfull_i43,100,1,1,1,1,12,"14,4","0.0000,1.0000",5.0
campus,bui-campus_h0_rfull_i44,10,0,0,1,1,1,"0,1","0.9933,0.0067",5.0
campus,bui-campus_h0_rfull_i44,30,0,0,1,1,3,"0,3","1.0000,0.0000",5.0
campus,bui-campus_h0_rfull_i44,50,0,0,1,1,4,"0,4","1.0000,0.0000",5.0
campus,bui-campus_h0_rfull_i44,70,0,0,1,1,6,"0,6","1.0000,0.0000",5.0
campus,bui-campus_h0_rfull_i44,100,0,0,1,1,8,"1,9","1.0000,0.0000",5.0
campus,bui-campus_h0_rfull_i44,10,1,1,1,1,2,"2,0","0.0000,1.0000",5.0
campus,bui-campus_h0_rfull_i44,30,1,1,1,1,4,"4,0","0.0000,1.0000",5.0
campus,bui-campus_h0_rfull_i44,50,1,1,1,1,6,"8,2","0.0000,1.0000",5.0
campus,bui-campus_h0_rfull_i44,70,1,1,1,1,8,"10,2","0.0000,1.0000",5.0
campus,bui-campus_h0_rfull_i44,100,1,1,1,1,11,"12,2","0.0000,1.0000",5.0
campus,bui-campus_h0_rfull_i46,10,0,0,1,1,1,"0,1","0.9933,0.0067",5.0
campus,bui-campus_h0_rfull_i46,30,0,0,1,1,3,"0,2","1.0000,0.0000",5.0
campus,bui-campus_h0_rfull_i46,50,0,0,1,1,5,"1,6","1.0000,0.0000",5.0
campus,bui-campus_h0_rfull_i46,70,0,0,1,1,7,"2,8","1.0000,0.0000",5.0
campus,bui-campus_h0_rfull_i46,100,0,0,1,1,9,"3,10","1.0000,0.0000",5.0
campus,bui-campus_h0_rfull_i46,10,1,1,1,1,2,"4,2","0.0000,1.0000",5.0
campus,bui-campus_h0_rfull_i46,30,1,1,1,1,4,"5,2","0.0000,1.0000",5.0
campus,bui-campus_h0_rfull_i46,50,1,1,1,1,6,"8,4","0.0000,1.0000",5.0
campus,bui-campus_h0_rfull_i46,70,1,1,1,1,8,"10,4","0.0000,1.0000",5.0
campus,bui-campus_h0_rfull_i46,100,1,1,1,1,11,"13,4","0.0000,1.0000",5.0
campus,bui-campus_h0_rfull_i47,10,0,0,1,1,1,"0,1","0.9933,0.0067",5.0
campus,bui-campus_h0_rfull_i47,30,0,0,1,1,3,"1,3","1.0000,0.0000",5.0
campus,bui-campus_h0_rfull_i47,50,0,0,1,1,4,"1,5","1.0000,0.0000",5.0
campus,bui-campus_h0_rfull_i47,70,0,0,1,1,6,"2,7","1.0000,0.0000",5.0
campus,bui-campus_h0_rfull_i47,100,0,0,1,1,8,"3,9","1.0000,0.0000",5.0
campus,bui-campus_h0_rfull_i47,10,1,1,1,1,2,"2,0","0.0000,1.0000",5.0
campus,bui-campus_h0_rfull_i47,30,1,1,1,1,4,"3,1","0.0000,1.0000",5.0
campus,bui-campus_h0_rfull_i47,50,1,1,1,1,6,"7,3","0.0000,1.0000",5.0
campus,bui-campus_h0_rfull_i47,70,1,1,1,1,9,"11,4","0.0000,1.0000",5.0
campus,bui-campus_h0_rfull_i47,100,1,1,1,1,12,"14,4","0.0000,1.0000",5.0
campus,bui-campus_h0_rfull_i48,10,0,0,1,1,1,"1,2","0.9933,0.0067",5.0
campus,bui-campus_h0_rfull_i48,30,0,0,1,1,3,"2,5","1.0000,0.0000",5.0
campus,bui-campus_h0_rfull_i48,50,0,0,1,1,4,"2,6","1.0000,0.0000",5.0
campus,bui-campus_h0_rfull_i48,70,0,0,1,1,6,"2,8","1.0000,0.0000",5.0
campus,bui-campus_h0_rfull_i48,100,0,0,1,1,8,"3,11","1.0000,0.0000",5.0
campus,bui-campus_h0_rfull_i48,10,1,1,1,1,2,"3,2","0.0067,0.9933",5.0
campus,bui-campus_h0_rfull_i48,30,1,1,1,1,4,"5,2","0.0000,1.0000",5.0
campus,bui-campus_h0_rfull_i48,50,1,1,1,1,6,"9,4","0.0000,1.0000",5.0
campus,bui-campus_h0_rfull_i48,70,1,1,1,1,8,"11,4","0.0000,1.0000",5.0
campus,bui-campus_h0_rfull_i48,100,1,1,1,1,11,"14,4","0.0000,1.0000",5.0
campus,bui-campus_h0_rfull_i49,10,0,0,1,1,1,"0,1","0.9933,0.0067",5.0
campus,bui-campus_h0_rfull_i49,30,0,0,1,1,3,"0,2","1.0000,0.0000",5.0
campus,bui-campus_h0_rfull_i49,50,0,0,1,1,5,"1,6","1.0000,0.0000",5.0
campus,bui-campus_h0_rfull_i49,70,0,0,1,1,7,"2,8","1.0000,0.0000",5.0
campus,bui-campus_h0_rfull_i49,100,0,0,1,1,9,"3,10","1.0000,0.0000",5.0
campus,bui-campus_h0_rfull_i49,10,1,1,1,1,2,"2,0","0.0000,1.0000",5.0
campus,bui-campus_h0_rfull_i49,30,1,1,1,1,4,"3,0","0.0000,1.0000",5.0
campus,bui-campus_h0_rfull_i49,50,1,1,1,1,6,"6,2","0.0000,1.0000",5.0
campus,bui-campus_h0_rfull_i49,70,1,1,1,1,8,"8,2","0.0000,1.0000",5.0
campus,bui-campus_h0_rfull_i49,100,1,1,1,1,11,"11,2","0.0000,1.0000",5.0
campus,bui-campus_h0_rfull_i50,10,0,0,1,1,1,"0,1","0.9933,0.0067",5.0
campus,bui-campus_h0_rfull_i50,30,0,0,1,1,3,"0,2","1.0000,0.0000",5.0
campus,bui-campus_h0_rfull_i50,50,0,0,1,1,5,"1,6","1.0000,0.0000",5.0
campus,bui-campus_h0_rfull_i50,70,0,0,1,1,7,"2,8","1.0000,0.0000",5.0
campus,bui-campus_h0_rfull_i50,100,0,0,1,1,9,"3,10","1.0000,0.0000",5.0
campus,bui-campus_h0_rfull_i50,10,1,1,1,1,2,"2,0","0.0000,1.0000",5.0
campus,bui-campus_h0_rfull_i50,30,1,1,1,1,4,"4,1","0.0000,1.0000",5.0
campus,bui-campus_h0_rfull_i50,50,1,1,1,1,6,"7,3","0.0000,1.0000",5.0
campus,bui-campus_h0_rfull_i50,70,1,1,1,1,9,"11,4","0.0000,1.0000",5.0
campus,bui-campus_h0_rfull_i50,100,1,1,1,1,12,"14,4","0.0000,1.0000",5.0
campus,bui-campus_h1_r10_i1,10,0,0,1,1,1,"0,1","0.9933,0.0067",5.0
campus,bui-campus_h1_r10_i1,30,0,0,1,1,3,"0,2","1.0000,0.0000",5.0
campus,bui-campus_h1_r10_i1,50,0,0,1,1,5,"1,6","1.0000,0.0000",5.0
campus,bui-campus_h1_r10_i1,70,0,0,1,1,7,"2,8","1.0000,0.0000",5.0
campus,bui-campus_h1_r10_i1,100,0,0,1,1,9,"3,10","1.0000,0.0000",5.0
campus,bui-campus_h1_r10_i1,10,1,1,1,1,2,"2,0","0.0000,1.0000",5.0
campus,bui-campus_h1_r10_i1,30,1,1,1,1,4,"4,1","0.0000,1.0000",5.0
campus,bui-campus_h1_r10_i1,50,1,1,1,1,6,"7,3","0.0000,1.0000",5.0
campus,bui-campus_h1_r10_i1,70,1,1,1,1,9,"11,4","0.0000,1.0000",5.0
campus,bui-campus_h1_r10_i1,100,1,1,1,1,12,"14,4","0.0000,1.0000",5.0
campus,bui-campus_h1_r10_i7,10,0,0,2,1,1,"1,1","0.5000,0.5000",5.0
campus,bui-campus_h1_r10_i7,30,0,0,1,1,3,"2,3","0.9933,0.0067",5.0
campus,bui-campus_h1_r10_i7,50,0,0,1,1,4,"2,4","1.0000,0.0000",5.0
campus,bui-campus_h1_r10_i7,70,0,0,1,1,6,"2,6","1.0000,0.0000",5.0
campus,bui-campus_h1_r10_i7,100,0,0,1,1,8,"3,9","1.0000,0.0000",5.0
campus,bui-campus_h1_r10_i7,10,1,1,1,1,2,"2,0","0.0000,1.0000",5.0
campus,bui-campus_h1_r10_i7,30,1,1,1,1,4,"5,1","0.0000,1.0000",5.0
campus,bui-campus_h1_r10_i7,50,1,1,1,1,6,"8,3","0.0000,1.0000",5.0
campus,bui-campus_h1_r10_i7,70,1,1,1,1,9,"12,4","0.0000,1.0000",5.0
campus,bui-campus_h1_r10_i7,100,1,1,1,1,12,"15,4","0.0000,1.0000",5.0
campus,bui-campus_h1_r10_i9,10,0,0,1,1,1,"0,1","0.9933,0.0067",5.0
campus,bui-campus_h1_r10_i9,30,0,0,1,1,3,"0,2","1.0000,0.0000",5.0
campus,bui-campus_h1_r10_i9,50,0,0,1,1,5,"1,6","1.0000,0.0000",5.0
campus,bui-campus_h1_r10_i9,70,0,0,1,1,7,"2,8","1.0000,0.0000",5.0
campus,bui-campus_h1_r10_i9,100,0,0,1,1,9,"3,10","1.0000,0.0000",5.0
campus,bui-campus_h1_r10_i9,10,1,1,1,1,2,"2,0","0.0000,1.0000",5.0
campus,bui-campus_h1_r10_i9,30,1,1,1,1,4,"4,1","0.0000,1.0000",5.0
campus,bui-campus_h1_r10_i9,50,1,1,1,1,6,"7,3","0.0000,1.0000",5.0
campus,bui-campus_h1_r10_i9,70,1,1,1,1,9,"11,4","0.0000,1.0000",5.0
campus,bui-campus_h1_r10_i9,100,1,1,1,1,12,"14,4","0.0000,1.0000",5.0
campus,bui-campus_h1_r30_i12,10,0,0,1,1,1,"0,1","0.9933,0.0067",5.0
campus,bui-campus_h1_r30_i12,30,0,0,1,1,3,"0,3","1.0000,0.0000",5.0
campus,bui-campus_h1_r30_i12,50,0,0,1,1,4,"0,4","1.0000,0.0000",5.0
campus,bui-campus_h1_r30_i12,70,0,0,1,1,6,"0,6","1.0000,0.0000",5.0
campus,bui-campus_h1_r30_i12,100,0,0,1,1,8,"1,9","1.0000,0.0000",5.0
campus,bui-campus_h1_r30_i12,10,1,1,1,1,2,"2,0","0.0000,1.0000",5.0
campus,bui-campus_h1_r30_i12,30,1,1,1,1,4,"4,0","0.0000,1.0000",5.0
campus,bui-campus_h1_r30_i12,50,1,1,1,1,6,"8,2","0.0000,1.0000",5.0
campus,bui-campus_h1_r30_i12,70,1,1,1,1,8,"10,2","0.0000,1.0000",5.0
campus,bui-campus_h1_r30_i12,100,1,1,1,1,11,"12,2","0.0000,1.0000",5.0
campus,bui-campus_h1_r30_i14,10,0,0,1,1,1,"1,2","0.9933,0.0067",5.0
campus,bui-campus_h1_r30_i14,30,0,0,1,1,3,"2,5","1.0000,0.0000",5.0
campus,bui-campus_h1_r30_i14,50,0,0,1,1,4,"2,6","1.0000,0.0000",5.0
campus,bui-campus_h1_r30_i14,70,0,0,1,1,6,"2,8","1.0000,0.0000",5.0
campus,bui-campus_h1_r30_i14,100,0,0,1,1,8,"3,11","1.0000,0.0000",5.0
campus,bui-campus_h1_r30_i14,10,1,1,1,1,2,"3,2","0.0067,0.9933",5.0
campus,bui-campus_h1_r30_i14,30,1,1,1,1,4,"5,2","0.0000,1.0000",5.0
campus,bui-campus_h1_r30_i14,50,1,1,1,1,6,"9,4","0.0000,1.0000",5.0
campus,bui-campus_h1_r30_i14,70,1,1,1,1,8,"11,4","0.0000,1.0000",5.0
campus,bui-campus_h1_r30_i14,100,1,1,1,1,11,"14,4","0.0000,1.0000",5.0
campus,bui-campus_h1_r30_i16,10,0,0,1,1,1,"0,1","0.9933,0.0067",5.0
campus,bui-campus_h1_r30_i16,30,0,0,1,1,3,"0,2","1.0000,0.0000",5.0
campus,bui-campus_h1_r30_i16,50,0,0,1,1,5,"1,6","1.0000,0.0000",5.0
campus,bui-campus_h1_r30_i16,70,0,0,1,1,7,"2,8","1.0000,0.0000",5.0
campus,bui-campus_h1_r30_i16,100,0,0,1,1,9,"3,10","1.0000,0.0000",5.0
campus,bui-campus_h1_r30_i16,10,1,1,1,1,2,"2,0","0.0000,1.0000",5.0
campus,bui-campus_h1_r30_i16,30,1,1,1,1,4,"4,1","0.0000,1.0000",5.0
campus,bui-campus_h1_r30_i16,50,1,1,1,1,6,"7,3","0.0000,1.0000",5.0
campus,bui-campus_h1_r30_i16,70,1,1,1,1,9,"11,4","0.0000,1.0000",5.0
campus,bui-campus_h1_r30_i16,100,1,1,1,1,12,"14,4","0.0000,1.0000",5.0
campus,bui-campus_h1_r30_i18,10,0,0,1,1,1,"0,1","0.9933,0.0067",5.0
campus,bui-campus_h1_r30_i18,30,0,0,1,1,3,"1,3","1.0000,0.0000",5.0
campus,bui-campus_h1_r30_i18,50,0,0,1,1,4,"1,5","1.0000,0.0000",5.0
campus,bui-campus_h1_r30_i18,70,0,0,1,1,6,"2,7","1.0000,0.0000",5.0
campus,bui-campus_h1_r30_i18,100,0,0,1,1,8,"3,9","1.0000,0.0000",5.0
campus,bui-campus_h1_r30_i18,10,1,1,1,1,2,"2,0","0.0000,1.0000",5.0
campus,bui-campus_h1_r30_i18,30,1,1,1,1,4,"3,1","0.0000,1.0000",5.0
campus,bui-campus_h1_r30_i18,50,1,1,1,1,6,"7,3","0.0000,1.0000",5.0
campus,bui-campus_h1_r30_i18,70,1,1,1,1,9,"11,4","0.0000,1.0000",5.0
campus,bui-campus_h1_r30_i18,100,1,1,1,1,12,"14,4","0.0000,1.0000",5.0
campus,bui-campus_h1_r30_i19,10,0,0,1,1,1,"0,1","0.9933,0.0067",5.0
campus,bui-campus_h1_r30_i19,30,0,0,1,1,3,"0,2","1.0000,0.0000",5.0
campus,bui-campus_h1_r30_i19,50,0,0,1,1,5,"1,6","1.0000,0.0000",5.0
campus,bui-campus_h1_r30_i19,70,0,0,1,1,7,"2,8","1.0000,0.0000",5.0
campus,bui-campus_h1_r30_i19,100,0,0,1,1,9,"3,10","1.0000,0.0000",5.0
campus,bui-campus_h1_r30_i19,10,1,1,1,1,2,"2,0","0.0000,1.0000",5.0
campus,bui-campus_h1_r30_i19,30,1,1,1,1,4,"3,0","0.0000,1.0000",5.0
campus,bui-campus_h1_r30_i19,50,1,1,1,1,6,"6,2","0.0000,1.0000",5.0
campus,bui-campus_h1_r30_i19,70,1,1,1,1,8,"8,2","0.0000,1.0000",5.0
campus,bui-campus_h1_r30_i19,100,1,1,1,1,11,"11,2","0.0000,1.0000",5.0
campus,bui-campus_h1_r30_i20,10,0,0,1,1,1,"0,1","0.9933,0.0067",5.0
campus,bui-campus_h1_r30_i20,30,0,0,1,1,3,"0,2","1.0000,0.0000",5.0
campus,bui-campus_h1_r30_i20,50,0,0,1,1,5,"1,6","1.0000,0.0000",5.0
campus,bui-campus_h1_r30_i20,70,0,0,1,1,7,"2,8","1.0000,0.0000",5.0
campus,bui-campus_h1_r30_i20,100,0,0,1,1,9,"3,10","1.0000,0.0000",5.0
campus,bui-campus_h1_r30_i20,10,1,1,1,1,2,"2,0","0.0000,1.0000",5.0
campus,bui-campus_h1_r30_i20,30,1,1,1,1,4,"4,1","0.0000,1.0000",5.0
campus,bui-campus_h1_r30_i20,50,1,1,1,1,6,"7,3","0.0000,1.0000",5.0
campus,bui-campus_h1_r30_i20,70,1,1,1,1,9,"11,4","0.0000,1.0000",5.0
campus,bui-campus_h1_r30_i20,100,1,1,1,1,12,"14,4","0.0000,1.0000",5.0
campus,bui-campus_h1_r50_i22,10,0,0,1,1,1,"0,1","0.9933,0.0067",5.0
campus,bui-campus_h1_r50_i22,30,0,0,1,1,3,"0,2","1.0000,0.0000",5.0
campus,bui-campus_h1_r50_i22,50,0,0,1,1,5,"1,6","1.0000,0.0000",5.0
campus,bui-campus_h1_r50_i22,70,0,0,1,1,7,"2,8","1.0000,0.0000",5.0
campus,bui-campus_h1_r50_i22,100,0,0,1,1,9,"3,10","1.0000,0.0000",5.0
campus,bui-campus_h1_r50_i22,10,1,1,1,1,2,"4,2","0.0000,1.0000",5.0
campus,bui-campus_h1_r50_i22,30,1,1,1,1,4,"5,2","0.0000,1.0000",5.0
campus,bui-campus_h1_r50_i22,50,1,1,1,1,6,"8,4","0.0000,1.0000",5.0
campus,bui-campus_h1_r50_i22,70,1,1,1,1,8,"10,4","0.0000,1.0000",5.0
campus,bui-campus_h1_r50_i22,100,1,1,1,1,11,"13,4","0.0000,1.0000",5.0
campus,bui-campus_h1_r50_i25,10,0,0,1,1,1,"0,1","0.9933,0.0067",5.0
campus,bui-campus_h1_r50_i25,30,0,0,1,1,3,"1,3","1.0000,0.0000",5.0
campus,bui-campus_h1_r50_i25,50,0,0,1,1,4,"1,5","1.0000,0.0000",5.0
campus,bui-campus_h1_r50_i25,70,0,0,1,1,6,"2,7","1.0000,0.0000",5.0
campus,bui-campus_h1_r50_i25,100,0,0,1,1,8,"3,9","1.0000,0.0000",5.0
campus,bui-campus_h1_r50_i25,10,1,1,1,1,2,"2,0","0.0000,1.0000",5.0
campus,bui-campus_h1_r50_i25,30,1,1,1,1,4,"3,1","0.0000,1.0000",5.0
campus,bui-campus_h1_r50_i25,50,1,1,1,1,6,"7,3","0.0000,1.0000",5.0
campus,bui-campus_h1_r50_i25,70,1,1,1,1,9,"11,4","0.0000,1.0000",5.0
campus,bui-campus_h1_r50_i25,100,1,1,1,1,12,"14,4","0.0000,1.0000",5.0
campus,bui-campus_h1_r50_i26,10,0,0,1,1,1,"0,1","0.9933,0.0067",5.0
campus,bui-campus_h1_r50_i26,30,0,0,1,1,3,"0,2","1.0000,0.0000",5.0
campus,bui-campus_h1_r50_i26,50,0,0,1,1,5,"1,6","1.0000,0.0000",5.0
campus,bui-campus_h1_r50_i26,70,0,0,1,1,7,"2,8","1.0000,0.0000",5.0
campus,bui-campus_h1_r50_i26,100,0,0,1,1,9,"3,10","1.0000,0.0000",5.0
campus,bui-campus_h1_r50_i26,10,1,1,1,1,2,"2,0","0.0000,1.0000",5.0
campus,bui-campus_h1_r50_i26,30,1,1,1,1,4,"4,1","0.0000,1.0000",5.0
campus,bui-campus_h1_r50_i26,50,1,1,1,1,6,"7,3","0.0000,1.0000",5.0
campus,bui-campus_h1_r50_i26,70,1,1,1,1,9,"11,4","0.0000,1.0000",5.0
campus,bui-campus_h1_r50_i26,100,1,1,1,1,12,"14,4","0.0000,1.0000",5.0
campus,bui-campus_h1_r50_i27,10,0,0,1,1,1,"0,1","0.9933,0.0067",5.0
campus,bui-campus_h1_r50_i27,30,0,0,1,1,3,"0,2","1.0000,0.0000",5.0
campus,bui-campus_h1_r50_i27,50,0,0,1,1,5,"1,6","1.0000,0.0000",5.0
campus,bui-campus_h1_r50_i27,70,0,0,1,1,7,"2,8","1.0000,0.0000",5.0
campus,bui-campus_h1_r50_i27,100,0,0,1,1,9,"3,10","1.0000,0.0000",5.0
campus,bui-campus_h1_r50_i27,10,1,1,1,1,2,"2,0","0.0000,1.0000",5.0
campus,bui-campus_h1_r50_i27,30,1,1,1,1,4,"4,1","0.0000,1.0000",5.0
campus,bui-campus_h1_r50_i27,50,1,1,1,1,6,"7,3","0.0000,1.0000",5.0
campus,bui-campus_h1_r50_i27,70,1,1,1,1,9,"11,4","0.0000,1.0000",5.0
campus,bui-campus_h1_r50_i27,100,1,1,1,1,12,"14,4","0.0000,1.0000",5.0
campus,bui-campus_h1_r50_i28,10,0,0,1,1,1,"0,1","0.9933,0.0067",5.0
campus,bui-campus_h1_r50_i28,30,0,0,1,1,3,"0,2","1.0000,0.0000",5.0
campus,bui-campus_h1_r50_i28,50,0,0,1,1,5,"1,6","1.0000,0.0000",5.0
campus,bui-campus_h1_r50_i28,70,0,0,1,1,7,"2,8","1.0000,0.0000",5.0
campus,bui-campus_h1_r50_i28,100,0,0,1,1,9,"3,10","1.0000,0.0000",5.0
campus,bui-campus_h1_r50_i28,10,1,1,1,1,2,"2,0","0.0000,1.0000",5.0
campus,bui-campus_h1_r50_i28,30,1,1,1,1,4,"3,0","0.0000,1.0000",5.0
campus,bui-campus_h1_r50_i28,50,1,1,1,1,6,"6,2","0.0000,1.0000",5.0
campus,bui-campus_h1_r50_i28,70,1,1,1,1,8,"8,2","0.0000,1.0000",5.0
campus,bui-campus_h1_r50_i28,100,1,1,1,1,11,"11,2","0.0000,1.0000",5.0
campus,bui-campus_h1_r50_i29,10,0,0,1,1,1,"0,1","0.9933,0.0067",5.0
campus,bui-campus_h1_r50_i29,30,0,0,1,1,3,"0,2","1.0000,0.0000",5.0
campus,bui-campus_h1_r50_i29,50,0,0,1,1,5,"1,6","1.0000,0.0000",5.0
campus,bui-campus_h1_r50_i29,70,0,0,1,1,7,"2,8","1.0000,0.0000",5.0
campus,bui-campus_h1_r50_i29,100,0,0,1,1,9,"3,10","1.0000,0.0000",5.0
campus,bui-campus_h1_r50_i29,10,1,1,1,1,2,"2,0","0.0000,1.0000",5.0
campus,bui-campus_h1_r50_i29,30,1,1,1,1,4,"4,1","0.0000,1.0000",5.0
campus,bui-campus_h1_r50_i29,50,1,1,1,1,6,"7,3","0.0000,1.0000",5.0
campus,bui-campus_h1_r50_i29,70,1,1,1,1,9,"11,4","0.0000,1.0000",5.0
campus,bui-campus_h1_r50_i29,100,1,1,1,1,12,"14,4","0.0000,1.0000",5.0
campus,bui-campus_h1_r50_i30,10,0,0,1,1,1,"0,1","0.9933,0.0067",5.0
campus,bui-campus_h1_r50_i30,30,0,0,1,1,3,"0,2","1.0000,0.0000",5.0
campus,bui-campus_h1_r50_i30,50,0,0,1,1,5,"1,6","1.0000,0.0000",5.0
campus,bui-campus_h1_r50_i30,70,0,0,1,1,7,"2,8","1.0000,0.0000",5.0
campus,bui-campus_h1_r50_i30,100,0,0,1,1,9,"3,10","1.0000,0.0000",5.0
campus,bui-campus_h1_r50_i30,10,1,1,1,1,2,"2,0","0.0000,1.0000",5.0
campus,bui-campus_h1_r50_i30,30,1,1,1,1,4,"4,1","0.0000,1.0000",5.0
campus,bui-campus_h1_r50_i30,50,1,1,1,1,6,"7,3","0.0000,1.0000",5.0
campus,bui-campus_h1_r50_i30,70,1,1,1,1,9,"11,4","0.0000,1.0000",5.0
campus,bui-campus_h1_r50_i30,100,1,1,1,1,12,"14,4","0.0000,1.0000",5.0
campus,bui-campus_h1_r70_i32,10,0,0,1,1,1,"0,1","0.9933,0.0067",5.0
campus,bui-campus_h1_r70_i32,30,0,0,1,1,3,"0,2","1.0000,0.0000",5.0
campus,bui-campus_h1_r70_i32,50,0,0,1,1,5,"1,6","1.0000,0.0000",5.0
campus,bui-campus_h1_r70_i32,70,0,0,1,1,7,"2,8","1.0000,0.0000",5.0
campus,bui-campus_h1_r70_i32,100,0,0,1,1,9,"3,10","1.0000,0.0000",5.0
campus,bui-campus_h1_r70_i32,10,1,1,1,1,2,"4,2","0.0000,1.0000",5.0
campus,bui-campus_h1_r70_i32,30,1,1,1,1,4,"5,2","0.0000,1.0000",5.0
campus,bui-campus_h1_r70_i32,50,1,1,1,1,6,"8,4","0.0000,1.0000",5.0
campus,bui-campus_h1_r70_i32,70,1,1,1,1,8,"10,4","0.0000,1.0000",5.0
campus,bui-campus_h1_r70_i32,100,1,1,1,1,11,"13,4","0.0000,1.0000",5.0
campus,bui-campus_h1_r70_i35,10,0,0,1,1,1,"0,1","0.9933,0.0067",5.0
campus,bui-campus_h1_r70_i35,30,0,0,1,1,3,"0,2","1.0000,0.0000",5.0
campus,bui-campus_h1_r70_i35,50,0,0,1,1,5,"1,6","1.0000,0.0000",5.0
campus,bui-campus_h1_r70_i35,70,0,0,1,1,7,"2,8","1.0000,0.0000",5.0
campus,bui-campus_h1_r70_i35,100,0,0,1,1,9,"3,10","1.0000,0.0000",5.0
campus,bui-campus_h1_r70_i35,10,1,1,1,1,2,"4,2","0.0000,1.0000",5.0
campus,bui-campus_h1_r70_i35,30,1,1,1,1,4,"5,2","0.0000,1.0000",5.0
campus,bui-campus_h1_r70_i35,50,1,1,1,1,6,"8,4","0.0000,1.0000",5.0
campus,bui-campus_h1_r70_i35,70,1,1,1,1,8,"10,4","0.0000,1.0000",5.0
campus,bui-campus_h1_r70_i35,100,1,1,1,1,11,"13,4","0.0000,1.0000",5.0
campus,bui-campus_h1_r70_i36,10,0,0,1,1,1,"0,1","0.9933,0.0067",5.0
campus,bui-campus_h1_r70_i36,30,0,0,1,1,3,"0,2","1.0000,0.0000",5.0
campus,bui-campus_h1_r70_i36,50,0,0,1,1,5,"1,6","1.0000,0.0000",5.0
campus,bui-campus_h1_r70_i36,70,0,0,1,1,7,"2,8","1.0000,0.0000",5.0
campus,bui-campus_h1_r70_i36,100,0,0,1,1,9,"3,10","1.0000,0.0000",5.0
campus,bui-campus_h1_r70_i36,10,1,1,1,1,2,"2,0","0.0000,1.0000",5.0
campus,bui-campus_h1_r70_i36,30,1,1,1,1,4,"4,1","0.0000,1.0000",5.0
campus,bui-campus_h1_r70_i36,50,1,1,1,1,6,"7,3","0.0000,1.0000",5.0
campus,bui-campus_h1_r70_i36,70,1,1,1,1,9,"11,4","0.0000,1.0000",5.0
campus,bui-campus_h1_r70_i36,100,1,1,1,1,12,"14,4","0.0000,1.0000",5.0
campus,bui-campus_h1_r70_i37,10,0,0,1,1,1,"0,1","0.9933,0.0067",5.0
campus,bui-campus_h1_r70_i37,30,0,0,1,1,3,"0,2","1.0000,0.0000",5.0
campus,bui-campus_h1_r70_i37,50,0,0,1,1,5,"1,6","1.0000,0.0000",5.0
campus,bui-campus_h1_r70_i37,70,0,0,1,1,7,"2,8","1.0000,0.0000",5.0
campus,bui-campus_h1_r70_i37,100,0,0,1,1,9,"3,10","1.0000,0.0000",5.0
campus,bui-campus_h1_r70_i37,10,1,1,1,1,2,"4,2","0.0000,1.0000",5.0
campus,bui-campus_h1_r70_i37,30,1,1,1,1,4,"5,2","0.0000,1.0000",5.0
campus,bui-campus_h1_r70_i37,50,1,1,1,1,6,"8,4","0.0000,1.0000",5.0
campus,bui-campus_h1_r70_i37,70,1,1,1,1,8,"10,4","0.0000,1.0000",5.0
campus,bui-campus_h1_r70_i37,100,1,1,1,1,11,"13,4","0.0000,1.0000",5.0
campus,bui-campus_h1_r70_i38,10,0,0,1,1,1,"0,1","0.9933,0.0067",5.0
campus,bui-campus_h1_r70_i38,30,0,0,1,1,3,"0,2","1.0000,0.0000",5.0
campus,bui-campus_h1_r70_i38,50,0,0,1,1,5,"1,6","1.0000,0.0000",5.0
campus,bui-campus_h1_r70_i38,70,0,0,1,1,7,"2,8","1.0000,0.0000",5.0
campus,bui-campus_h1_r70_i38,100,0,0,1,1,9,"3,10","1.0000,0.0000",5.0
campus,bui-campus_h1_r70_i38,10,1,1,1,1,2,"2,0","0.0000,1.0000",5.0
campus,bui-campus_h1_r70_i38,30,1,1,1,1,4,"3,0","0.0000,1.0000",5.0
campus,bui-campus_h1_r70_i38,50,1,1,1,1,6,"6,2","0.0000,1.0000",5.0
campus,bui-campus_h1_r70_i38,70,1,1,1,1,8,"8,2","0.0000,1.0000",5.0
campus,bui-campus_h1_r70_i38,100,1,1,1,1,11,"11,2","0.0000,1.0000",5.0
campus,bui-campus_h1_r70_i39,10,0,0,1,1,1,"0,1","0.9933,0.0067",5.0
campus,bui-campus_h1_r70_i39,30,0,0,1,1,3,"1,3","1.0000,0.0000",5.0
campus,bui-campus_h1_r70_i39,50,0,0,1,1,4,"1,5","1.0000,0.0000",5.0
campus,bui-campus_h1_r70_i39,70,0,0,1,1,6,"2,7","1.0000,0.0000",5.0
campus,bui-campus_h1_r70_i39,100,0,0,1,1,8,"3,9","1.0000,0.0000",5.0
campus,bui-campus_h1_r70_i39,10,1,1,1,1,2,"2,0","0.0000,1.0000",5.0
campus,bui-campus_h1_r70_i39,30,1,1,1,1,4,"3,1","0.0000,1.0000",5.0
campus,bui-campus_h1_r70_i39,50,1,1,1,1,6,"7,3","0.0000,1.0000",5.0
campus,bui-campus_h1_r70_i39,70,1,1,1,1,9,"11,4","0.0000,1.0000",5.0
campus,bui-campus_h1_r70_i39,100,1,1,1,1,12,"14,4","0.0000,1.0000",5.0
campus,bui-campus_h1_rfull_i41,10,0,0,1,1,1,"0,1","0.9933,0.0067",5.0
campus,bui-campus_h1_rfull_i41,30,0,0,1,1,3,"0,3","1.0000,0.0000",5.0
campus,bui-campus_h1_rfull_i41,50,0,0,1,1,4,"0,4","1.0000,0.0000",5.0
campus,bui-campus_h1_rfull_i41,70,0,0,1,1,6,"0,6","1.0000,0.0000",5.0
campus,bui-campus_h1_rfull_i41,100,0,0,1,1,8,"1,9","1.0000,0.0000",5.0
campus,bui-campus_h1_rfull_i41,10,1,1,1,1,2,"2,0","0.0000,1.0000",5.0
campus,bui-campus_h1_rfull_i41,30,1,1,1,1,4,"4,0","0.0000,1.0000",5.0
campus,bui-campus_h1_rfull_i41,50,1,1,1,1,6,"8,2","0.0000,1.0000",5.0
campus,bui-campus_h1_rfull_i41,70,1,1,1,1,8,"10,2","0.0000,1.0000",5.0
campus,bui-campus_h1_rfull_i41,100,1,1,1,1,11,"12,2","0.0000,1.0000",5.0
campus,bui-campus_h1_rfull_i45,10,0,0,1,1,1,"0,1","0.9933,0.0067",5.0
campus,bui-campus_h1_rfull_i45,30,0,0,1,1,3,"0,2","1.0000,0.0000",5.0
campus,bui-campus_h1_rfull_i45,50,0,0,1,1,5,"1,6","1.0000,0.0000",5.0
campus,bui-campus_h1_rfull_i45,70,0,0,1,1,7,"2,8","1.0000,0.0000",5.0
campus,bui-campus_h1_rfull_i45,100,0,0,1,1,9,"3,10","1.0000,0.0000",5.0
campus,bui-campus_h1_rfull_i45,10,1,1,1,1,2,"2,0","0.0000,1.0000",5.0
campus,bui-campus_h1_rfull_i45,30,1,1,1,1,4,"4,1","0.0000,1.0000",5.0
campus,bui-campus_h1_rfull_i45,50,1,1,1,1,6,"7,3","0.0000,1.0000",5.0
campus,bui-campus_h1_rfull_i45,70,1,1,1,1,9,"11,4","0.0000,1.0000",5.0
campus,bui-campus_h1_rfull_i45,100,1,1,1,1,12,"14,4","0.0000,1.0000",5.0
grid,p01,10,0,0,1,1,1,"0,1","0.9933,0.0067",5.0
grid,p01,30,0,0,1,1,3,"0,4","1.0000,0.0000",5.0
grid,p01,50,0,0,1,1,5,"0,7","1.0000,0.0000",5.0
grid,p01,70,0,0,1,1,7,"0,7","1.0000,0.0000",5.0
grid,p01,100,0,0,1,1,9,"0,10","1.0000,0.0000",5.0
grid,p01,10,1,1,1,1,1,"1,0","0.0067,0.9933",5.0
grid,p01,30,1,1,1,1,3,"4,0","0.0000,1.0000",5.0
grid,p01,50,1,1,1,1,5,"7,0","0.0000,1.0000",5.0
grid,p01,70,1,1,1,1,7,"7,0","0.0000,1.0000",5.0
grid,p01,100,1,1,1,1,9,"10,0","0.0000,1.0000",5.0
grid,p02,10,0,0,3,1,3,"0,0,0","0.3333,0.3333,0.3333",5.0
grid,p02,30,0,0,3,1,9,"0,0,0","0.3333,0.3333,0.3333",5.0
grid,p02,50,0,0,2,1,15,"0,0,3","0.5000,0.5000,0.0000",5.0
grid,p02,70,0,0,2,1,21,"0,0,14","0.5000,0.5000,0.0000",5.0
grid,p02,100,0,0,1,1,30,"0,14,22","1.0000,0.0000,0.0000",5.0
grid,p02,10,1,0,3,0,3,"0,0,0","0.3333,0.3333,0.3333",5.0
grid,p02,30,1,0,3,0,7,"0,0,0","0.3333,0.3333,0.3333",5.0
grid,p02,50,1,0,3,0,11,"0,0,0","0.3333,0.3333,0.3333",5.0
grid,p02,70,1,0,2,0,16,"0,0,5","0.5000,0.5000,0.0000",5.0
grid,p02,100,1,0,2,0,22,"0,0,16","0.5000,0.5000,0.0000",5.0
grid,p02,10,2,0,3,0,2,"0,0,0","0.3333,0.3333,0.3333",5.0
grid,p02,30,2,0,3,0,4,"0,0,0","0.3333,0.3333,0.3333",5.0
grid,p02,50,2,0,3,0,7,"0,0,0","0.3333,0.3333,0.3333",5.0
grid,p02,70,2,0,3,0,10,"0,0,0","0.3333,0.3333,0.3333",5.0
grid,p02,100,2,0,3,0,13,"0,0,0","0.3333,0.3333,0.3333",5.0
grid,p03,10,0,0,1,1,1,"0,1","0.9933,0.0067",5.0
grid,p03,30,0,0,1,1,2,"0,2","1.0000,0.0000",5.0
grid,p03,50,0,0,1,1,2,"0,2","1.0000,0.0000",5.0
grid,p03,70,0,0,1,1,3,"0,4","1.0000,0.0000",5.0
grid,p03,100,0,0,1,1,4,"0,6","1.0000,0.0000",5.0
grid,p03,10,1,1,1,1,1,"1,0","0.0067,0.9933",5.0
grid,p03,30,1,1,1,1,2,"2,0","0.0000,1.0000",5.0
grid,p03,50,1,1,1,1,2,"2,0","0.0000,1.0000",5.0
grid,p03,70,1,1,1,1,3,"4,0","0.0000,1.0000",5.0
grid,p03,100,1,1,1,1,4,"6,0","0.0000,1.0000",5.0
grid,p04,10,0,0,1,1,1,"0,1,1","0.9867,0.0066,0.0066",5.0
grid,p04,30,0,0,1,1,1,"0,1,1","0.9867,0.0066,0.0066",5.0
grid,p04,50,0,0,1,1,2,"0,2,2","0.9999,0.0000,0.0000",5.0
grid,p04,70,0,0,1,1,3,"0,4,4","1.0000,0.0000,0.0000",5.0
grid,p04,100,0,0,1,1,3,"0,4,4","1.0000,0.0000,0.0000",5.0
grid,p04,10,1,1,2,1,1,"1,0,0","0.0034,0.4983,0.4983",5.0
grid,p04,30,1,1,2,1,1,"1,0,0","0.0034,0.4983,0.4983",5.0
grid,p04,50,1,1,2,1,2,"2,0,0","0.0000,0.5000,0.5000",5.0
grid,p04,70,1,1,2,1,3,"4,0,0","0.0000,0.5000,0.5000",5.0
grid,p04,100,1,1,2,1,3,"4,0,0","0.0000,0.5000,0.5000",5.0
grid,p04,10,2,1,2,0,1,"1,0,0","0.0034,0.4983,0.4983",5.0
grid,p04,30,2,1,2,0,2,"2,0,0","0.0000,0.5000,0.5000",5.0
grid,p04,50,2,1,2,0,2,"2,0,0","0.0000,0.5000,0.5000",5.0
grid,p04,70,2,1,2,0,3,"4,0,0","0.0000,0.5000,0.5000",5.0
grid,p04,100,2,2,1,1,4,"6,2,0","0.0000,0.0000,1.0000",5.0
grid,p05,10,0,0,1,1,1,"0,1,1","0.9867,0.0066,0.0066",5.0
grid,p05,30,0,0,1,1,3,"0,4,4","1.0000,0.0000,0.0000",5.0
grid,p05,50,0,0,1,1,5,"0,7,7","1.0000,0.0000,0.0000",5.0
grid,p05,70,0,0,1,1,7,"0,7,7","1.0000,0.0000,0.0000",5.0
grid,p05,100,0,0,1,1,9,"0,10,10","1.0000,0.0000,0.0000",5.0
grid,p05,10,1,1,2,1,1,"1,0,0","0.0034,0.4983,0.4983",5.0
grid,p05,30,1,1,2,1,3,"4,0,0","0.0000,0.5000,0.5000",5.0
grid,p05,50,1,1,1,1,5,"7,0,1","0.0000,0.9933,0.0067",5.0
grid,p05,70,1,1,1,1,7,"7,0,5","0.0000,1.0000,0.0000",5.0
grid,p05,100,1,1,1,1,9,"10,0,8","0.0000,1.0000,0.0000",5.0
grid,p05,10,2,1,2,0,1,"1,0,0","0.0034,0.4983,0.4983",5.0
grid,p05,30,2,1,2,0,2,"2,0,0","0.0000,0.5000,0.5000",5.0
grid,p05,50,2,1,2,0,2,"2,0,0","0.0000,0.5000,0.5000",5.0
grid,p05,70,2,1,2,0,3,"4,0,0","0.0000,0.5000,0.5000",5.0
grid,p05,100,2,1,2,0,4,"6,0,0","0.0000,0.5000,0.5000",5.0
grid,p06,10,0,0,3,1,0,"inf,inf,inf","0.3333,0.3333,0.3333",5.0
grid,p06,30,0,0,3,1,0,"inf,inf,inf","0.3333,0.3333,0.3333",5.0
grid,p06,50,0,0,3,1,0,"inf,inf,inf","0.3333,0.3333,0.3333",5.0
grid,p06,70,0,0,3,1,0,"inf,inf,inf","0.3333,0.3333,0.3333",5.0
grid,p06,100,0,0,3,1,0,"inf,inf,inf","0.3333,0.3333,0.3333",5.0
grid,p06,10,1,1,2,1,1,"2,0,0","0.0000,0.5000,0.5000",5.0
grid,p06,30,1,1,2,1,2,"3,0,0","0.0000,0.5000,0.5000",5.0
grid,p06,50,1,1,2,1,3,"5,0,0","0.0000,0.5000,0.5000",5.0
grid,p06,70,1,1,2,1,5,"8,0,0","0.0000,0.5000,0.5000",5.0
grid,p06,100,1,1,1,1,6,"10,0,2","0.0000,1.0000,0.0000",5.0
grid,p06,10,2,1,2,0,1,"2,0,0","0.0000,0.5000,0.5000",5.0
grid,p06,30,2,1,2,0,2,"3,0,0","0.0000,0.5000,0.5000",5.0
grid,p06,50,2,1,2,0,3,"5,0,0","0.0000,0.5000,0.5000",5.0
grid,p06,70,2,1,2,0,4,"6,0,0","0.0000,0.5000,0.5000",5.0
grid,p06,100,2,1,2,0,5,"8,0,0","0.0000,0.5000,0.5000",5.0
grid,p07,10,0,0,2,1,1,"0,0","0.5000,0.5000",5.0
grid,p07,30,0,0,2,1,1,"0,0","0.5000,0.5000",5.0
grid,p07,50,0,0,2,1,1,"0,0","0.5000,0.5000",5.0
grid,p07,70,0,0,2,1,1,"0,0","0.5000,0.5000",5.0
grid,p07,100,0,0,2,1,1,"0,0","0.5000,0.5000",5.0
grid,p07,10,1,0,2,0,1,"0,0","0.5000,0.5000",5.0
grid,p07,30,1,0,2,0,1,"0,0","0.5000,0.5000",5.0
grid,p07,50,1,1,1,1,2,"2,0","0.0000,1.0000",5.0
grid,p07,70,1,1,1,1,3,"4,0","0.0000,1.0000",5.0
grid,p07,100,1,1,1,1,3,"4,0","0.0000,1.0000",5.0
grid,p08,10,0,0,3,1,1,"0,0,0","0.3333,0.3333,0.3333",5.0
grid,p08,30,0,0,3,1,1,"0,0,0","0.3333,0.3333,0.3333",5.0
grid,p08,50,0,0,3,1,1,"0,0,0","0.3333,0.3333,0.3333",5.0
grid,p08,70,0,0,3,1,2,"0,0,0","0.3333,0.3333,0.3333",5.0
grid,p08,100,0,0,3,1,2,"0,0,0","0.3333,0.3333,0.3333",5.0
grid,p08,10,1,1,2,1,2,"1,0,0","0.0034,0.4983,0.4983",5.0
grid,p08,30,1,1,2,1,4,"2,0,0","0.0000,0.5000,0.5000",5.0
grid,p08,50,1,1,2,1,6,"6,0,0","0.0000,0.5000,0.5000",5.0
grid,p08,70,1,1,1,1,9,"7,0,5","0.0000,1.0000,0.0000",5.0
grid,p08,100,1,1,1,1,12,"12,0,10","0.0000,1.0000,0.0000",5.0
grid,p08,10,2,0,3,0,1,"0,0,0","0.3333,0.3333,0.3333",5.0
grid,p08,30,2,1,2,0,3,"1,0,0","0.0034,0.4983,0.4983",5.0
grid,p08,50,2,1,2,0,4,"2,0,0","0.0000,0.5000,0.5000",5.0
grid,p08,70,2,1,2,0,5,"4,0,0","0.0000,0.5000,0.5000",5.0
grid,p08,100,2,2,1,1,7,"8,2,0","0.0000,0.0000,1.0000",5.0
intrusion-detection,p10,10,0,0,2,1,2,"0,1,1,1,2,0,1,2,2,1","0.4917,0.0033,0.0033,0.0033,0.0000,0.4917,0.0033,0.0000,0.0000,0.0033",5.0
intrusion-detection,p10,30,0,0,1,1,6,"0,4,4,4,4,4,3,4,4,5","1.0000,0.0000,0.0000,0.0000,0.0000,0.0000,0.0000,0.0000,0.0000,0.0000",5.0
intrusion-detection,p10,50,0,0,1,1,10,"0,7,7,8,7,7,7,7,7,7","1.0000,0.0000,0.0000,0.0000,0.0000,0.0000,0.0000,0.0000,0.0000,0.0000",5.0
intrusion-detection,p10,70,0,0,1,1,14,"0,11,11,12,11,11,11,11,11,11","1.0000,0.0000,0.0000,0.0000,0.0000,0.0000,0.0000,0.0000,0.0000,0.0000",5.0
intrusion-detection,p10,100,0,0,1,1,20,"0,17,17,18,17,17,17,17,17,17","1.0000,0.0000,0.0000,0.0000,0.0000,0.0000,0.0000,0.0000,0.0000,0.0000",5.0
intrusion-detection,p10,10,1,1,3,1,2,"1,0,0,2,2,2,2,2,2,0","0.0022,0.3326,0.3326,0.0000,0.0000,0.0000,0.0000,0.0000,0.0000,0.3326",5.0
intrusion-detection,p10,30,1,1,2,1,6,"5,0,3,6,6,6,6,6,6,0","0.0000,0.5000,0.0000,0.0000,0.0000,0.0000,0.0000,0.0000,0.0000,0.5000",5.0
intrusion-detection,p10,50,1,1,1,1,9,"7,0,6,9,6,9,9,6,9,3","0.0000,1.0000,0.0000,0.0000,0.0000,0.0000,0.0000,0.0000,0.0000,0.0000",5.0
intrusion-detection,p10,70,1,1,1,1,13,"10,0,9,12,7,12,13,7,13,7","0.0000,1.0000,0.0000,0.0000,0.0000,0.0000,0.0000,0.0000,0.0000,0.0000",5.0
intrusion-detection,p10,100,1,1,1,1,18,"15,0,12,12,12,15,18,12,18,12","0.0000,1.0000,0.0000,0.0000,0.0000,0.0000,0.0000,0.0000,0.0000,0.0000",5.0
intrusion-detection,p10,10,2,2,2,1,2,"1,2,0,0,2,2,2,2,2,2","0.0034,0.0000,0.4982,0.4982,0.0000,0.0000,0.0000,0.0000,0.0000,0.0000",5.0
intrusion-detection,p10,30,2,2,1,1,5,"4,5,0,2,5,5,5,5,5,5","0.0000,0.0000,1.0000,0.0000,0.0000,0.0000,0.0000,0.0000,0.0000,0.0000",5.0
intrusion-detection,p10,50,2,2,1,1,8,"6,6,0,2,8,5,8,8,8,8","0.0000,0.0000,1.0000,0.0000,0.0000,0.0000,0.0000,0.0000,0.0000,0.0000",5.0
intrusion-detection,p10,70,2,2,1,1,11,"8,7,0,3,11,6,11,11,11,10","0.0000,0.0000,1.0000,0.0000,0.0000,0.0000,0.0000,0.0000,0.0000,0.0000",5.0
intrusion-detection,p10,100,2,2,1,1,15,"12,9,0,7,15,10,15,15,15,12","0.0000,0.0000,1.0000,0.0000,0.0000,0.0000,0.0000,0.0000,0.0000,0.0000",5.0
intrusion-detection,p10,10,3,1,4,0,2,"1,0,0,0,2,0,2,2,2,2","0.0017,0.2496,0.2496,0.2496,0.0000,0.2496,0.0000,0.0000,0.0000,0.0000",5.0
intrusion-detection,p10,30,3,2,3,0,5,"4,2,0,0,5,0,5,5,5,5","0.0000,0.0000,0.3333,0.3333,0.0000,0.3333,0.0000,0.0000,0.0000,0.0000",5.0
intrusion-detection,p10,50,3,2,2,0,7,"5,4,0,0,7,2,7,7,7,7","0.0000,0.0000,0.5000,0.5000,0.0000,0.0000,0.0000,0.0000,0.0000,0.0000",5.0
intrusion-detection,p10,70,3,3,1,1,10,"8,7,2,0,10,5,10,10,10,10","0.0000,0.0000,0.0000,1.0000,0.0000,0.0000,0.0000,0.0000,0.0000,0.0000",5.0
intrusion-detection,p10,100,3,3,1,1,14,"12,8,6,0,14,9,14,14,14,14","0.0000,0.0000,0.0000,1.0000,0.0000,0.0000,0.0000,0.0000,0.0000,0.0000",5.0
intrusion-detection,p10,10,4,4,4,1,2,"1,2,2,2,0,2,0,0,0,2","0.0017,0.0000,0.0000,0.0000,0.2496,0.0000,0.2496,0.2496,0.2496,0.0000",5.0
intrusion-detection,p10,30,4,4,2,1,6,"4,5,6,6,0,6,1,0,3,6","0.0000,0.0000,0.0000,0.0000,0.4983,0.0000,0.0034,0.4983,0.0000,0.0000",5.0
intrusion-detection,p10,50,4,4,2,1,9,"7,5,9,9,0,9,4,0,6,9","0.0000,0.0000,0.0000,0.0000,0.5000,0.0000,0.0000,0.5000,0.0000,0.0000",5.0
intrusion-detection,p10,70,4,4,1,1,12,"9,6,12,12,0,12,7,1,8,12","0.0000,0.0000,0.0000,0.0000,0.9933,0.0000,0.0000,0.0067,0.0000,0.0000",5.0
intrusion-detection,p10,100,4,4,1,1,17,"14,11,17,17,0,17,12,6,11,17","0.0000,0.0000,0.0000,0.0000,1.0000,0.0000,0.0000,0.0000,0.0000,0.0000",5.0
intrusion-detection,p10,10,5,1,4,0,2,"1,0,0,0,2,0,2,2,2,2","0.0017,0.2496,0.2496,0.2496,0.0000,0.2496,0.0000,0.0000,0.0000,0.0000",5.0
intrusion-detection,p10,30,5,5,1,1,6,"4,3,1,1,6,0,6,6,6,5","0.0000,0.0000,0.0066,0.0066,0.0000,0.9867,0.0000,0.0000,0.0000,0.0000",5.0
intrusion-detection,p10,50,5,5,1,1,9,"7,6,4,4,9,0,9,9,9,5","0.0000,0.0000,0.0000,0.0000,0.0000,1.0000,0.0000,0.0000,0.0000,0.0000",5.0
intrusion-detection,p10,70,5,5,1,1,12,"9,9,7,7,12,0,11,12,12,5","0.0000,0.0000,0.0000,0.0000,0.0000,1.0000,0.0000,0.0000,0.0000,0.0000",5.0
intrusion-detection,p10,100,5,5,1,1,17,"14,14,12,12,17,0,14,17,17,8","0.0000,0.0000,0.0000,0.0000,0.0000,1.0000,0.0000,0.0000,0.0000,0.0000",5.0
intrusion-detection,p10,10,6,4,4,0,2,"1,2,2,2,0,2,0,0,0,2","0.0017,0.0000,0.0000,0.0000,0.2496,0.0000,0.2496,0.2496,0.2496,0.0000",5.0
intrusion-detection,p10,30,6,4,3,0,5,"4,5,5,5,0,5,0,0,2,5","0.0000,0.0000,0.0000,0.0000,0.3333,0.0000,0.3333,0.3333,0.0000,0.0000",5.0
intrusion-detection,p10,50,6,6,1,1,8,"6,8,8,8,3,6,0,3,5,5","0.0000,0.0000,0.0000,0.0000,0.0000,0.0000,1.0000,0.0000,0.0000,0.0000",5.0
intrusion-detection,p10,70,6,6,1,1,11,"8,11,11,11,6,8,0,6,7,6","0.0000,0.0000,0.0000,0.0000,0.0000,0.0000,1.0000,0.0000,0.0000,0.0000",5.0
intrusion-detection,p10,100,6,6,1,1,15,"12,15,15,15,10,12,0,10,7,10","0.0000,0.0000,0.0000,0.0000,0.0000,0.0000,1.0000,0.0000,0.0000,0.0000",5.0
intrusion-detection,p10,10,7,4,4,0,2,"1,2,2,2,0,2,0,0,0,2","0.0017,0.0000,0.0000,0.0000,0.2496,0.0000,0.2496,0.2496,0.2496,0.0000",5.0
intrusion-detection,p10,30,7,4,2,0,6,"4,5,6,6,0,6,1,0,3,6","0.0000,0.0000,0.0000,0.0000,0.4983,0.0000,0.0034,0.4983,0.0000,0.0000",5.0
intrusion-detection,p10,50,7,4,2,0,9,"7,5,9,9,0,9,4,0,6,9","0.0000,0.0000,0.0000,0.0000,0.5000,0.0000,0.0000,0.5000,0.0000,0.0000",5.0
intrusion-detection,p10,70,7,7,1,1,12,"9,6,12,12,1,12,7,0,9,12","0.0000,0.0000,0.0000,0.0000,0.0067,0.0000,0.0000,0.9933,0.0000,0.0000",5.0
intrusion-detection,p10,100,7,7,1,1,17,"14,11,17,17,6,17,12,0,14,17","0.0000,0.0000,0.0000,0.0000,0.0000,0.0000,0.0000,1.0000,0.0000,0.0000",5.0
intrusion-detection,p10,10,8,6,2,0,2,"1,2,2,2,2,2,0,2,0,2","0.0034,0.0000,0.0000,0.0000,0.0000,0.0000,0.4982,0.0000,0.4982,0.0000",5.0
intrusion-detection,p10,30,8,6,2,0,5,"4,5,5,5,5,5,0,5,0,5","0.0000,0.0000,0.0000,0.0000,0.0000,0.0000,0.5000,0.0000,0.5000,0.0000",5.0
intrusion-detection,p10,50,8,8,1,1,8,"6,8,8,8,6,8,3,8,0,8","0.0000,0.0000,0.0000,0.0000,0.0000,0.0000,0.0000,0.0000,1.0000,0.0000",5.0
intrusion-detection,p10,70,8,8,1,1,12,"9,12,12,12,7,12,5,10,0,12","0.0000,0.0000,0.0000,0.0000,0.0000,0.0000,0.0000,0.0000,1.0000,0.0000",5.0
intrusion-detection,p10,100,8,8,1,1,16,"13,16,16,16,10,16,8,13,0,16","0.0000,0.0000,0.0000,0.0000,0.0000,0.0000,0.0000,0.0000,1.0000,0.0000",5.0
intrusion-detection,p10,10,9,5,3,0,2,"1,2,2,2,2,0,0,2,2,0","0.0022,0.0000,0.0000,0.0000,0.0000,0.3326,0.3326,0.0000,0.0000,0.3326",5.0
intrusion-detection,p10,30,9,9,1,1,6,"4,5,5,6,6,3,1,6,6,0","0.0000,0.0000,0.0000,0.0000,0.0000,0.0000,0.0067,0.0000,0.0000,0.9933",5.0
intrusion-detection,p10,50,9,9,1,1,9,"7,5,6,9,9,6,4,9,9,0","0.0000,0.0000,0.0000,0.0000,0.0000,0.0000,0.0000,0.0000,0.0000,1.0000",5.0
intrusion-detection,p10,70,9,9,1,1,12,"9,6,9,12,12,8,7,12,12,0","0.0000,0.0000,0.0000,0.0000,0.0000,0.0000,0.0000,0.0000,0.0000,1.0000",5.0
intrusion-detection,p10,100,9,9,1,1,17,"14,11,14,17,17,8,12,17,17,0","0.0000,0.0000,0.0000,0.0000,0.0000,0.0000,0.0000,0.0000,0.0000,1.0000",5.0
intrusion-detection,p20,10,0,0,3,1,2,"0,1,2,2,1,2,2,0,2,2,0,2,1,2,1,1,2,2,1,1","0.3281,0.0022,0.0000,0.0000,0.0022,0.0000,0.0000,0.3281,0.0000,0.0000,0.3281,0.0000,0.0022,0.0000,0.0022,0.0022,0.0000,0.0000,0.0022,0.0022",5.0
intrusion-detection,p20,30,0,0,1,1,6,"0,4,4,5,5,4,5,4,6,3,4,5,3,6,3,4,5,4,4,4","1.0000,0.0000,0.0000,0.0000,0.0000,0.0000,0.0000,0.0000,0.0000,0.0000,0.0000,0.0000,0.0000,0.0000,0.0000,0.0000,0.0000,0.0000,0.0000,0.0000",5.0
intrusion-detection,p20,50,0,0,1,1,10,"0,7,7,8,7,7,7,7,7,7,7,7,7,8,7,7,7,7,7,7","1.0000,0.0000,0.0000,0.0000,0.0000,0.0000,0.0000,0.0000,0.0000,0.0000,0.0000,0.0000,0.0000,0.0000,0.0000,0.0000,0.0000,0.0000,0.0000,0.0000",5.0
intrusion-detection,p20,70,0,0,1,1,14,"0,11,11,12,11,11,11,11,11,11,11,11,11,12,11,11,11,11,11,11","1.0000,0.0000,0.0000,0.0000,0.0000,0.0000,0.0000,0.0000,0.0000,0.0000,0.0000,0.0000,0.0000,0.0000,0.0000,0.0000,0.0000,0.0000,0.0000,0.0000",5.0
intrusion-detection,p20,100,0,0,1,1,20,"0,17,17,18,17,17,17,17,17,17,17,17,17,18,17,17,17,17,17,17","1.0000,0.0000,0.0000,0.0000,0.0000,0.0000,0.0000,0.0000,0.0000,0.0000,0.0000,0.0000,0.0000,0.0000,0.0000,0.0000,0.0000,0.0000,0.0000,0.0000",5.0
intrusion-detection,p20,10,1,1,4,1,2,"1,0,0,2,2,2,2,2,2,0,2,0,2,2,2,2,2,2,2,2","0.0017,0.2495,0.2495,0.0000,0.0000,0.0000,0.0000,0.0000,0.0000,0.2495,0.0000,0.2495,0.0000,0.0000,0.0000,0.0000,0.0000,0.0000,0.0000,0.0000",5.0
intrusion-detection,p20,30,1,1,2,1,6,"5,0,3,6,6,6,6,6,6,0,6,3,6,6,6,6,6,6,6,6","0.0000,0.5000,0.0000,0.0000,0.0000,0.0000,0.0000,0.0000,0.0000,0.5000,0.0000,0.0000,0.0000,0.0000,0.0000,0.0000,0.0000,0.0000,0.0000,0.0000",5.0
intrusion-detection,p20,50,1,1,1,1,9,"7,0,6,9,6,9,9,6,9,3,6,6,9,9,6,6,9,9,6,6","0.0000,1.0000,0.0000,0.0000,0.0000,0.0000,0.0000,0.0000,0.0000,0.0000,0.0000,0.0000,0.0000,0.0000,0.0000,0.0000,0.0000,0.0000,0.0000,0.0000",5.0
intrusion-detection,p20,70,1,1,1,1,13,"10,0,9,12,7,12,13,7,13,7,6,10,13,13,10,7,13,13,9,9","0.0000,1.0000,0.0000,0.0000,0.0000,0.0000,0.0000,0.0000,0.0000,0.0000,0.0000,0.0000,0.0000,0.0000,0.0000,0.0000,0.0000,0.0000,0.0000,0.0000",5.0
intrusion-detection,p20,100,1,1,1,1,18,"15,0,12,12,12,15,18,12,18,12,6,15,18,18,15,12,18,18,9,12","0.0000,1.0000,0.0000,0.0000,0.0000,0.0000,0.0000,0.0000,0.0000,0.0000,0.0000,0.0000,0.0000,0.0000,0.0000,0.0000,0.0000,0.0000,0.0000,0.0000",5.0
intrusion-detection,p20,10,2,2,4,1,2,"1,2,0,0,2,2,2,2,2,2,2,2,0,2,2,2,2,0,2,2","0.0017,0.0000,0.2495,0.2495,0.0000,0.0000,0.0000,0.0000,0.0000,0.0000,0.0000,0.0000,0.2495,0.0000,0.0000,0.0000,0.0000,0.2495,0.0000,0.0000",5.0
intrusion-detection,p20,30,2,2,2,1,5,"4,5,0,2,5,5,5,5,5,5,5,5,0,5,5,5,5,2,5,5","0.0000,0.0000,0.5000,0.0000,0.0000,0.0000,0.0000,0.0000,0.0000,0.0000,0.0000,0.0000,0.5000,0.0000,0.0000,0.0000,0.0000,0.0000,0.0000,0.0000",5.0
intrusion-detection,p20,50,2,2,1,1,8,"6,6,0,2,8,5,8,8,8,8,6,8,3,8,8,8,8,5,6,5","0.0000,0.0000,1.0000,0.0000,0.0000,0.0000,0.0000,0.0000,0.0000,0.0000,0.0000,0.0000,0.0000,0.0000,0.0000,0.0000,0.0000,0.0000,0.0000,0.0000",5.0
intrusion-detection,p20,70,2,2,1,1,11,"8,7,0,3,11,6,11,11,11,10,8,10,6,11,11,11,11,8,8,6","0.0000,0.0000,1.0000,0.0000,0.0000,0.0000,0.0000,0.0000,0.0000,0.0000,0.0000,0.0000,0.0000,0.0000,0.0000,0.0000,0.0000,0.0000,0.0000,0.0000",5.0
intrusion-detection,p20,100,2,2,1,1,15,"12,9,0,7,15,10,15,15,15,12,12,10,10,15,15,15,15,12,12,10","0.0000,0.0000,1.0000,0.0000,0.0000,0.0000,0.0000,0.0000,0.0000,0.0000,0.0000,0.0000,0.0000,0.0000,0.0000,0.0000,0.0000,0.0000,0.0000,0.0000",5.0
intrusion-detection,p20,10,3,1,7,0,2,"1,0,0,0,2,0,2,2,2,2,0,2,2,2,2,2,2,2,0,0","0.0010,0.1427,0.1427,0.1427,0.0000,0.1427,0.0000,0.0000,0.0000,0.0000,0.1427,0.0000,0.0000,0.0000,0.0000,0.0000,0.0000,0.0000,0.1427,0.1427",5.0
intrusion-detection,p20,30,3,2,4,0,5,"4,2,0,0,5,0,5,5,5,5,2,5,5,5,5,5,5,5,2,0","0.0000,0.0000,0.2500,0.2500,0.0000,0.2500,0.0000,0.0000,0.0000,0.0000,0.0000,0.0000,0.0000,0.0000,0.0000,0.0000,0.0000,0.0000,0.0000,0.2500",5.0
intrusion-detection,p20,50,3,2,2,0,7,"5,4,0,0,7,2,7,7,7,7,4,7,5,7,7,7,7,5,4,2","0.0000,0.0000,0.5000,0.5000,0.0000,0.0000,0.0000,0.0000,0.0000,0.0000,0.0000,0.0000,0.0000,0.0000,0.0000,0.0000,0.0000,0.0000,0.0000,0.0000",5.0
intrusion-detection,p20,70,3,3,1,1,10,"8,7,2,0,10,5,10,10,10,10,7,10,7,10,10,10,10,5,7,5","0.0000,0.0000,0.0000,1.0000,0.0000,0.0000,0.0000,0.0000,0.0000,0.0000,0.0000,0.0000,0.0000,0.0000,0.0000,0.0000,0.0000,0.0000,0.0000,0.0000",5.0
intrusion-detection,p20,100,3,3,1,1,14,"12,8,6,0,14,9,14,14,14,14,8,14,11,14,14,14,14,8,8,9","0.0000,0.0000,0.0000,1.0000,0.0000,0.0000,0.0000,0.0000,0.0000,0.0000,0.0000,0.0000,0.0000,0.0000,0.0000,0.0000,0.0000,0.0000,0.0000,0.0000",5.0
intrusion-detection,p20,10,4,4,7,1,2,"1,2,2,2,0,2,0,0,0,2,2,0,2,0,2,2,0,2,2,2","0.0010,0.0000,0.0000,0.0000,0.1427,0.0000,0.1427,0.1427,0.1427,0.0000,0.0000,0.1427,0.0000,0.1427,0.0000,0.0000,0.1427,0.0000,0.0000,0.0000",5.0
intrusion-detection,p20,30,4,4,2,1,6,"4,5,6,6,0,6,1,0,3,6,5,1,6,3,5,5,3,6,5,5","0.0000,0.0000,0.0000,0.0000,0.4967,0.0000,0.0033,0.4967,0.0000,0.0000,0.0000,0.0033,0.0000,0.0000,0.0000,0.0000,0.0000,0.0000,0.0000,0.0000",5.0
intrusion-detection,p20,50,4,4,2,1,9,"7,5,9,9,0,9,4,0,6,9,5,4,9,6,6,5,6,9,6,6","0.0000,0.0000,0.0000,0.0000,0.5000,0.0000,0.0000,0.5000,0.0000,0.0000,0.0000,0.0000,0.0000,0.0000,0.0000,0.0000,0.0000,0.0000,0.0000,0.0000",5.0
intrusion-detection,p20,70,4,4,1,1,12,"9,6,12,12,0,12,7,1,8,12,6,7,12,9,9,6,8,12,9,9","0.0000,0.0000,0.0000,0.0000,0.9933,0.0000,0.0000,0.0067,0.0000,0.0000,0.0000,0.0000,0.0000,0.0000,0.0000,0.0000,0.0000,0.0000,0.0000,0.0000",5.0
intrusion-detection,p20,100,4,4,1,1,17,"14,11,17,17,0,17,12,6,11,17,11,12,17,14,14,11,8,17,14,14","0.0000,0.0000,0.0000,0.0000,1.0000,0.0000,0.0000,0.0000,0.0000,0.0000,0.0000,0.0000,0.0000,0.0000,0.0000,0.0000,0.0000,0.0000,0.0000,0.0000",5.0
intrusion-detection,p20,10,5,1,7,0,2,"1,0,0,0,2,0,2,2,2,2,0,2,2,2,2,2,2,2,0,0","0.0010,0.1427,0.1427,0.1427,0.0000,0.1427,0.0000,0.0000,0.0000,0.0000,0.1427,0.0000,0.0000,0.0000,0.0000,0.0000,0.0000,0.0000,0.1427,0.1427",5.0
intrusion-detection,p20,30,5,5,2,1,6,"4,3,1,1,6,0,6,6,6,5,3,6,6,6,5,5,6,5,3,0","0.0000,0.0000,0.0033,0.0033,0.0000,0.4967,0.0000,0.0000,0.0000,0.0000,0.0000,0.0000,0.0000,0.0000,0.0000,0.0000,0.0000,0.0000,0.0000,0.4967",5.0
intrusion-detection,p20,50,5,5,2,1,9,"7,6,4,4,9,0,9,9,9,5,6,9,9,9,6,6,9,6,6,0","0.0000,0.0000,0.0000,0.0000,0.0000,0.5000,0.0000,0.0000,0.0000,0.0000,0.0000,0.0000,0.0000,0.0000,0.0000,0.0000,0.0000,0.0000,0.0000,0.5000",5.0
intrusion-detection,p20,70,5,5,1,1,12,"9,9,7,7,12,0,11,12,12,5,9,12,11,12,8,9,11,9,8,1","0.0000,0.0000,0.0000,0.0000,0.0000,0.9933,0.0000,0.0000,0.0000,0.0000,0.0000,0.0000,0.0000,0.0000,0.0000,0.0000,0.0000,0.0000,0.0000,0.0067",5.0
intrusion-detection,p20,100,5,5,1,1,17,"14,14,12,12,17,0,14,17,17,8,14,17,11,17,8,14,14,14,8,6","0.0000,0.0000,0.0000,0.0000,0.0000,1.0000,0.0000,0.0000,0.0000,0.0000,0.0000,0.0000,0.0000,0.0000,0.0000,0.0000,0.0000,0.0000,0.0000,0.0000",5.0
intrusion-detection,p20,10,6,4,7,0,2,"1,2,2,2,0,2,0,0,0,2,2,0,2,0,2,2,0,2,2,2","0.0010,0.0000,0.0000,0.0000,0.1427,0.0000,0.1427,0.1427,0.1427,0.0000,0.0000,0.1427,0.0000,0.1427,0.0000,0.0000,0.1427,0.0000,0.0000,0.0000",5.0
intrusion-detection,p20,30,6,4,4,0,5,"4,5,5,5,0,5,0,0,2,5,5,0,5,2,5,5,2,5,5,5","0.0000,0.0000,0.0000,0.0000,0.2500,0.0000,0.2500,0.2500,0.0000,0.0000,0.0000,0.2500,0.0000,0.0000,0.0000,0.0000,0.0000,0.0000,0.0000,0.0000",5.0
intrusion-detection,p20,50,6,6,1,1,8,"6,8,8,8,3,6,0,3,5,5,8,3,6,5,6,8,2,8,6,8","0.0000,0.0000,0.0000,0.0000,0.0000,0.0000,1.0000,0.0000,0.0000,0.0000,0.0000,0.0000,0.0000,0.0000,0.0000,0.0000,0.0000,0.0000,0.0000,0.0000",5.0
intrusion-detection,p20,70,6,6,1,1,11,"8,11,11,11,6,8,0,6,7,6,11,5,8,7,8,10,3,10,8,11","0.0000,0.0000,0.0000,0.0000,0.0000,0.0000,1.0000,0.0000,0.0000,0.0000,0.0000,0.0000,0.0000,0.0000,0.0000,0.0000,0.0000,0.0000,0.0000,0.0000",5.0
intrusion-detection,p20,100,6,6,1,1,15,"12,15,15,15,10,12,0,10,7,10,15,5,12,7,12,12,7,12,12,15","0.0000,0.0000,0.0000,0.0000,0.0000,0.0000,1.0000,0.0000,0.0000,0.0000,0.0000,0.0000,0.0000,0.0000,0.0000,0.0000,0.0000,0.0000,0.0000,0.0000",5.0
intrusion-detection,p20,10,7,4,7,0,2,"1,2,2,2,0,2,0,0,0,2,2,0,2,0,2,2,0,2,2,2","0.0010,0.0000,0.0000,0.0000,0.1427,0.0000,0.1427,0.1427,0.1427,0.0000,0.0000,0.1427,0.0000,0.1427,0.0000,0.0000,0.1427,0.0000,0.0000,0.0000",5.0
intrusion-detection,p20,30,7,4,2,0,6,"4,5,6,6,0,6,1,0,3,6,5,1,6,3,5,5,3,6,5,5","0.0000,0.0000,0.0000,0.0000,0.4967,0.0000,0.0033,0.4967,0.0000,0.0000,0.0000,0.0033,0.0000,0.0000,0.0000,0.0000,0.0000,0.0000,0.0000,0.0000",5.0
intrusion-detection,p20,50,7,4,2,0,9,"7,5,9,9,0,9,4,0,6,9,5,4,9,6,6,5,6,9,6,6","0.0000,0.0000,0.0000,0.0000,0.5000,0.0000,0.0000,0.5000,0.0000,0.0000,0.0000,0.0000,0.0000,0.0000,0.0000,0.0000,0.0000,0.0000,0.0000,0.0000",5.0
intrusion-detection,p20,70,7,7,1,1,12,"9,6,12,12,1,12,7,0,9,12,5,7,11,9,9,6,9,12,9,9","0.0000,0.0000,0.0000,0.0000,0.0067,0.0000,0.0000,0.9933,0.0000,0.0000,0.0000,0.0000,0.0000,0.0000,0.0000,0.0000,0.0000,0.0000,0.0000,0.0000",5.0
intrusion-detection,p20,100,7,7,1,1,17,"14,11,17,17,6,17,12,0,14,17,5,12,11,14,14,11,14,17,14,14","0.0000,0.0000,0.0000,0.0000,0.0000,0.0000,0.0000,1.0000,0.0000,0.0000,0.0000,0.0000,0.0000,0.0000,0.0000,0.0000,0.0000,0.0000,0.0000,0.0000",5.0
intrusion-detection,p20,10,8,6,6,0,2,"1,2,2,2,2,2,0,2,0,2,2,0,2,0,2,0,2,0,2,2","0.0011,0.0000,0.0000,0.0000,0.0000,0.0000,0.1665,0.0000,0.1665,0.0000,0.0000,0.1665,0.0000,0.1665,0.0000,0.1665,0.0000,0.1665,0.0000,0.0000",5.0
intrusion-detection,p20,30,8,6,4,0,5,"4,5,5,5,5,5,0,5,0,5,5,0,5,0,5,2,5,2,5,5","0.0000,0.0000,0.0000,0.0000,0.0000,0.0000,0.2500,0.0000,0.2500,0.0000,0.0000,0.2500,0.0000,0.2500,0.0000,0.0000,0.0000,0.0000,0.0000,0.0000",5.0
intrusion-detection,p20,50,8,8,1,1,8,"6,8,8,8,6,8,3,8,0,8,8,3,8,3,8,5,6,5,8,8","0.0000,0.0000,0.0000,0.0000,0.0000,0.0000,0.0000,0.0000,1.0000,0.0000,0.0000,0.0000,0.0000,0.0000,0.0000,0.0000,0.0000,0.0000,0.0000,0.0000",5.0
intrusion-detection,p20,70,8,8,1,1,12,"9,12,12,12,7,12,5,10,0,12,12,5,12,5,12,9,7,9,12,12","0.0000,0.0000,0.0000,0.0000,0.0000,0.0000,0.0000,0.0000,1.0000,0.0000,0.0000,0.0000,0.0000,0.0000,0.0000,0.0000,0.0000,0.0000,0.0000,0.0000",5.0
intrusion-detection,p20,100,8,8,1,1,16,"13,16,16,16,10,16,8,13,0,16,16,8,16,5,16,13,7,13,16,16","0.0000,0.0000,0.0000,0.0000,0.0000,0.0000,0.0000,0.0000,1.0000,0.0000,0.0000,0.0000,0.0000,0.0000,0.0000,0.0000,0.0000,0.0000,0.0000,0.0000",5.0
intrusion-detection,p20,10,9,5,7,0,2,"1,2,2,2,2,0,0,2,2,0,2,2,0,2,0,2,0,2,0,2","0.0010,0.0000,0.0000,0.0000,0.0000,0.1427,0.1427,0.0000,0.0000,0.1427,0.0000,0.0000,0.1427,0.0000,0.1427,0.0000,0.1427,0.0000,0.1427,0.0000",5.0
intrusion-detection,p20,30,9,9,1,1,6,"4,5,5,6,6,3,1,6,6,0,6,5,3,6,3,6,1,6,3,6","0.0000,0.0000,0.0000,0.0000,0.0000,0.0000,0.0066,0.0000,0.0000,0.9867,0.0000,0.0000,0.0000,0.0000,0.0000,0.0000,0.0066,0.0000,0.0000,0.0000",5.0
intrusion-detection,p20,50,9,9,1,1,9,"7,5,6,9,9,6,4,9,9,0,9,6,6,9,6,9,4,9,6,9","0.0000,0.0000,0.0000,0.0000,0.0000,0.0000,0.0000,0.0000,0.0000,1.0000,0.0000,0.0000,0.0000,0.0000,0.0000,0.0000,0.0000,0.0000,0.0000,0.0000",5.0
intrusion-detection,p20,70,9,9,1,1,12,"9,6,9,12,12,8,7,12,12,0,12,9,9,12,8,11,7,11,9,11","0.0000,0.0000,0.0000,0.0000,0.0000,0.0000,0.0000,0.0000,0.0000,1.0000,0.0000,0.0000,0.0000,0.0000,0.0000,0.0000,0.0000,0.0000,0.0000,0.0000",5.0
intrusion-detection,p20,100,9,9,1,1,17,"14,11,14,17,17,8,12,17,17,0,17,14,14,17,11,14,12,14,14,11","0.0000,0.0000,0.0000,0.0000,0.0000,0.0000,0.0000,0.0000,0.0000,1.0000,0.0000,0.0000,0.0000,0.0000,0.0000,0.0000,0.0000,0.0000,0.0000,0.0000",5.0
intrusion-detection,p20,10,10,0,3,0,2,"0,1,2,2,1,2,2,0,2,2,0,2,1,2,1,1,2,2,1,1","0.3281,0.0022,0.0000,0.0000,0.0022,0.0000,0.0000,0.3281,0.0000,0.0000,0.3281,0.0000,0.0022,0.0000,0.0022,0.0022,0.0000,0.0000,0.0022,0.0022",5.0
intrusion-detection,p20,30,10,10,1,1,6,"3,2,4,4,4,4,6,2,6,6,0,6,4,6,4,4,6,6,2,2","0.0000,0.0000,0.0000,0.0000,0.0000,0.0000,0.0000,0.0000,0.0000,0.0000,0.9998,0.0000,0.0000,0.0000,0.0000,0.0000,0.0000,0.0000,0.0000,0.0000",5.0
intrusion-detection,p20,50,10,10,1,1,9,"6,2,6,4,7,6,9,5,9,9,0,9,7,9,7,7,9,9,2,4","0.0000,0.0000,0.0000,0.0000,0.0000,0.0000,0.0000,0.0000,0.0000,0.0000,0.9999,0.0000,0.0000,0.0000,0.0000,0.0000,0.0000,0.0000,0.0000,0.0000",5.0
intrusion-detection,p20,70,10,10,1,1,13,"10,2,10,7,8,10,13,6,13,13,0,13,11,13,10,8,13,13,4,7","0.0000,0.0000,0.0000,0.0000,0.0000,0.0000,0.0000,0.0000,0.0000,0.0000,1.0000,0.0000,0.0000,0.0000,0.0000,0.0000,0.0000,0.0000,0.0000,0.0000",5.0
intrusion-detection,p20,100,10,10,1,1,18,"15,6,15,12,12,15,18,6,18,18,0,18,12,18,15,12,18,18,9,12","0.0000,0.0000,0.0000,0.0000,0.0000,0.0000,0.0000,0.0000,0.0000,0.0000,1.0000,0.0000,0.0000,0.0000,0.0000,0.0000,0.0000,0.0000,0.0000,0.0000",5.0
intrusion-detection,p20,10,11,0,2,0,2,"0,1,1,2,2,2,1,2,1,1,2,0,2,1,2,1,2,1,2,2","0.4868,0.0033,0.0033,0.0000,0.0000,0.0000,0.0033,0.0000,0.0033,0.0033,0.0000,0.4868,0.0000,0.0033,0.0000,0.0033,0.0000,0.0033,0.0000,0.0000",5.0
intrusion-detection,p20,30,11,11,1,1,5,"2,4,4,5,3,5,1,3,1,4,5,0,5,1,5,3,3,3,5,5","0.0000,0.0000,0.0000,0.0000,0.0000,0.0000,0.0066,0.0000,0.0066,0.0000,0.0000,0.9801,0.0000,0.0066,0.0000,0.0000,0.0000,0.0000,0.0000,0.0000",5.0
intrusion-detection,p20,50,11,11,1,1,8,"5,6,6,8,4,8,2,4,3,6,8,0,8,3,8,6,5,6,8,8","0.0000,0.0000,0.0000,0.0000,0.0000,0.0000,0.0000,0.0000,0.0000,0.0000,0.0000,1.0000,0.0000,0.0000,0.0000,0.0000,0.0000,0.0000,0.0000,0.0000",5.0
intrusion-detection,p20,70,11,11,1,1,11,"8,9,9,11,6,11,2,6,4,9,11,0,11,4,11,8,8,8,11,11","0.0000,0.0000,0.0000,0.0000,0.0000,0.0000,0.0000,0.0000,0.0000,0.0000,0.0000,1.0000,0.0000,0.0000,0.0000,0.0000,0.0000,0.0000,0.0000,0.0000",5.0
intrusion-detection,p20,100,11,11,1,1,15,"12,12,10,15,10,15,5,10,7,12,15,0,15,7,15,12,12,12,15,15","0.0000,0.0000,0.0000,0.0000,0.0000,0.0000,0.0000,0.0000,0.0000,0.0000,0.0000,1.0000,0.0000,0.0000,0.0000,0.0000,0.0000,0.0000,0.0000,0.0000",5.0
intrusion-detection,p20,10,12,0,2,0,2,"0,2,1,1,2,2,2,1,2,2,1,2,0,2,2,2,2,1,2,2","0.4916,0.0000,0.0033,0.0033,0.0000,0.0000,0.0000,0.0033,0.0000,0.0000,0.0033,0.0000,0.4916,0.0000,0.0000,0.0000,0.0000,0.0033,0.0000,0.0000",5.0
intrusion-detection,p20,30,12,12,1,1,6,"3,6,4,4,6,4,4,4,6,4,4,6,0,6,4,6,4,4,4,6","0.0000,0.0000,0.0000,0.0000,0.0000,0.0000,0.0000,0.0000,0.0000,0.0000,0.0000,0.0000,1.0000,0.0000,0.0000,0.0000,0.0000,0.0000,0.0000,0.0000",5.0
intrusion-detection,p20,50,12,12,1,1,9,"6,9,7,7,9,4,6,7,9,6,7,9,0,9,4,9,6,7,4,9","0.0000,0.0000,0.0000,0.0000,0.0000,0.0000,0.0000,0.0000,0.0000,0.0000,0.0000,0.0000,1.0000,0.0000,0.0000,0.0000,0.0000,0.0000,0.0000,0.0000",5.0
intrusion-detection,p20,70,12,12,1,1,12,"9,12,8,9,12,6,9,10,12,9,10,12,0,12,6,12,9,9,6,12","0.0000,0.0000,0.0000,0.0000,0.0000,0.0000,0.0000,0.0000,0.0000,0.0000,0.0000,0.0000,1.0000,0.0000,0.0000,0.0000,0.0000,0.0000,0.0000,0.0000",5.0
intrusion-detection,p20,100,12,12,1,1,17,"14,17,12,14,17,11,14,11,17,14,11,17,0,17,11,17,14,14,11,17","0.0000,0.0000,0.0000,0.0000,0.0000,0.0000,0.0000,0.0000,0.0000,0.0000,0.0000,0.0000,1.0000,0.0000,0.0000,0.0000,0.0000,0.0000,0.0000,0.0000",5.0
intrusion-detection,p20,10,13,0,5,0,2,"0,2,2,2,1,2,0,1,0,2,2,0,2,0,2,1,1,1,2,2","0.1986,0.0000,0.0000,0.0000,0.0013,0.0000,0.1986,0.0013,0.1986,0.0000,0.0000,0.1986,0.0000,0.1986,0.0000,0.0013,0.0013,0.0013,0.0000,0.0000",5.0
intrusion-detection,p20,30,13,6,4,0,5,"3,5,5,5,2,5,0,2,0,5,5,0,5,0,5,3,2,3,5,5","0.0000,0.0000,0.0000,0.0000,0.0000,0.0000,0.2500,0.0000,0.2500,0.0000,0.0000,0.2500,0.0000,0.2500,0.0000,0.0000,0.0000,0.0000,0.0000,0.0000",5.0
intrusion-detection,p20,50,13,8,2,0,7,"5,7,7,7,4,7,2,4,0,7,7,2,7,0,7,5,2,5,7,7","0.0000,0.0000,0.0000,0.0000,0.0000,0.0000,0.0000,0.0000,0.5000,0.0000,0.0000,0.0000,0.0000,0.5000,0.0000,0.0000,0.0000,0.0000,0.0000,0.0000",5.0
intrusion-detection,p20,70,13,13,1,1,10,"8,10,10,10,7,10,4,7,1,10,10,4,10,0,10,6,4,6,10,10","0.0000,0.0000,0.0000,0.0000,0.0000,0.0000,0.0000,0.0000,0.0067,0.0000,0.0000,0.0000,0.0000,0.9933,0.0000,0.0000,0.0000,0.0000,0.0000,0.0000",5.0
intrusion-detection,p20,100,13,13,1,1,14,"12,14,14,14,11,14,6,11,3,14,14,6,14,0,14,8,8,8,14,14","0.0000,0.0000,0.0000,0.0000,0.0000,0.0000,0.0000,0.0000,0.0000,0.0000,0.0000,0.0000,0.0000,1.0000,0.0000,0.0000,0.0000,0.0000,0.0000,0.0000",5.0
intrusion-detection,p20,10,14,0,4,0,2,"0,1,2,2,1,1,2,1,2,1,1,2,2,2,0,0,2,1,1,0","0.2467,0.0017,0.0000,0.0000,0.0017,0.0017,0.0000,0.0017,0.0000,0.0017,0.0017,0.0000,0.0000,0.0000,0.2467,0.2467,0.0000,0.0017,0.0017,0.2467",5.0
intrusion-detection,p20,30,14,14,1,1,5,"2,4,5,5,4,1,3,4,5,1,4,5,3,5,0,2,3,3,2,2","0.0000,0.0000,0.0000,0.0000,0.0000,0.0066,0.0000,0.0000,0.0000,0.0066,0.0000,0.0000,0.0000,0.0000,0.9865,0.0000,0.0000,0.0000,0.0000,0.0000",5.0
intrusion-detection,p20,50,14,14,1,1,8,"5,6,8,8,6,2,5,6,8,3,6,8,4,8,0,4,5,6,2,4","0.0000,0.0000,0.0000,0.0000,0.0000,0.0000,0.0000,0.0000,0.0000,0.0000,0.0000,0.0000,0.0000,0.0000,0.9999,0.0000,0.0000,0.0000,0.0000,0.0000",5.0
intrusion-detection,p20,70,14,14,1,1,12,"9,10,12,12,10,3,9,10,12,6,10,12,6,12,0,6,9,8,4,7","0.0000,0.0000,0.0000,0.0000,0.0000,0.0000,0.0000,0.0000,0.0000,0.0000,0.0000,0.0000,0.0000,0.0000,1.0000,0.0000,0.0000,0.0000,0.0000,0.0000",5.0
intrusion-detection,p20,100,14,14,1,1,16,"13,13,16,16,13,7,13,13,16,10,13,16,10,16,0,8,13,11,5,8","0.0000,0.0000,0.0000,0.0000,0.0000,0.0000,0.0000,0.0000,0.0000,0.0000,0.0000,0.0000,0.0000,0.0000,1.0000,0.0000,0.0000,0.0000,0.0000,0.0000",5.0
intrusion-detection,p20,10,15,0,4,0,2,"0,1,2,2,1,1,2,1,2,1,1,2,2,2,0,0,2,1,1,0","0.2467,0.0017,0.0000,0.0000,0.0017,0.0017,0.0000,0.0017,0.0000,0.0017,0.0017,0.0000,0.0000,0.0000,0.2467,0.2467,0.0000,0.0017,0.0017,0.2467",5.0
intrusion-detection,p20,30,15,15,1,1,6,"3,4,6,6,4,4,4,4,4,4,4,4,6,4,2,0,6,2,4,2","0.0000,0.0000,0.0000,0.0000,0.0000,0.0000,0.0000,0.0000,0.0000,0.0000,0.0000,0.0000,0.0000,0.0000,0.0000,0.9999,0.0000,0.0000,0.0000,0.0000",5.0
intrusion-detection,p20,50,15,15,1,1,9,"6,7,9,9,7,7,6,7,6,7,7,6,9,4,5,0,9,2,7,5","0.0000,0.0000,0.0000,0.0000,0.0000,0.0000,0.0000,0.0000,0.0000,0.0000,0.0000,0.0000,0.0000,0.0000,0.0000,1.0000,0.0000,0.0000,0.0000,0.0000",5.0
intrusion-detection,p20,70,15,15,1,1,12,"9,10,12,12,10,9,9,10,9,9,10,9,12,6,6,0,12,2,10,7","0.0000,0.0000,0.0000,0.0000,0.0000,0.0000,0.0000,0.0000,0.0000,0.0000,0.0000,0.0000,0.0000,0.0000,0.0000,1.0000,0.0000,0.0000,0.0000,0.0000",5.0
intrusion-detection,p20,100,15,15,1,1,17,"14,11,17,17,11,14,14,11,14,14,11,14,17,11,9,0,17,6,14,11","0.0000,0.0000,0.0000,0.0000,0.0000,0.0000,0.0000,0.0000,0.0000,0.0000,0.0000,0.0000,0.0000,0.0000,0.0000,1.0000,0.0000,0.0000,0.0000,0.0000",5.0
intrusion-detection,p20,10,16,0,2,0,2,"0,2,2,2,1,1,1,2,1,1,2,2,1,2,1,2,0,2,1,2","0.4868,0.0000,0.0000,0.0000,0.0033,0.0033,0.0033,0.0000,0.0033,0.0033,0.0000,0.0000,0.0033,0.0000,0.0033,0.0000,0.4868,0.0000,0.0033,0.0000",5.0
intrusion-detection,p20,30,16,16,1,1,6,"3,6,6,6,2,4,2,4,2,4,6,4,4,4,4,6,0,6,4,6","0.0000,0.0000,0.0000,0.0000,0.0000,0.0000,0.0000,0.0000,0.0000,0.0000,0.0000,0.0000,0.0000,0.0000,0.0000,0.0000,0.9999,0.0000,0.0000,0.0000",5.0
intrusion-detection,p20,50,16,16,1,1,9,"6,9,9,9,4,7,4,6,2,7,9,6,7,4,7,9,0,9,7,9","0.0000,0.0000,0.0000,0.0000,0.0000,0.0000,0.0000,0.0000,0.0000,0.0000,0.0000,0.0000,0.0000,0.0000,0.0000,0.0000,1.0000,0.0000,0.0000,0.0000",5.0
intrusion-detection,p20,70,16,16,1,1,12,"9,12,12,12,5,10,7,9,3,10,12,9,10,6,10,12,0,12,10,12","0.0000,0.0000,0.0000,0.0000,0.0000,0.0000,0.0000,0.0000,0.0000,0.0000,0.0000,0.0000,0.0000,0.0000,0.0000,0.0000,1.0000,0.0000,0.0000,0.0000",5.0
intrusion-detection,p20,100,16,16,1,1,17,"14,17,17,17,8,14,9,14,8,12,17,14,14,11,14,17,0,17,14,17","0.0000,0.0000,0.0000,0.0000,0.0000,0.0000,0.0000,0.0000,0.0000,0.0000,0.0000,0.0000,0.0000,0.0000,0.0000,0.0000,1.0000,0.0000,0.0000,0.0000",5.0
intrusion-detection,p20,10,17,0,2,0,2,"0,2,1,1,2,1,2,2,2,1,2,2,1,2,1,1,2,0,2,1","0.4868,0.0000,0.0033,0.0033,0.0000,0.0033,0.0000,0.0000,0.0000,0.0033,0.0000,0.0000,0.0033,0.0000,0.0033,0.0033,0.0000,0.4868,0.0000,0.0033",5.0
intrusion-detection,p20,30,17,17,1,1,6,"3,6,4,4,6,4,4,6,4,4,6,4,4,4,4,2,6,0,6,4","0.0000,0.0000,0.0000,0.0000,0.0000,0.0000,0.0000,0.0000,0.0000,0.0000,0.0000,0.0000,0.0000,0.0000,0.0000,0.0000,0.0000,1.0000,0.0000,0.0000",5.0
intrusion-detection,p20,50,17,17,1,1,9,"6,9,7,7,9,7,6,9,6,7,9,6,7,4,7,2,9,0,9,7","0.0000,0.0000,0.0000,0.0000,0.0000,0.0000,0.0000,0.0000,0.0000,0.0000,0.0000,0.0000,0.0000,0.0000,0.0000,0.0000,0.0000,1.0000,0.0000,0.0000",5.0
intrusion-detection,p20,70,17,17,1,1,12,"9,12,9,8,12,10,9,12,9,10,12,9,9,6,10,4,12,0,12,10","0.0000,0.0000,0.0000,0.0000,0.0000,0.0000,0.0000,0.0000,0.0000,0.0000,0.0000,0.0000,0.0000,0.0000,0.0000,0.0000,0.0000,1.0000,0.0000,0.0000",5.0
intrusion-detection,p20,100,17,17,1,1,17,"14,17,14,11,17,14,14,17,14,14,17,14,14,11,12,6,17,0,17,14","0.0000,0.0000,0.0000,0.0000,0.0000,0.0000,0.0000,0.0000,0.0000,0.0000,0.0000,0.0000,0.0000,0.0000,0.0000,0.0000,0.0000,1.0000,0.0000,0.0000",5.0
intrusion-detection,p20,10,18,0,3,0,2,"0,1,2,2,1,1,1,1,2,1,1,2,1,2,0,1,1,2,0,1","0.3253,0.0022,0.0000,0.0000,0.0022,0.0022,0.0022,0.0022,0.0000,0.0022,0.0022,0.0000,0.0022,0.0000,0.3253,0.0022,0.0022,0.0000,0.3253,0.0022",5.0
intrusion-detection,p20,30,18,18,1,1,6,"3,2,4,4,4,2,4,4,6,4,2,6,4,6,2,4,4,6,0,2","0.0000,0.0000,0.0000,0.0000,0.0000,0.0000,0.0000,0.0000,0.0000,0.0000,0.0000,0.0000,0.0000,0.0000,0.0000,0.0000,0.0000,0.0000,0.9998,0.0000",5.0
intrusion-detection,p20,50,18,18,1,1,9,"6,2,6,4,7,4,7,7,9,7,2,9,7,9,5,7,7,9,0,4","0.0000,0.0000,0.0000,0.0000,0.0000,0.0000,0.0000,0.0000,0.0000,0.0000,0.0000,0.0000,0.0000,0.0000,0.0000,0.0000,0.0000,0.0000,0.9999,0.0000",5.0
intrusion-detection,p20,70,18,18,1,1,12,"9,4,9,6,10,5,9,10,12,9,4,12,8,12,6,10,9,12,0,7","0.0000,0.0000,0.0000,0.0000,0.0000,0.0000,0.0000,0.0000,0.0000,0.0000,0.0000,0.0000,0.0000,0.0000,0.0000,0.0000,0.0000,0.0000,1.0000,0.0000",5.0
intrusion-detection,p20,100,18,18,1,1,17,"14,8,14,11,14,8,14,14,17,14,8,17,11,17,6,14,14,17,0,9","0.0000,0.0000,0.0000,0.0000,0.0000,0.0000,0.0000,0.0000,0.0000,0.0000,0.0000,0.0000,0.0000,0.0000,0.0000,0.0000,0.0000,0.0000,1.0000,0.0000",5.0
intrusion-detection,p20,10,19,0,4,0,2,"0,1,2,2,1,1,2,1,2,1,1,2,2,2,0,0,2,1,1,0","0.2467,0.0017,0.0000,0.0000,0.0017,0.0017,0.0000,0.0017,0.0000,0.0017,0.0017,0.0000,0.0000,0.0000,0.2467,0.2467,0.0000,0.0017,0.0017,0.2467",5.0
intrusion-detection,p20,30,19,19,1,1,5,"2,2,3,3,4,1,5,4,5,3,2,5,5,5,2,2,5,3,2,0","0.0000,0.0000,0.0000,0.0000,0.0000,0.0067,0.0000,0.0000,0.0000,0.0000,0.0000,0.0000,0.0000,0.0000,0.0000,0.0000,0.0000,0.0000,0.0000,0.9930",5.0
intrusion-detection,p20,50,19,19,1,1,8,"5,3,4,4,6,2,8,6,8,6,3,8,8,8,4,4,8,6,3,0","0.0000,0.0000,0.0000,0.0000,0.0000,0.0000,0.0000,0.0000,0.0000,0.0000,0.0000,0.0000,0.0000,0.0000,0.0000,0.0000,0.0000,0.0000,0.0000,1.0000",5.0
intrusion-detection,p20,70,19,19,1,1,12,"9,7,7,7,10,2,12,10,12,7,7,12,12,12,7,7,12,9,7,0","0.0000,0.0000,0.0000,0.0000,0.0000,0.0000,0.0000,0.0000,0.0000,0.0000,0.0000,0.0000,0.0000,0.0000,0.0000,0.0000,0.0000,0.0000,0.0000,1.0000",5.0
intrusion-detection,p20,100,19,19,1,1,16,"13,10,11,11,13,5,16,13,16,10,10,16,16,16,8,10,16,13,8,0","0.0000,0.0000,0.0000,0.0000,0.0000,0.0000,0.0000,0.0000,0.0000,0.0000,0.0000,0.0000,0.0000,0.0000,0.0000,0.0000,0.0000,0.0000,0.0000,1.0000",5.0
kitchen,kitchen_h0_r10_i2,10,0,0,1,1,2,"0,1,1","0.9867,0.0066,0.0066",5.0
kitchen,kitchen_h0_r10_i2,30,0,0,1,1,6,"0,5,5","1.0000,0.0000,0.0000",5.0
kitchen,kitchen_h0_r10_i2,50,0,0,1,1,10,"0,9,9","1.0000,0.0000,0.0000",5.0
kitchen,kitchen_h0_r10_i2,70,0,0,1,1,14,"0,13,13","1.0000,0.0000,0.0000",5.0
kitchen,kitchen_h0_r10_i2,100,0,0,1,1,19,"1,19,19","1.0000,0.0000,0.0000",5.0
kitchen,kitchen_h0_r10_i2,10,1,0,3,0,1,"0,0,0","0.3333,0.3333,0.3333",5.0
kitchen,kitchen_h0_r10_i2,30,1,1,2,1,2,"1,0,0","0.0034,0.4983,0.4983",5.0
kitchen,kitchen_h0_r10_i2,50,1,1,1,1,3,"2,0,1","0.0000,0.9933,0.0067",5.0
kitchen,kitchen_h0_r10_i2,70,1,1,1,1,5,"4,0,1","0.0000,0.9933,0.0067",5.0
kitchen,kitchen_h0_r10_i2,100,1,1,1,1,6,"5,0,2","0.0000,1.0000,0.0000",5.0
kitchen,kitchen_h0_r10_i2,10,2,0,2,0,1,"0,1,0","0.4983,0.0034,0.4983",5.0
kitchen,kitchen_h0_r10_i2,30,2,2,1,1,2,"1,1,0","0.0066,0.0066,0.9867",5.0
kitchen,kitchen_h0_r10_i2,50,2,2,1,1,3,"2,2,0","0.0000,0.0000,0.9999",5.0
kitchen,kitchen_h0_r10_i2,70,2,2,1,1,4,"4,4,1","0.0000,0.0000,1.0000",5.0
kitchen,kitchen_h0_r10_i2,100,2,2,1,1,5,"5,5,1","0.0000,0.0000,1.0000",5.0
kitchen,kitchen_h0_r10_i3,10,0,0,1,1,2,"0,1,1","0.9867,0.0066,0.0066",5.0
kitchen,kitchen_h0_r10_i3,30,0,0,1,1,6,"0,5,5","1.0000,0.0000,0.0000",5.0
kitchen,kitchen_h0_r10_i3,50,0,0,1,1,10,"0,9,9","1.0000,0.0000,0.0000",5.0
kitchen,kitchen_h0_r10_i3,70,0,0,1,1,14,"0,13,13","1.0000,0.0000,0.0000",5.0
kitchen,kitchen_h0_r10_i3,100,0,0,1,1,19,"1,19,19","1.0000,0.0000,0.0000",5.0
kitchen,kitchen_h0_r10_i3,10,1,0,3,0,1,"0,0,0","0.3333,0.3333,0.3333",5.0
kitchen,kitchen_h0_r10_i3,30,1,1,2,1,2,"1,0,0","0.0034,0.4983,0.4983",5.0
kitchen,kitchen_h0_r10_i3,50,1,1,1,1,3,"2,0,1","0.0000,0.9933,0.0067",5.0
kitchen,kitchen_h0_r10_i3,70,1,1,1,1,5,"4,0,1","0.0000,0.9933,0.0067",5.0
kitchen,kitchen_h0_r10_i3,100,1,1,1,1,6,"5,0,2","0.0000,1.0000,0.0000",5.0
kitchen,kitchen_h0_r10_i3,10,2,0,2,0,1,"0,1,0","0.4983,0.0034,0.4983",5.0
kitchen,kitchen_h0_r10_i3,30,2,2,1,1,2,"1,1,0","0.0066,0.0066,0.9867",5.0
kitchen,kitchen_h0_r10_i3,50,2,2,1,1,3,"2,2,0","0.0000,0.0000,0.9999",5.0
kitchen,kitchen_h0_r10_i3,70,2,2,1,1,4,"4,4,1","0.0000,0.0000,1.0000",5.0
kitchen,kitchen_h0_r10_i3,100,2,2,1,1,5,"5,5,1","0.0000,0.0000,1.0000",5.0
kitchen,kitchen_h0_r10_i4,10,0,0,1,1,2,"0,1,1","0.9867,0.0066,0.0066",5.0
kitchen,kitchen_h0_r10_i4,30,0,0,1,1,6,"0,5,5","1.0000,0.0000,0.0000",5.0
kitchen,kitchen_h0_r10_i4,50,0,0,1,1,10,"0,9,9","1.0000,0.0000,0.0000",5.0
kitchen,kitchen_h0_r10_i4,70,0,0,1,1,14,"0,13,13","1.0000,0.0000,0.0000",5.0
kitchen,kitchen_h0_r10_i4,100,0,0,1,1,19,"1,19,19","1.0000,0.0000,0.0000",5.0
kitchen,kitchen_h0_r10_i4,10,1,0,3,0,1,"0,0,0","0.3333,0.3333,0.3333",5.0
kitchen,kitchen_h0_r10_i4,30,1,1,2,1,2,"1,0,0","0.0034,0.4983,0.4983",5.0
kitchen,kitchen_h0_r10_i4,50,1,1,1,1,3,"2,0,1","0.0000,0.9933,0.0067",5.0
kitchen,kitchen_h0_r10_i4,70,1,1,1,1,5,"4,0,1","0.0000,0.9933,0.0067",5.0
kitchen,kitchen_h0_r10_i4,100,1,1,1,1,6,"5,0,2","0.0000,1.0000,0.0000",5.0
kitchen,kitchen_h0_r10_i4,10,2,0,2,0,1,"0,1,0","0.4983,0.0034,0.4983",5.0
kitchen,kitchen_h0_r10_i4,30,2,2,1,1,2,"1,1,0","0.0066,0.0066,0.9867",5.0
kitchen,kitchen_h0_r10_i4,50,2,2,1,1,3,"2,2,0","0.0000,0.0000,0.9999",5.0
kitchen,kitchen_h0_r10_i4,70,2,2,1,1,4,"4,4,1","0.0000,0.0000,1.0000",5.0
kitchen,kitchen_h0_r10_i4,100,2,2,1,1,5,"5,5,1","0.0000,0.0000,1.0000",5.0
kitchen,kitchen_h0_r10_i6,10,0,0,1,1,2,"0,1,1","0.9867,0.0066,0.0066",5.0
kitchen,kitchen_h0_r10_i6,30,0,0,1,1,6,"0,5,5","1.0000,0.0000,0.0000",5.0
kitchen,kitchen_h0_r10_i6,50,0,0,1,1,10,"0,9,9","1.0000,0.0000,0.0000",5.0
kitchen,kitchen_h0_r10_i6,70,0,0,1,1,14,"0,13,13","1.0000,0.0000,0.0000",5.0
kitchen,kitchen_h0_r10_i6,100,0,0,1,1,19,"1,19,19","1.0000,0.0000,0.0000",5.0
kitchen,kitchen_h0_r10_i6,10,1,0,3,0,1,"0,0,0","0.3333,0.3333,0.3333",5.0
kitchen,kitchen_h0_r10_i6,30,1,1,2,1,2,"1,0,0","0.0034,0.4983,0.4983",5.0
kitchen,kitchen_h0_r10_i6,50,1,1,1,1,3,"2,0,1","0.0000,0.9933,0.0067",5.0
kitchen,kitchen_h0_r10_i6,70,1,1,1,1,5,"4,0,1","0.0000,0.9933,0.0067",5.0
kitchen,kitchen_h0_r10_i6,100,1,1,1,1,6,"5,0,2","0.0000,1.0000,0.0000",5.0
kitchen,kitchen_h0_r10_i6,10,2,0,2,0,1,"0,1,0","0.4983,0.0034,0.4983",5.0
kitchen,kitchen_h0_r10_i6,30,2,2,1,1,2,"1,1,0","0.0066,0.0066,0.9867",5.0
kitchen,kitchen_h0_r10_i6,50,2,2,1,1,3,"2,2,0","0.0000,0.0000,0.9999",5.0
kitchen,kitchen_h0_r10_i6,70,2,2,1,1,4,"4,4,1","0.0000,0.0000,1.0000",5.0
kitchen,kitchen_h0_r10_i6,100,2,2,1,1,5,"5,5,1","0.0000,0.0000,1.0000",5.0
kitchen,kitchen_h0_r10_i7,10,0,0,1,1,2,"0,1,1","0.9867,0.0066,0.0066",5.0
kitchen,kitchen_h0_r10_i7,30,0,0,1,1,6,"0,5,5","1.0000,0.0000,0.0000",5.0
kitchen,kitchen_h0_r10_i7,50,0,0,1,1,10,"0,9,9","1.0000,0.0000,0.0000",5.0
kitchen,kitchen_h0_r10_i7,70,0,0,1,1,14,"0,13,13","1.0000,0.0000,0.0000",5.0
kitchen,kitchen_h0_r10_i7,100,0,0,1,1,19,"1,19,19","1.0000,0.0000,0.0000",5.0
kitchen,kitchen_h0_r10_i7,10,1,0,3,0,1,"0,0,0","0.3333,0.3333,0.3333",5.0
kitchen,kitchen_h0_r10_i7,30,1,1,2,1,2,"1,0,0","0.0034,0.4983,0.4983",5.0
kitchen,kitchen_h0_r10_i7,50,1,1,1,1,3,"2,0,1","0.0000,0.9933,0.0067",5.0
kitchen,kitchen_h0_r10_i7,70,1,1,1,1,5,"4,0,1","0.0000,0.9933,0.0067",5.0
kitchen,kitchen_h0_r10_i7,100,1,1,1,1,6,"5,0,2","0.0000,1.0000,0.0000",5.0
kitchen,kitchen_h0_r10_i7,10,2,0,2,0,1,"0,1,0","0.4983,0.0034,0.4983",5.0
kitchen,kitchen_h0_r10_i7,30,2,2,1,1,2,"1,1,0","0.0066,0.0066,0.9867",5.0
kitchen,kitchen_h0_r10_i7,50,2,2,1,1,3,"2,2,0","0.0000,0.0000,0.9999",5.0
kitchen,kitchen_h0_r10_i7,70,2,2,1,1,4,"4,4,1","0.0000,0.0000,1.0000",5.0
kitchen,kitchen_h0_r10_i7,100,2,2,1,1,5,"5,5,1","0.0000,0.0000,1.0000",5.0
kitchen,kitchen_h0_r10_i8,10,0,0,1,1,2,"0,1,1","0.9867,0.0066,0.0066",5.0
kitchen,kitchen_h0_r10_i8,30,0,0,1,1,6,"0,5,5","1.0000,0.0000,0.0000",5.0
kitchen,kitchen_h0_r10_i8,50,0,0,1,1,10,"0,9,9","1.0000,0.0000,0.0000",5.0
kitchen,kitchen_h0_r10_i8,70,0,0,1,1,14,"0,13,13","1.0000,0.0000,0.0000",5.0
kitchen,kitchen_h0_r10_i8,100,0,0,1,1,19,"1,19,19","1.0000,0.0000,0.0000",5.0
kitchen,kitchen_h0_r10_i8,10,1,0,3,0,1,"0,0,0","0.3333,0.3333,0.3333",5.0
kitchen,kitchen_h0_r10_i8,30,1,1,2,1,2,"1,0,0","0.0034,0.4983,0.4983",5.0
kitchen,kitchen_h0_r10_i8,50,1,1,1,1,3,"2,0,1","0.0000,0.9933,0.0067",5.0
kitchen,kitchen_h0_r10_i8,70,1,1,1,1,5,"4,0,1","0.0000,0.9933,0.0067",5.0
kitchen,kitchen_h0_r10_i8,100,1,1,1,1,6,"5,0,2","0.0000,1.0000,0.0000",5.0
kitchen,kitchen_h0_r10_i8,10,2,0,2,0,1,"0,1,0","0.4983,0.0034,0.4983",5.0
kitchen,kitchen_h0_r10_i8,30,2,2,1,1,2,"1,1,0","0.0066,0.0066,0.9867",5.0
kitchen,kitchen_h0_r10_i8,50,2,2,1,1,3,"2,2,0","0.0000,0.0000,0.9999",5.0
kitchen,kitchen_h0_r10_i8,70,2,2,1,1,4,"4,4,1","0.0000,0.0000,1.0000",5.0
kitchen,kitchen_h0_r10_i8,100,2,2,1,1,5,"5,5,1","0.0000,0.0000,1.0000",5.0
kitchen,kitchen_h0_r30_i0,10,0,0,1,1,2,"0,1,1","0.9867,0.0066,0.0066",5.0
kitchen,kitchen_h0_r30_i0,30,0,0,1,1,6,"0,5,5","1.0000,0.0000,0.0000",5.0
kitchen,kitchen_h0_r30_i0,50,0,0,1,1,10,"0,9,9","1.0000,0.0000,0.0000",5.0
kitchen,kitchen_h0_r30_i0,70,0,0,1,1,14,"0,13,13","1.0000,0.0000,0.0000",5.0
kitchen,kitchen_h0_r30_i0,100,0,0,1,1,19,"1,19,19","1.0000,0.0000,0.0000",5.0
kitchen,kitchen_h0_r30_i0,10,1,0,3,0,1,"0,0,0","0.3333,0.3333,0.3333",5.0
kitchen,kitchen_h0_r30_i0,30,1,1,2,1,2,"1,0,0","0.0034,0.4983,0.4983",5.0
kitchen,kitchen_h0_r30_i0,50,1,1,1,1,3,"2,0,1","0.0000,0.9933,0.0067",5.0
kitchen,kitchen_h0_r30_i0,70,1,1,1,1,5,"4,0,1","0.0000,0.9933,0.0067",5.0
kitchen,kitchen_h0_r30_i0,100,1,1,1,1,6,"5,0,2","0.0000,1.0000,0.0000",5.0
kitchen,kitchen_h0_r30_i0,10,2,0,2,0,1,"0,1,0","0.4983,0.0034,0.4983",5.0
kitchen,kitchen_h0_r30_i0,30,2,2,1,1,2,"1,1,0","0.0066,0.0066,0.9867",5.0
kitchen,kitchen_h0_r30_i0,50,2,2,1,1,3,"2,2,0","0.0000,0.0000,0.9999",5.0
kitchen,kitchen_h0_r30_i0,70,2,2,1,1,4,"4,4,1","0.0000,0.0000,1.0000",5.0
kitchen,kitchen_h0_r30_i0,100,2,2,1,1,5,"5,5,1","0.0000,0.0000,1.0000",5.0
kitchen,kitchen_h0_r30_i2,10,0,0,1,1,2,"0,1,1","0.9867,0.0066,0.0066",5.0
kitchen,kitchen_h0_r30_i2,30,0,0,1,1,6,"0,5,5","1.0000,0.0000,0.0000",5.0
kitchen,kitchen_h0_r30_i2,50,0,0,1,1,10,"0,9,9","1.0000,0.0000,0.0000",5.0
kitchen,kitchen_h0_r30_i2,70,0,0,1,1,14,"0,13,13","1.0000,0.0000,0.0000",5.0
kitchen,kitchen_h0_r30_i2,100,0,0,1,1,19,"1,19,19","1.0000,0.0000,0.0000",5.0
kitchen,kitchen_h0_r30_i2,10,1,0,3,0,1,"0,0,0","0.3333,0.3333,0.3333",5.0
kitchen,kitchen_h0_r30_i2,30,1,1,2,1,2,"1,0,0","0.0034,0.4983,0.4983",5.0
kitchen,kitchen_h0_r30_i2,50,1,1,1,1,3,"2,0,1","0.0000,0.9933,0.0067",5.0
kitchen,kitchen_h0_r30_i2,70,1,1,1,1,5,"4,0,1","0.0000,0.9933,0.0067",5.0
kitchen,kitchen_h0_r30_i2,100,1,1,1,1,6,"5,0,2","0.0000,1.0000,0.0000",5.0
kitchen,kitchen_h0_r30_i2,10,2,0,2,0,1,"0,1,0","0.4983,0.0034,0.4983",5.0
kitchen,kitchen_h0_r30_i2,30,2,2,1,1,2,"1,1,0","0.0066,0.0066,0.9867",5.0
kitchen,kitchen_h0_r30_i2,50,2,2,1,1,3,"2,2,0","0.0000,0.0000,0.9999",5.0
kitchen,kitchen_h0_r30_i2,70,2,2,1,1,4,"4,4,1","0.0000,0.0000,1.0000",5.0
kitchen,kitchen_h0_r30_i2,100,2,2,1,1,5,"5,5,1","0.0000,0.0000,1.0000",5.0
kitchen,kitchen_h0_r30_i3,10,0,0,1,1,2,"0,1,1","0.9867,0.0066,0.0066",5.0
kitchen,kitchen_h0_r30_i3,30,0,0,1,1,6,"0,5,5","1.0000,0.0000,0.0000",5.0
kitchen,kitchen_h0_r30_i3,50,0,0,1,1,10,"0,9,9","1.0000,0.0000,0.0000",5.0
kitchen,kitchen_h0_r30_i3,70,0,0,1,1,14,"0,13,13","1.0000,0.0000,0.0000",5.0
kitchen,kitchen_h0_r30_i3,100,0,0,1,1,19,"1,19,19","1.0000,0.0000,0.0000",5.0
kitchen,kitchen_h0_r30_i3,10,1,0,3,0,1,"0,0,0","0.3333,0.3333,0.3333",5.0
kitchen,kitchen_h0_r30_i3,30,1,1,2,1,2,"1,0,0","0.0034,0.4983,0.4983",5.0
kitchen,kitchen_h0_r30_i3,50,1,1,1,1,3,"2,0,1","0.0000,0.9933,0.0067",5.0
kitchen,kitchen_h0_r30_i3,70,1,1,1,1,5,"4,0,1","0.0000,0.9933,0.0067",5.0
kitchen,kitchen_h0_r30_i3,100,1,1,1,1,6,"5,0,2","0.0000,1.0000,0.0000",5.0
kitchen,kitchen_h0_r30_i3,10,2,0,2,0,1,"0,1,0","0.4983,0.0034,0.4983",5.0
kitchen,kitchen_h0_r30_i3,30,2,2,1,1,2,"1,1,0","0.0066,0.0066,0.9867",5.0
kitchen,kitchen_h0_r30_i3,50,2,2,1,1,3,"2,2,0","0.0000,0.0000,0.9999",5.0
kitchen,kitchen_h0_r30_i3,70,2,2,1,1,4,"4,4,1","0.0000,0.0000,1.0000",5.0
kitchen,kitchen_h0_r30_i3,100,2,2,1,1,5,"5,5,1","0.0000,0.0000,1.0000",5.0
kitchen,kitchen_h0_r50_i6,10,0,0,1,1,2,"0,1,1","0.9867,0.0066,0.0066",5.0
kitchen,kitchen_h0_r50_i6,30,0,0,1,1,6,"0,5,5","1.0000,0.0000,0.0000",5.0
kitchen,kitchen_h0_r50_i6,50,0,0,1,1,10,"0,9,9","1.0000,0.0000,0.0000",5.0
kitchen,kitchen_h0_r50_i6,70,0,0,1,1,14,"0,13,13","1.0000,0.0000,0.0000",5.0
kitchen,kitchen_h0_r50_i6,100,0,0,1,1,19,"1,19,19","1.0000,0.0000,0.0000",5.0
kitchen,kitchen_h0_r50_i6,10,1,0,3,0,1,"0,0,0","0.3333,0.3333,0.3333",5.0
kitchen,kitchen_h0_r50_i6,30,1,1,2,1,2,"1,0,0","0.0034,0.4983,0.4983",5.0
kitchen,kitchen_h0_r50_i6,50,1,1,1,1,3,"2,0,1","0.0000,0.9933,0.0067",5.0
kitchen,kitchen_h0_r50_i6,70,1,1,1,1,5,"4,0,1","0.0000,0.9933,0.0067",5.0
kitchen,kitchen_h0_r50_i6,100,1,1,1,1,6,"5,0,2","0.0000,1.0000,0.0000",5.0
kitchen,kitchen_h0_r50_i6,10,2,0,2,0,1,"0,1,0","0.4983,0.0034,0.4983",5.0
kitchen,kitchen_h0_r50_i6,30,2,2,1,1,2,"1,1,0","0.0066,0.0066,0.9867",5.0
kitchen,kitchen_h0_r50_i6,50,2,2,1,1,3,"2,2,0","0.0000,0.0000,0.9999",5.0
kitchen,kitchen_h0_r50_i6,70,2,2,1,1,4,"4,4,1","0.0000,0.0000,1.0000",5.0
kitchen,kitchen_h0_r50_i6,100,2,2,1,1,5,"5,5,1","0.0000,0.0000,1.0000",5.0
kitchen,kitchen_h0_r50_i7,10,0,0,1,1,2,"0,1,1","0.9867,0.0066,0.0066",5.0
kitchen,kitchen_h0_r50_i7,30,0,0,1,1,6,"0,5,5","1.0000,0.0000,0.0000",5.0
kitchen,kitchen_h0_r50_i7,50,0,0,1,1,10,"0,9,9","1.0000,0.0000,0.0000",5.0
kitchen,kitchen_h0_r50_i7,70,0,0,1,1,14,"0,13,13","1.0000,0.0000,0.0000",5.0
kitchen,kitchen_h0_r50_i7,100,0,0,1,1,19,"1,19,19","1.0000,0.0000,0.0000",5.0
kitchen,kitchen_h0_r50_i7,10,1,0,3,0,1,"0,0,0","0.3333,0.3333,0.3333",5.0
kitchen,kitchen_h0_r50_i7,30,1,1,2,1,2,"1,0,0","0.0034,0.4983,0.4983",5.0
kitchen,kitchen_h0_r50_i7,50,1,1,1,1,3,"2,0,1","0.0000,0.9933,0.0067",5.0
kitchen,kitchen_h0_r50_i7,70,1,1,1,1,5,"4,0,1","0.0000,0.9933,0.0067",5.0
kitchen,kitchen_h0_r50_i7,100,1,1,1,1,6,"5,0,2","0.0000,1.0000,0.0000",5.0
kitchen,kitchen_h0_r50_i7,10,2,0,2,0,1,"0,1,0","0.4983,0.0034,0.4983",5.0
kitchen,kitchen_h0_r50_i7,30,2,2,1,1,2,"1,1,0","0.0066,0.0066,0.9867",5.0
kitchen,kitchen_h0_r50_i7,50,2,2,1,1,3,"2,2,0","0.0000,0.0000,0.9999",5.0
kitchen,kitchen_h0_r50_i7,70,2,2,1,1,4,"4,4,1","0.0000,0.0000,1.0000",5.0
kitchen,kitchen_h0_r50_i7,100,2,2,1,1,5,"5,5,1","0.0000,0.0000,1.0000",5.0
kitchen,kitchen_h0_r50_i8,10,0,0,1,1,2,"0,1,1","0.9867,0.0066,0.0066",5.0
kitchen,kitchen_h0_r50_i8,30,0,0,1,1,6,"0,5,5","1.0000,0.0000,0.0000",5.0
kitchen,kitchen_h0_r50_i8,50,0,0,1,1,10,"0,9,9","1.0000,0.0000,0.0000",5.0
kitchen,kitchen_h0_r50_i8,70,0,0,1,1,14,"0,13,13","1.0000,0.0000,0.0000",5.0
kitchen,kitchen_h0_r50_i8,100,0,0,1,1,19,"1,19,19","1.0000,0.0000,0.0000",5.0
kitchen,kitchen_h0_r50_i8,10,1,0,3,0,1,"0,0,0","0.3333,0.3333,0.3333",5.0
kitchen,kitchen_h0_r50_i8,30,1,1,2,1,2,"1,0,0","0.0034,0.4983,0.4983",5.0
kitchen,kitchen_h0_r50_i8,50,1,1,1,1,3,"2,0,1","0.0000,0.9933,0.0067",5.0
kitchen,kitchen_h0_r50_i8,70,1,1,1,1,5,"4,0,1","0.0000,0.9933,0.0067",5.0
kitchen,kitchen_h0_r50_i8,100,1,1,1,1,6,"5,0,2","0.0000,1.0000,0.0000",5.0
kitchen,kitchen_h0_r50_i8,10,2,0,2,0,1,"0,1,0","0.4983,0.0034,0.4983",5.0
kitchen,kitchen_h0_r50_i8,30,2,2,1,1,2,"1,1,0","0.0066,0.0066,0.9867",5.0
kitchen,kitchen_h0_r50_i8,50,2,2,1,1,3,"2,2,0","0.0000,0.0000,0.9999",5.0
kitchen,kitchen_h0_r50_i8,70,2,2,1,1,4,"4,4,1","0.0000,0.0000,1.0000",5.0
kitchen,kitchen_h0_r50_i8,100,2,2,1,1,5,"5,5,1","0.0000,0.0000,1.0000",5.0
kitchen,kitchen_h0_r70_i2,10,0,0,1,1,2,"0,1,1","0.9867,0.0066,0.0066",5.0
kitchen,kitchen_h0_r70_i2,30,0,0,1,1,6,"0,5,5","1.0000,0.0000,0.0000",5.0
kitchen,kitchen_h0_r70_i2,50,0,0,1,1,10,"0,9,9","1.0000,0.0000,0.0000",5.0
kitchen,kitchen_h0_r70_i2,70,0,0,1,1,14,"0,13,13","1.0000,0.0000,0.0000",5.0
kitchen,kitchen_h0_r70_i2,100,0,0,1,1,19,"1,19,19","1.0000,0.0000,0.0000",5.0
kitchen,kitchen_h0_r70_i2,10,1,0,3,0,1,"0,0,0","0.3333,0.3333,0.3333",5.0
kitchen,kitchen_h0_r70_i2,30,1,1,2,1,2,"1,0,0","0.0034,0.4983,0.4983",5.0
kitchen,kitchen_h0_r70_i2,50,1,1,1,1,3,"2,0,1","0.0000,0.9933,0.0067",5.0
kitchen,kitchen_h0_r70_i2,70,1,1,1,1,5,"4,0,1","0.0000,0.9933,0.0067",5.0
kitchen,kitchen_h0_r70_i2,100,1,1,1,1,6,"5,0,2","0.0000,1.0000,0.0000",5.0
kitchen,kitchen_h0_r70_i2,10,2,0,2,0,1,"0,1,0","0.4983,0.0034,0.4983",5.0
kitchen,kitchen_h0_r70_i2,30,2,2,1,1,2,"1,1,0","0.0066,0.0066,0.9867",5.0
kitchen,kitchen_h0_r70_i2,50,2,2,1,1,3,"2,2,0","0.0000,0.0000,0.9999",5.0
kitchen,kitchen_h0_r70_i2,70,2,2,1,1,4,"4,4,1","0.0000,0.0000,1.0000",5.0
kitchen,kitchen_h0_r70_i2,100,2,2,1,1,5,"5,5,1","0.0000,0.0000,1.0000",5.0
kitchen,kitchen_h0_r70_i3,10,0,0,1,1,2,"0,1,1","0.9867,0.0066,0.0066",5.0
kitchen,kitchen_h0_r70_i3,30,0,0,1,1,6,"0,5,5","1.0000,0.0000,0.0000",5.0
kitchen,kitchen_h0_r70_i3,50,0,0,1,1,10,"0,9,9","1.0000,0.0000,0.0000",5.0
kitchen,kitchen_h0_r70_i3,70,0,0,1,1,14,"0,13,13","1.0000,0.0000,0.0000",5.0
kitchen,kitchen_h0_r70_i3,100,0,0,1,1,19,"1,19,19","1.0000,0.0000,0.0000",5.0
kitchen,kitchen_h0_r70_i3,10,1,0,3,0,1,"0,0,0","0.3333,0.3333,0.3333",5.0
kitchen,kitchen_h0_r70_i3,30,1,1,2,1,2,"1,0,0","0.0034,0.4983,0.4983",5.0
kitchen,kitchen_h0_r70_i3,50,1,1,1,1,3,"2,0,1","0.0000,0.9933,0.0067",5.0
kitchen,kitchen_h0_r70_i3,70,1,1,1,1,5,"4,0,1","0.0000,0.9933,0.0067",5.0
kitchen,kitchen_h0_r70_i3,100,1,1,1,1,6,"5,0,2","0.0000,1.0000,0.0000",5.0
kitchen,kitchen_h0_r70_i3,10,2,0,2,0,1,"0,1,0","0.4983,0.0034,0.4983",5.0
kitchen,kitchen_h0_r70_i3,30,2,2,1,1,2,"1,1,0","0.0066,0.0066,0.9867",5.0
kitchen,kitchen_h0_r70_i3,50,2,2,1,1,3,"2,2,0","0.0000,0.0000,0.9999",5.0
kitchen,kitchen_h0_r70_i3,70,2,2,1,1,4,"4,4,1","0.0000,0.0000,1.0000",5.0
kitchen,kitchen_h0_r70_i3,100,2,2,1,1,5,"5,5,1","0.0000,0.0000,1.0000",5.0
kitchen,kitchen_h0_r70_i5,10,0,0,1,1,2,"0,1,1","0.9867,0.0066,0.0066",5.0
kitchen,kitchen_h0_r70_i5,30,0,0,1,1,6,"0,5,5","1.0000,0.0000,0.0000",5.0
kitchen,kitchen_h0_r70_i5,50,0,0,1,1,10,"0,9,9","1.0000,0.0000,0.0000",5.0
kitchen,kitchen_h0_r70_i5,70,0,0,1,1,14,"0,13,13","1.0000,0.0000,0.0000",5.0
kitchen,kitchen_h0_r70_i5,100,0,0,1,1,19,"1,19,19","1.0000,0.0000,0.0000",5.0
kitchen,kitchen_h0_r70_i5,10,1,0,3,0,1,"0,0,0","0.3333,0.3333,0.3333",5.0
kitchen,kitchen_h0_r70_i5,30,1,1,2,1,2,"1,0,0","0.0034,0.4983,0.4983",5.0
kitchen,kitchen_h0_r70_i5,50,1,1,1,1,3,"2,0,1","0.0000,0.9933,0.0067",5.0
kitchen,kitchen_h0_r70_i5,70,1,1,1,1,5,"4,0,1","0.0000,0.9933,0.0067",5.0
kitchen,kitchen_h0_r70_i5,100,1,1,1,1,6,"5,0,2","0.0000,1.0000,0.0000",5.0
kitchen,kitchen_h0_r70_i5,10,2,0,2,0,1,"0,1,0","0.4983,0.0034,0.4983",5.0
kitchen,kitchen_h0_r70_i5,30,2,2,1,1,2,"1,1,0","0.0066,0.0066,0.9867",5.0
kitchen,kitchen_h0_r70_i5,50,2,2,1,1,3,"2,2,0","0.0000,0.0000,0.9999",5.0
kitchen,kitchen_h0_r70_i5,70,2,2,1,1,4,"4,4,1","0.0000,0.0000,1.0000",5.0
kitchen,kitchen_h0_r70_i5,100,2,2,1,1,5,"5,5,1","0.0000,0.0000,1.0000",5.0
kitchen,kitchen_h0_r70_i7,10,0,0,1,1,2,"0,1,1","0.9867,0.0066,0.0066",5.0
kitchen,kitchen_h0_r70_i7,30,0,0,1,1,6,"0,5,5","1.0000,0.0000,0.0000",5.0
kitchen,kitchen_h0_r70_i7,50,0,0,1,1,10,"0,9,9","1.0000,0.0000,0.0000",5.0
kitchen,kitchen_h0_r70_i7,70,0,0,1,1,14,"0,13,13","1.0000,0.0000,0.0000",5.0
kitchen,kitchen_h0_r70_i7,100,0,0,1,1,19,"1,19,19","1.0000,0.0000,0.0000",5.0
kitchen,kitchen_h0_r70_i7,10,1,0,3,0,1,"0,0,0","0.3333,0.3333,0.3333",5.0
kitchen,kitchen_h0_r70_i7,30,1,1,2,1,2,"1,0,0","0.0034,0.4983,0.4983",5.0
kitchen,kitchen_h0_r70_i7,50,1,1,1,1,3,"2,0,1","0.0000,0.9933,0.0067",5.0
kitchen,kitchen_h0_r70_i7,70,1,1,1,1,5,"4,0,1","0.0000,0.9933,0.0067",5.0
kitchen,kitchen_h0_r70_i7,100,1,1,1,1,6,"5,0,2","0.0000,1.0000,0.0000",5.0
kitchen,kitchen_h0_r70_i7,10,2,0,2,0,1,"0,1,0","0.4983,0.0034,0.4983",5.0
kitchen,kitchen_h0_r70_i7,30,2,2,1,1,2,"1,1,0","0.0066,0.0066,0.9867",5.0
kitchen,kitchen_h0_r70_i7,50,2,2,1,1,3,"2,2,0","0.0000,0.0000,0.9999",5.0
kitchen,kitchen_h0_r70_i7,70,2,2,1,1,4,"4,4,1","0.0000,0.0000,1.0000",5.0
kitchen,kitchen_h0_r70_i7,100,2,2,1,1,5,"5,5,1","0.0000,0.0000,1.0000",5.0
kitchen,kitchen_h0_r70_i8,10,0,0,1,1,2,"0,1,1","0.9867,0.0066,0.0066",5.0
kitchen,kitchen_h0_r70_i8,30,0,0,1,1,6,"0,5,5","1.0000,0.0000,0.0000",5.0
kitchen,kitchen_h0_r70_i8,50,0,0,1,1,10,"0,9,9","1.0000,0.0000,0.0000",5.0
kitchen,kitchen_h0_r70_i8,70,0,0,1,1,14,"0,13,13","1.0000,0.0000,0.0000",5.0
kitchen,kitchen_h0_r70_i8,100,0,0,1,1,19,"1,19,19","1.0000,0.0000,0.0000",5.0
kitchen,kitchen_h0_r70_i8,10,1,0,3,0,1,"0,0,0","0.3333,0.3333,0.3333",5.0
kitchen,kitchen_h0_r70_i8,30,1,1,2,1,2,"1,0,0","0.0034,0.4983,0.4983",5.0
kitchen,kitchen_h0_r70_i8,50,1,1,1,1,3,"2,0,1","0.0000,0.9933,0.0067",5.0
kitchen,kitchen_h0_r70_i8,70,1,1,1,1,5,"4,0,1","0.0000,0.9933,0.0067",5.0
kitchen,kitchen_h0_r70_i8,100,1,1,1,1,6,"5,0,2","0.0000,1.0000,0.0000",5.0
kitchen,kitchen_h0_r70_i8,10,2,0,2,0,1,"0,1,0","0.4983,0.0034,0.4983",5.0
kitchen,kitchen_h0_r70_i8,30,2,2,1,1,2,"1,1,0","0.0066,0.0066,0.9867",5.0
kitchen,kitchen_h0_r70_i8,50,2,2,1,1,3,"2,2,0","0.0000,0.0000,0.9999",5.0
kitchen,kitchen_h0_r70_i8,70,2,2,1,1,4,"4,4,1","0.0000,0.0000,1.0000",5.0
kitchen,kitchen_h0_r70_i8,100,2,2,1,1,5,"5,5,1","0.0000,0.0000,1.0000",5.0
kitchen,kitchen_h0_rfull_i0,10,0,0,1,1,2,"0,1,1","0.9867,0.0066,0.0066",5.0
kitchen,kitchen_h0_rfull_i0,30,0,0,1,1,6,"0,5,5","1.0000,0.0000,0.0000",5.0
kitchen,kitchen_h0_rfull_i0,50,0,0,1,1,10,"0,9,9","1.0000,0.0000,0.0000",5.0
kitchen,kitchen_h0_rfull_i0,70,0,0,1,1,14,"0,13,13","1.0000,0.0000,0.0000",5.0
kitchen,kitchen_h0_rfull_i0,100,0,0,1,1,19,"1,19,19","1.0000,0.0000,0.0000",5.0
kitchen,kitchen_h0_rfull_i0,10,1,0,3,0,1,"0,0,0","0.3333,0.3333,0.3333",5.0
kitchen,kitchen_h0_rfull_i0,30,1,1,2,1,2,"1,0,0","0.0034,0.4983,0.4983",5.0
kitchen,kitchen_h0_rfull_i0,50,1,1,1,1,3,"2,0,1","0.0000,0.9933,0.0067",5.0
kitchen,kitchen_h0_rfull_i0,70,1,1,1,1,5,"4,0,1","0.0000,0.9933,0.0067",5.0
kitchen,kitchen_h0_rfull_i0,100,1,1,1,1,6,"5,0,2","0.0000,1.0000,0.0000",5.0
kitchen,kitchen_h0_rfull_i0,10,2,0,2,0,1,"0,1,0","0.4983,0.0034,0.4983",5.0
kitchen,kitchen_h0_rfull_i0,30,2,2,1,1,2,"1,1,0","0.0066,0.0066,0.9867",5.0
kitchen,kitchen_h0_rfull_i0,50,2,2,1,1,3,"2,2,0","0.0000,0.0000,0.9999",5.0
kitchen,kitchen_h0_rfull_i0,70,2,2,1,1,4,"4,4,1","0.0000,0.0000,1.0000",5.0
kitchen,kitchen_h0_rfull_i0,100,2,2,1,1,5,"5,5,1","0.0000,0.0000,1.0000",5.0
kitchen,kitchen_h0_rfull_i1,10,0,0,1,1,2,"0,1,1","0.9867,0.0066,0.0066",5.0
kitchen,kitchen_h0_rfull_i1,30,0,0,1,1,6,"0,5,5","1.0000,0.0000,0.0000",5.0
kitchen,kitchen_h0_rfull_i1,50,0,0,1,1,10,"0,9,9","1.0000,0.0000,0.0000",5.0
kitchen,kitchen_h0_rfull_i1,70,0,0,1,1,14,"0,13,13","1.0000,0.0000,0.0000",5.0
kitchen,kitchen_h0_rfull_i1,100,0,0,1,1,19,"1,19,19","1.0000,0.0000,0.0000",5.0
kitchen,kitchen_h0_rfull_i1,10,1,0,3,0,1,"0,0,0","0.3333,0.3333,0.3333",5.0
kitchen,kitchen_h0_rfull_i1,30,1,1,2,1,2,"1,0,0","0.0034,0.4983,0.4983",5.0
kitchen,kitchen_h0_rfull_i1,50,1,1,1,1,3,"2,0,1","0.0000,0.9933,0.0067",5.0
kitchen,kitchen_h0_rfull_i1,70,1,1,1,1,5,"4,0,1","0.0000,0.9933,0.0067",5.0
kitchen,kitchen_h0_rfull_i1,100,1,1,1,1,6,"5,0,2","0.0000,1.0000,0.0000",5.0
kitchen,kitchen_h0_rfull_i1,10,2,0,2,0,1,"0,1,0","0.4983,0.0034,0.4983",5.0
kitchen,kitchen_h0_rfull_i1,30,2,2,1,1,2,"1,1,0","0.0066,0.0066,0.9867",5.0
kitchen,kitchen_h0_rfull_i1,50,2,2,1,1,3,"2,2,0","0.0000,0.0000,0.9999",5.0
kitchen,kitchen_h0_rfull_i1,70,2,2,1,1,4,"4,4,1","0.0000,0.0000,1.0000",5.0
kitchen,kitchen_h0_rfull_i1,100,2,2,1,1,5,"5,5,1","0.0000,0.0000,1.0000",5.0
kitchen,kitchen_h0_rfull_i2,10,0,0,1,1,2,"0,1,1","0.9867,0.0066,0.0066",5.0
kitchen,kitchen_h0_rfull_i2,30,0,0,1,1,6,"0,5,5","1.0000,0.0000,0.0000",5.0
kitchen,kitchen_h0_rfull_i2,50,0,0,1,1,10,"0,9,9","1.0000,0.0000,0.0000",5.0
kitchen,kitchen_h0_rfull_i2,70,0,0,1,1,14,"0,13,13","1.0000,0.0000,0.0000",5.0
kitchen,kitchen_h0_rfull_i2,100,0,0,1,1,19,"1,19,19","1.0000,0.0000,0.0000",5.0
kitchen,kitchen_h0_rfull_i2,10,1,0,3,0,1,"0,0,0","0.3333,0.3333,0.3333",5.0
kitchen,kitchen_h0_rfull_i2,30,1,1,2,1,2,"1,0,0","0.0034,0.4983,0.4983",5.0
kitchen,kitchen_h0_rfull_i2,50,1,1,1,1,3,"2,0,1","0.0000,0.9933,0.0067",5.0
kitchen,kitchen_h0_rfull_i2,70,1,1,1,1,5,"4,0,1","0.0000,0.9933,0.0067",5.0
kitchen,kitchen_h0_rfull_i2,100,1,1,1,1,6,"5,0,2","0.0000,1.0000,0.0000",5.0
kitchen,kitchen_h0_rfull_i2,10,2,0,2,0,1,"0,1,0","0.4983,0.0034,0.4983",5.0
kitchen,kitchen_h0_rfull_i2,30,2,2,1,1,2,"1,1,0","0.0066,0.0066,0.9867",5.0
kitchen,kitchen_h0_rfull_i2,50,2,2,1,1,3,"2,2,0","0.0000,0.0000,0.9999",5.0
kitchen,kitchen_h0_rfull_i2,70,2,2,1,1,4,"4,4,1","0.0000,0.0000,1.0000",5.0
kitchen,kitchen_h0_rfull_i2,100,2,2,1,1,5,"5,5,1","0.0000,0.0000,1.0000",5.0
kitchen,kitchen_h0_rfull_i4,10,0,0,1,1,2,"0,1,1","0.9867,0.0066,0.0066",5.0
kitchen,kitchen_h0_rfull_i4,30,0,0,1,1,6,"0,5,5","1.0000,0.0000,0.0000",5.0
kitchen,kitchen_h0_rfull_i4,50,0,0,1,1,10,"0,9,9","1.0000,0.0000,0.0000",5.0
kitchen,kitchen_h0_rfull_i4,70,0,0,1,1,14,"0,13,13","1.0000,0.0000,0.0000",5.0
kitchen,kitchen_h0_rfull_i4,100,0,0,1,1,19,"1,19,19","1.0000,0.0000,0.0000",5.0
kitchen,kitchen_h0_rfull_i4,10,1,0,3,0,1,"0,0,0","0.3333,0.3333,0.3333",5.0
kitchen,kitchen_h0_rfull_i4,30,1,1,2,1,2,"1,0,0","0.0034,0.4983,0.4983",5.0
kitchen,kitchen_h0_rfull_i4,50,1,1,1,1,3,"2,0,1","0.0000,0.9933,0.0067",5.0
kitchen,kitchen_h0_rfull_i4,70,1,1,1,1,5,"4,0,1","0.0000,0.9933,0.0067",5.0
kitchen,kitchen_h0_rfull_i4,100,1,1,1,1,6,"5,0,2","0.0000,1.0000,0.0000",5.0
kitchen,kitchen_h0_rfull_i4,10,2,0,2,0,1,"0,1,0","0.4983,0.0034,0.4983",5.0
kitchen,kitchen_h0_rfull_i4,30,2,2,1,1,2,"1,1,0","0.0066,0.0066,0.9867",5.0
kitchen,kitchen_h0_rfull_i4,50,2,2,1,1,3,"2,2,0","0.0000,0.0000,0.9999",5.0
kitchen,kitchen_h0_rfull_i4,70,2,2,1,1,4,"4,4,1","0.0000,0.0000,1.0000",5.0
kitchen,kitchen_h0_rfull_i4,100,2,2,1,1,5,"5,5,1","0.0000,0.0000,1.0000",5.0
kitchen,kitchen_h0_rfull_i6,10,0,0,1,1,2,"0,1,1","0.9867,0.0066,0.0066",5.0
kitchen,kitchen_h0_rfull_i6,30,0,0,1,1,6,"0,5,5","1.0000,0.0000,0.0000",5.0
kitchen,kitchen_h0_rfull_i6,50,0,0,1,1,10,"0,9,9","1.0000,0.0000,0.0000",5.0
kitchen,kitchen_h0_rfull_i6,70,0,0,1,1,14,"0,13,13","1.0000,0.0000,0.0000",5.0
kitchen,kitchen_h0_rfull_i6,100,0,0,1,1,19,"1,19,19","1.0000,0.0000,0.0000",5.0
kitchen,kitchen_h0_rfull_i6,10,1,0,3,0,1,"0,0,0","0.3333,0.3333,0.3333",5.0
kitchen,kitchen_h0_rfull_i6,30,1,1,2,1,2,"1,0,0","0.0034,0.4983,0.4983",5.0
kitchen,kitchen_h0_rfull_i6,50,1,1,1,1,3,"2,0,1","0.0000,0.9933,0.0067",5.0
kitchen,kitchen_h0_rfull_i6,70,1,1,1,1,5,"4,0,1","0.0000,0.9933,0.0067",5.0
kitchen,kitchen_h0_rfull_i6,100,1,1,1,1,6,"5,0,2","0.0000,1.0000,0.0000",5.0
kitchen,kitchen_h0_rfull_i6,10,2,0,2,0,1,"0,1,0","0.4983,0.0034,0.4983",5.0
kitchen,kitchen_h0_rfull_i6,30,2,2,1,1,2,"1,1,0","0.0066,0.0066,0.9867",5.0
kitchen,kitchen_h0_rfull_i6,50,2,2,1,1,3,"2,2,0","0.0000,0.0000,0.9999",5.0
kitchen,kitchen_h0_rfull_i6,70,2,2,1,1,4,"4,4,1","0.0000,0.0000,1.0000",5.0
kitchen,kitchen_h0_rfull_i6,100,2,2,1,1,5,"5,5,1","0.0000,0.0000,1.0000",5.0
kitchen,kitchen_h0_rfull_i7,10,0,0,1,1,2,"0,1,1","0.9867,0.0066,0.0066",5.0
kitchen,kitchen_h0_rfull_i7,30,0,0,1,1,6,"0,5,5","1.0000,0.0000,0.0000",5.0
kitchen,kitchen_h0_rfull_i7,50,0,0,1,1,10,"0,9,9","1.0000,0.0000,0.0000",5.0
kitchen,kitchen_h0_rfull_i7,70,0,0,1,1,14,"0,13,13","1.0000,0.0000,0.0000",5.0
kitchen,kitchen_h0_rfull_i7,100,0,0,1,1,19,"1,19,19","1.0000,0.0000,0.0000",5.0
kitchen,kitchen_h0_rfull_i7,10,1,0,3,0,1,"0,0,0","0.3333,0.3333,0.3333",5.0
kitchen,kitchen_h0_rfull_i7,30,1,1,2,1,2,"1,0,0","0.0034,0.4983,0.4983",5.0
kitchen,kitchen_h0_rfull_i7,50,1,1,1,1,3,"2,0,1","0.0000,0.9933,0.0067",5.0
kitchen,kitchen_h0_rfull_i7,70,1,1,1,1,5,"4,0,1","0.0000,0.9933,0.0067",5.0
kitchen,kitchen_h0_rfull_i7,100,1,1,1,1,6,"5,0,2","0.0000,1.0000,0.0000",5.0
kitchen,kitchen_h0_rfull_i7,10,2,0,2,0,1,"0,1,0","0.4983,0.0034,0.4983",5.0
kitchen,kitchen_h0_rfull_i7,30,2,2,1,1,2,"1,1,0","0.0066,0.0066,0.9867",5.0
kitchen,kitchen_h0_rfull_i7,50,2,2,1,1,3,"2,2,0","0.0000,0.0000,0.9999",5.0
kitchen,kitchen_h0_rfull_i7,70,2,2,1,1,4,"4,4,1","0.0000,0.0000,1.0000",5.0
kitchen,kitchen_h0_rfull_i7,100,2,2,1,1,5,"5,5,1","0.0000,0.0000,1.0000",5.0
kitchen,kitchen_h0_rfull_i8,10,0,0,1,1,2,"0,1,1","0.9867,0.0066,0.0066",5.0
kitchen,kitchen_h0_rfull_i8,30,0,0,1,1,6,"0,5,5","1.0000,0.0000,0.0000",5.0
kitchen,kitchen_h0_rfull_i8,50,0,0,1,1,10,"0,9,9","1.0000,0.0000,0.0000",5.0
kitchen,kitchen_h0_rfull_i8,70,0,0,1,1,14,"0,13,13","1.0000,0.0000,0.0000",5.0
kitchen,kitchen_h0_rfull_i8,100,0,0,1,1,19,"1,19,19","1.0000,0.0000,0.0000",5.0
kitchen,kitchen_h0_rfull_i8,10,1,0,3,0,1,"0,0,0","0.3333,0.3333,0.3333",5.0
kitchen,kitchen_h0_rfull_i8,30,1,1,2,1,2,"1,0,0","0.0034,0.4983,0.4983",5.0
kitchen,kitchen_h0_rfull_i8,50,1,1,1,1,3,"2,0,1","0.0000,0.9933,0.0067",5.0
kitchen,kitchen_h0_rfull_i8,70,1,1,1,1,5,"4,0,1","0.0000,0.9933,0.0067",5.0
kitchen,kitchen_h0_rfull_i8,100,1,1,1,1,6,"5,0,2","0.0000,1.0000,0.0000",5.0
kitchen,kitchen_h0_rfull_i8,10,2,0,2,0,1,"0,1,0","0.4983,0.0034,0.4983",5.0
kitchen,kitchen_h0_rfull_i8,30,2,2,1,1,2,"1,1,0","0.0066,0.0066,0.9867",5.0
kitchen,kitchen_h0_rfull_i8,50,2,2,1,1,3,"2,2,0","0.0000,0.0000,0.9999",5.0
kitchen,kitchen_h0_rfull_i8,70,2,2,1,1,4,"4,4,1","0.0000,0.0000,1.0000",5.0
kitchen,kitchen_h0_rfull_i8,100,2,2,1,1,5,"5,5,1","0.0000,0.0000,1.0000",5.0
kitchen,kitchen_h0_rfull_i9,10,0,0,1,1,2,"0,1,1","0.9867,0.0066,0.0066",5.0
kitchen,kitchen_h0_rfull_i9,30,0,0,1,1,6,"0,5,5","1.0000,0.0000,0.0000",5.0
kitchen,kitchen_h0_rfull_i9,50,0,0,1,1,10,"0,9,9","1.0000,0.0000,0.0000",5.0
kitchen,kitchen_h0_rfull_i9,70,0,0,1,1,14,"0,13,13","1.0000,0.0000,0.0000",5.0
kitchen,kitchen_h0_rfull_i9,100,0,0,1,1,19,"1,19,19","1.0000,0.0000,0.0000",5.0
kitchen,kitchen_h0_rfull_i9,10,1,0,3,0,1,"0,0,0","0.3333,0.3333,0.3333",5.0
kitchen,kitchen_h0_rfull_i9,30,1,1,2,1,2,"1,0,0","0.0034,0.4983,0.4983",5.0
kitchen,kitchen_h0_rfull_i9,50,1,1,1,1,3,"2,0,1","0.0000,0.9933,0.0067",5.0
kitchen,kitchen_h0_rfull_i9,70,1,1,1,1,5,"4,0,1","0.0000,0.9933,0.0067",5.0
kitchen,kitchen_h0_rfull_i9,100,1,1,1,1,6,"5,0,2","0.0000,1.0000,0.0000",5.0
kitchen,kitchen_h0_rfull_i9,10,2,0,2,0,1,"0,1,0","0.4983,0.0034,0.4983",5.0
kitchen,kitchen_h0_rfull_i9,30,2,2,1,1,2,"1,1,0","0.0066,0.0066,0.9867",5.0
kitchen,kitchen_h0_rfull_i9,50,2,2,1,1,3,"2,2,0","0.0000,0.0000,0.9999",5.0
kitchen,kitchen_h0_rfull_i9,70,2,2,1,1,4,"4,4,1","0.0000,0.0000,1.0000",5.0
kitchen,kitchen_h0_rfull_i9,100,2,2,1,1,5,"5,5,1","0.0000,0.0000,1.0000",5.0
kitchen,kitchen_h1_r10_i1,10,0,0,1,1,2,"0,1,1","0.9867,0.0066,0.0066",5.0
kitchen,kitchen_h1_r10_i1,30,0,0,1,1,6,"0,5,5","1.0000,0.0000,0.0000",5.0
kitchen,kitchen_h1_r10_i1,50,0,0,1,1,10,"0,9,9","1.0000,0.0000,0.0000",5.0
kitchen,kitchen_h1_r10_i1,70,0,0,1,1,14,"0,13,13","1.0000,0.0000,0.0000",5.0
kitchen,kitchen_h1_r10_i1,100,0,0,1,1,19,"1,19,19","1.0000,0.0000,0.0000",5.0
kitchen,kitchen_h1_r10_i1,10,1,0,3,0,1,"0,0,0","0.3333,0.3333,0.3333",5.0
kitchen,kitchen_h1_r10_i1,30,1,1,2,1,2,"1,0,0","0.0034,0.4983,0.4983",5.0
kitchen,kitchen_h1_r10_i1,50,1,1,1,1,3,"2,0,1","0.0000,0.9933,0.0067",5.0
kitchen,kitchen_h1_r10_i1,70,1,1,1,1,5,"4,0,1","0.0000,0.9933,0.0067",5.0
kitchen,kitchen_h1_r10_i1,100,1,1,1,1,6,"5,0,2","0.0000,1.0000,0.0000",5.0
kitchen,kitchen_h1_r10_i1,10,2,0,2,0,1,"0,1,0","0.4983,0.0034,0.4983",5.0
kitchen,kitchen_h1_r10_i1,30,2,2,1,1,2,"1,1,0","0.0066,0.0066,0.9867",5.0
kitchen,kitchen_h1_r10_i1,50,2,2,1,1,3,"2,2,0","0.0000,0.0000,0.9999",5.0
kitchen,kitchen_h1_r10_i1,70,2,2,1,1,4,"4,4,1","0.0000,0.0000,1.0000",5.0
kitchen,kitchen_h1_r10_i1,100,2,2,1,1,5,"5,5,1","0.0000,0.0000,1.0000",5.0
kitchen,kitchen_h1_r10_i5,10,0,0,1,1,2,"0,1,1","0.9867,0.0066,0.0066",5.0
kitchen,kitchen_h1_r10_i5,30,0,0,1,1,6,"0,5,5","1.0000,0.0000,0.0000",5.0
kitchen,kitchen_h1_r10_i5,50,0,0,1,1,10,"0,9,9","1.0000,0.0000,0.0000",5.0
kitchen,kitchen_h1_r10_i5,70,0,0,1,1,14,"0,13,13","1.0000,0.0000,0.0000",5.0
kitchen,kitchen_h1_r10_i5,100,0,0,1,1,19,"1,19,19","1.0000,0.0000,0.0000",5.0
kitchen,kitchen_h1_r10_i5,10,1,0,3,0,1,"0,0,0","0.3333,0.3333,0.3333",5.0
kitchen,kitchen_h1_r10_i5,30,1,1,2,1,2,"1,0,0","0.0034,0.4983,0.4983",5.0
kitchen,kitchen_h1_r10_i5,50,1,1,1,1,3,"2,0,1","0.0000,0.9933,0.0067",5.0
kitchen,kitchen_h1_r10_i5,70,1,1,1,1,5,"4,0,1","0.0000,0.9933,0.0067",5.0
kitchen,kitchen_h1_r10_i5,100,1,1,1,1,6,"5,0,2","0.0000,1.0000,0.0000",5.0
kitchen,kitchen_h1_r10_i5,10,2,0,2,0,1,"0,1,0","0.4983,0.0034,0.4983",5.0
kitchen,kitchen_h1_r10_i5,30,2,2,1,1,2,"1,1,0","0.0066,0.0066,0.9867",5.0
kitchen,kitchen_h1_r10_i5,50,2,2,1,1,3,"2,2,0","0.0000,0.0000,0.9999",5.0
kitchen,kitchen_h1_r10_i5,70,2,2,1,1,4,"4,4,1","0.0000,0.0000,1.0000",5.0
kitchen,kitchen_h1_r10_i5,100,2,2,1,1,5,"5,5,1","0.0000,0.0000,1.0000",5.0
kitchen,kitchen_h1_r10_i9,10,0,0,1,1,2,"0,1,1","0.9867,0.0066,0.0066",5.0
kitchen,kitchen_h1_r10_i9,30,0,0,1,1,6,"0,5,5","1.0000,0.0000,0.0000",5.0
kitchen,kitchen_h1_r10_i9,50,0,0,1,1,10,"0,9,9","1.0000,0.0000,0.0000",5.0
kitchen,kitchen_h1_r10_i9,70,0,0,1,1,14,"0,13,13","1.0000,0.0000,0.0000",5.0
kitchen,kitchen_h1_r10_i9,100,0,0,1,1,19,"1,19,19","1.0000,0.0000,0.0000",5.0
kitchen,kitchen_h1_r10_i9,10,1,0,3,0,1,"0,0,0","0.3333,0.3333,0.3333",5.0
kitchen,kitchen_h1_r10_i9,30,1,1,2,1,2,"1,0,0","0.0034,0.4983,0.4983",5.0
kitchen,kitchen_h1_r10_i9,50,1,1,1,1,3,"2,0,1","0.0000,0.9933,0.0067",5.0
kitchen,kitchen_h1_r10_i9,70,1,1,1,1,5,"4,0,1","0.0000,0.9933,0.0067",5.0
kitchen,kitchen_h1_r10_i9,100,1,1,1,1,6,"5,0,2","0.0000,1.0000,0.0000",5.0
kitchen,kitchen_h1_r10_i9,10,2,0,2,0,1,"0,1,0","0.4983,0.0034,0.4983",5.0
kitchen,kitchen_h1_r10_i9,30,2,2,1,1,2,"1,1,0","0.0066,0.0066,0.9867",5.0
kitchen,kitchen_h1_r10_i9,50,2,2,1,1,3,"2,2,0","0.0000,0.0000,0.9999",5.0
kitchen,kitchen_h1_r10_i9,70,2,2,1,1,4,"4,4,1","0.0000,0.0000,1.0000",5.0
kitchen,kitchen_h1_r10_i9,100,2,2,1,1,5,"5,5,1","0.0000,0.0000,1.0000",5.0
kitchen,kitchen_h1_r30_i1,10,0,0,1,1,2,"0,1,1","0.9867,0.0066,0.0066",5.0
kitchen,kitchen_h1_r30_i1,30,0,0,1,1,6,"0,5,5","1.0000,0.0000,0.0000",5.0
kitchen,kitchen_h1_r30_i1,50,0,0,1,1,10,"0,9,9","1.0000,0.0000,0.0000",5.0
kitchen,kitchen_h1_r30_i1,70,0,0,1,1,14,"0,13,13","1.0000,0.0000,0.0000",5.0
kitchen,kitchen_h1_r30_i1,100,0,0,1,1,19,"1,19,19","1.0000,0.0000,0.0000",5.0
kitchen,kitchen_h1_r30_i1,10,1,0,3,0,1,"0,0,0","0.3333,0.3333,0.3333",5.0
kitchen,kitchen_h1_r30_i1,30,1,1,2,1,2,"1,0,0","0.0034,0.4983,0.4983",5.0
kitchen,kitchen_h1_r30_i1,50,1,1,1,1,3,"2,0,1","0.0000,0.9933,0.0067",5.0
kitchen,kitchen_h1_r30_i1,70,1,1,1,1,5,"4,0,1","0.0000,0.9933,0.0067",5.0
kitchen,kitchen_h1_r30_i1,100,1,1,1,1,6,"5,0,2","0.0000,1.0000,0.0000",5.0
kitchen,kitchen_h1_r30_i1,10,2,0,2,0,1,"0,1,0","0.4983,0.0034,0.4983",5.0
kitchen,kitchen_h1_r30_i1,30,2,2,1,1,2,"1,1,0","0.0066,0.0066,0.9867",5.0
kitchen,kitchen_h1_r30_i1,50,2,2,1,1,3,"2,2,0","0.0000,0.0000,0.9999",5.0
kitchen,kitchen_h1_r30_i1,70,2,2,1,1,4,"4,4,1","0.0000,0.0000,1.0000",5.0
kitchen,kitchen_h1_r30_i1,100,2,2,1,1,5,"5,5,1","0.0000,0.0000,1.0000",5.0
kitchen,kitchen_h1_r30_i9,10,0,0,1,1,2,"0,1,1","0.9867,0.0066,0.0066",5.0
kitchen,kitchen_h1_r30_i9,30,0,0,1,1,6,"0,5,5","1.0000,0.0000,0.0000",5.0
kitchen,kitchen_h1_r30_i9,50,0,0,1,1,10,"0,9,9","1.0000,0.0000,0.0000",5.0
kitchen,kitchen_h1_r30_i9,70,0,0,1,1,14,"0,13,13","1.0000,0.0000,0.0000",5.0
kitchen,kitchen_h1_r30_i9,100,0,0,1,1,19,"1,19,19","1.0000,0.0000,0.0000",5.0
kitchen,kitchen_h1_r30_i9,10,1,0,3,0,1,"0,0,0","0.3333,0.3333,0.3333",5.0
kitchen,kitchen_h1_r30_i9,30,1,1,2,1,2,"1,0,0","0.0034,0.4983,0.4983",5.0
kitchen,kitchen_h1_r30_i9,50,1,1,1,1,3,"2,0,1","0.0000,0.9933,0.0067",5.0
kitchen,kitchen_h1_r30_i9,70,1,1,1,1,5,"4,0,1","0.0000,0.9933,0.0067",5.0
kitchen,kitchen_h1_r30_i9,100,1,1,1,1,6,"5,0,2","0.0000,1.0000,0.0000",5.0
kitchen,kitchen_h1_r30_i9,10,2,0,2,0,1,"0,1,0","0.4983,0.0034,0.4983",5.0
kitchen,kitchen_h1_r30_i9,30,2,2,1,1,2,"1,1,0","0.0066,0.0066,0.9867",5.0
kitchen,kitchen_h1_r30_i9,50,2,2,1,1,3,"2,2,0","0.0000,0.0000,0.9999",5.0
kitchen,kitchen_h1_r30_i9,70,2,2,1,1,4,"4,4,1","0.0000,0.0000,1.0000",5.0
kitchen,kitchen_h1_r30_i9,100,2,2,1,1,5,"5,5,1","0.0000,0.0000,1.0000",5.0
kitchen,kitchen_h1_r50_i2,10,0,0,1,1,2,"0,1,1","0.9867,0.0066,0.0066",5.0
kitchen,kitchen_h1_r50_i2,30,0,0,1,1,6,"0,5,5","1.0000,0.0000,0.0000",5.0
kitchen,kitchen_h1_r50_i2,50,0,0,1,1,10,"0,9,9","1.0000,0.0000,0.0000",5.0
kitchen,kitchen_h1_r50_i2,70,0,0,1,1,14,"0,13,13","1.0000,0.0000,0.0000",5.0
kitchen,kitchen_h1_r50_i2,100,0,0,1,1,19,"1,19,19","1.0000,0.0000,0.0000",5.0
kitchen,kitchen_h1_r50_i2,10,1,0,3,0,1,"0,0,0","0.3333,0.3333,0.3333",5.0
kitchen,kitchen_h1_r50_i2,30,1,1,2,1,2,"1,0,0","0.0034,0.4983,0.4983",5.0
kitchen,kitchen_h1_r50_i2,50,1,1,1,1,3,"2,0,1","0.0000,0.9933,0.0067",5.0
kitchen,kitchen_h1_r50_i2,70,1,1,1,1,5,"4,0,1","0.0000,0.9933,0.0067",5.0
kitchen,kitchen_h1_r50_i2,100,1,1,1,1,6,"5,0,2","0.0000,1.0000,0.0000",5.0
kitchen,kitchen_h1_r50_i2,10,2,0,2,0,1,"0,1,0","0.4983,0.0034,0.4983",5.0
kitchen,kitchen_h1_r50_i2,30,2,2,1,1,2,"1,1,0","0.0066,0.0066,0.9867",5.0
kitchen,kitchen_h1_r50_i2,50,2,2,1,1,3,"2,2,0","0.0000,0.0000,0.9999",5.0
kitchen,kitchen_h1_r50_i2,70,2,2,1,1,4,"4,4,1","0.0000,0.0000,1.0000",5.0
kitchen,kitchen_h1_r50_i2,100,2,2,1,1,5,"5,5,1","0.0000,0.0000,1.0000",5.0
kitchen,kitchen_h1_r50_i3,10,0,0,1,1,2,"0,1,1","0.9867,0.0066,0.0066",5.0
kitchen,kitchen_h1_r50_i3,30,0,0,1,1,6,"0,5,5","1.0000,0.0000,0.0000",5.0
kitchen,kitchen_h1_r50_i3,50,0,0,1,1,10,"0,9,9","1.0000,0.0000,0.0000",5.0
kitchen,kitchen_h1_r50_i3,70,0,0,1,1,14,"0,13,13","1.0000,0.0000,0.0000",5.0
kitchen,kitchen_h1_r50_i3,100,0,0,1,1,19,"1,19,19","1.0000,0.0000,0.0000",5.0
kitchen,kitchen_h1_r50_i3,10,1,0,3,0,1,"0,0,0","0.3333,0.3333,0.3333",5.0
kitchen,kitchen_h1_r50_i3,30,1,1,2,1,2,"1,0,0","0.0034,0.4983,0.4983",5.0
kitchen,kitchen_h1_r50_i3,50,1,1,1,1,3,"2,0,1","0.0000,0.9933,0.0067",5.0
kitchen,kitchen_h1_r50_i3,70,1,1,1,1,5,"4,0,1","0.0000,0.9933,0.0067",5.0
kitchen,kitchen_h1_r50_i3,100,1,1,1,1,6,"5,0,2","0.0000,1.0000,0.0000",5.0
kitchen,kitchen_h1_r50_i3,10,2,0,2,0,1,"0,1,0","0.4983,0.0034,0.4983",5.0
kitchen,kitchen_h1_r50_i3,30,2,2,1,1,2,"1,1,0","0.0066,0.0066,0.9867",5.0
kitchen,kitchen_h1_r50_i3,50,2,2,1,1,3,"2,2,0","0.0000,0.0000,0.9999",5.0
kitchen,kitchen_h1_r50_i3,70,2,2,1,1,4,"4,4,1","0.0000,0.0000,1.0000",5.0
kitchen,kitchen_h1_r50_i3,100,2,2,1,1,5,"5,5,1","0.0000,0.0000,1.0000",5.0
kitchen,kitchen_h1_r50_i4,10,0,0,1,1,2,"0,1,1","0.9867,0.0066,0.0066",5.0
kitchen,kitchen_h1_r50_i4,30,0,0,1,1,6,"0,5,5","1.0000,0.0000,0.0000",5.0
kitchen,kitchen_h1_r50_i4,50,0,0,1,1,10,"0,9,9","1.0000,0.0000,0.0000",5.0
kitchen,kitchen_h1_r50_i4,70,0,0,1,1,14,"0,13,13","1.0000,0.0000,0.0000",5.0
kitchen,kitchen_h1_r50_i4,100,0,0,1,1,19,"1,19,19","1.0000,0.0000,0.0000",5.0
kitchen,kitchen_h1_r50_i4,10,1,0,3,0,1,"0,0,0","0.3333,0.3333,0.3333",5.0
kitchen,kitchen_h1_r50_i4,30,1,1,2,1,2,"1,0,0","0.0034,0.4983,0.4983",5.0
kitchen,kitchen_h1_r50_i4,50,1,1,1,1,3,"2,0,1","0.0000,0.9933,0.0067",5.0
kitchen,kitchen_h1_r50_i4,70,1,1,1,1,5,"4,0,1","0.0000,0.9933,0.0067",5.0
kitchen,kitchen_h1_r50_i4,100,1,1,1,1,6,"5,0,2","0.0000,1.0000,0.0000",5.0
kitchen,kitchen_h1_r50_i4,10,2,0,2,0,1,"0,1,0","0.4983,0.0034,0.4983",5.0
kitchen,kitchen_h1_r50_i4,30,2,2,1,1,2,"1,1,0","0.0066,0.0066,0.9867",5.0
kitchen,kitchen_h1_r50_i4,50,2,2,1,1,3,"2,2,0","0.0000,0.0000,0.9999",5.0
kitchen,kitchen_h1_r50_i4,70,2,2,1,1,4,"4,4,1","0.0000,0.0000,1.0000",5.0
kitchen,kitchen_h1_r50_i4,100,2,2,1,1,5,"5,5,1","0.0000,0.0000,1.0000",5.0
kitchen,kitchen_h1_r50_i5,10,0,0,1,1,2,"0,1,1","0.9867,0.0066,0.0066",5.0
kitchen,kitchen_h1_r50_i5,30,0,0,1,1,6,"0,5,5","1.0000,0.0000,0.0000",5.0
kitchen,kitchen_h1_r50_i5,50,0,0,1,1,10,"0,9,9","1.0000,0.0000,0.0000",5.0
kitchen,kitchen_h1_r50_i5,70,0,0,1,1,14,"0,13,13","1.0000,0.0000,0.0000",5.0
kitchen,kitchen_h1_r50_i5,100,0,0,1,1,19,"1,19,19","1.0000,0.0000,0.0000",5.0
kitchen,kitchen_h1_r50_i5,10,1,0,3,0,1,"0,0,0","0.3333,0.3333,0.3333",5.0
kitchen,kitchen_h1_r50_i5,30,1,1,2,1,2,"1,0,0","0.0034,0.4983,0.4983",5.0
kitchen,kitchen_h1_r50_i5,50,1,1,1,1,3,"2,0,1","0.0000,0.9933,0.0067",5.0
kitchen,kitchen_h1_r50_i5,70,1,1,1,1,5,"4,0,1","0.0000,0.9933,0.0067",5.0
kitchen,kitchen_h1_r50_i5,100,1,1,1,1,6,"5,0,2","0.0000,1.0000,0.0000",5.0
kitchen,kitchen_h1_r50_i5,10,2,0,2,0,1,"0,1,0","0.4983,0.0034,0.4983",5.0
kitchen,kitchen_h1_r50_i5,30,2,2,1,1,2,"1,1,0","0.0066,0.0066,0.9867",5.0
kitchen,kitchen_h1_r50_i5,50,2,2,1,1,3,"2,2,0","0.0000,0.0000,0.9999",5.0
kitchen,kitchen_h1_r50_i5,70,2,2,1,1,4,"4,4,1","0.0000,0.0000,1.0000",5.0
kitchen,kitchen_h1_r50_i5,100,2,2,1,1,5,"5,5,1","0.0000,0.0000,1.0000",5.0
kitchen,kitchen_h1_r70_i9,10,0,0,1,1,2,"0,1,1","0.9867,0.0066,0.0066",5.0
kitchen,kitchen_h1_r70_i9,30,0,0,1,1,6,"0,5,5","1.0000,0.0000,0.0000",5.0
kitchen,kitchen_h1_r70_i9,50,0,0,1,1,10,"0,9,9","1.0000,0.0000,0.0000",5.0
kitchen,kitchen_h1_r70_i9,70,0,0,1,1,14,"0,13,13","1.0000,0.0000,0.0000",5.0
kitchen,kitchen_h1_r70_i9,100,0,0,1,1,19,"1,19,19","1.0000,0.0000,0.0000",5.0
kitchen,kitchen_h1_r70_i9,10,1,0,3,0,1,"0,0,0","0.3333,0.3333,0.3333",5.0
kitchen,kitchen_h1_r70_i9,30,1,1,2,1,2,"1,0,0","0.0034,0.4983,0.4983",5.0
kitchen,kitchen_h1_r70_i9,50,1,1,1,1,3,"2,0,1","0.0000,0.9933,0.0067",5.0
kitchen,kitchen_h1_r70_i9,70,1,1,1,1,5,"4,0,1","0.0000,0.9933,0.0067",5.0
kitchen,kitchen_h1_r70_i9,100,1,1,1,1,6,"5,0,2","0.0000,1.0000,0.0000",5.0
kitchen,kitchen_h1_r70_i9,10,2,0,2,0,1,"0,1,0","0.4983,0.0034,0.4983",5.0
kitchen,kitchen_h1_r70_i9,30,2,2,1,1,2,"1,1,0","0.0066,0.0066,0.9867",5.0
kitchen,kitchen_h1_r70_i9,50,2,2,1,1,3,"2,2,0","0.0000,0.0000,0.9999",5.0
kitchen,kitchen_h1_r70_i9,70,2,2,1,1,4,"4,4,1","0.0000,0.0000,1.0000",5.0
kitchen,kitchen_h1_r70_i9,100,2,2,1,1,5,"5,5,1","0.0000,0.0000,1.0000",5.0
kitchen,kitchen_h1_rfull_i3,10,0,0,1,1,2,"0,1,1","0.9867,0.0066,0.0066",5.0
kitchen,kitchen_h1_rfull_i3,30,0,0,1,1,6,"0,5,5","1.0000,0.0000,0.0000",5.0
kitchen,kitchen_h1_rfull_i3,50,0,0,1,1,10,"0,9,9","1.0000,0.0000,0.0000",5.0
kitchen,kitchen_h1_rfull_i3,70,0,0,1,1,14,"0,13,13","1.0000,0.0000,0.0000",5.0
kitchen,kitchen_h1_rfull_i3,100,0,0,1,1,19,"1,19,19","1.0000,0.0000,0.0000",5.0
kitchen,kitchen_h1_rfull_i3,10,1,0,3,0,1,"0,0,0","0.3333,0.3333,0.3333",5.0
kitchen,kitchen_h1_rfull_i3,30,1,1,2,1,2,"1,0,0","0.0034,0.4983,0.4983",5.0
kitchen,kitchen_h1_rfull_i3,50,1,1,1,1,3,"2,0,1","0.0000,0.9933,0.0067",5.0
kitchen,kitchen_h1_rfull_i3,70,1,1,1,1,5,"4,0,1","0.0000,0.9933,0.0067",5.0
kitchen,kitchen_h1_rfull_i3,100,1,1,1,1,6,"5,0,2","0.0000,1.0000,0.0000",5.0
kitchen,kitchen_h1_rfull_i3,10,2,0,2,0,1,"0,1,0","0.4983,0.0034,0.4983",5.0
kitchen,kitchen_h1_rfull_i3,30,2,2,1,1,2,"1,1,0","0.0066,0.0066,0.9867",5.0
kitchen,kitchen_h1_rfull_i3,50,2,2,1,1,3,"2,2,0","0.0000,0.0000,0.9999",5.0
kitchen,kitchen_h1_rfull_i3,70,2,2,1,1,4,"4,4,1","0.0000,0.0000,1.0000",5.0
kitchen,kitchen_h1_rfull_i3,100,2,2,1,1,5,"5,5,1","0.0000,0.0000,1.0000",5.0
kitchen,kitchen_h2_r10_i0,10,0,0,1,1,2,"0,1,1","0.9867,0.0066,0.0066",5.0
kitchen,kitchen_h2_r10_i0,30,0,0,1,1,6,"0,5,5","1.0000,0.0000,0.0000",5.0
kitchen,kitchen_h2_r10_i0,50,0,0,1,1,10,"0,9,9","1.0000,0.0000,0.0000",5.0
kitchen,kitchen_h2_r10_i0,70,0,0,1,1,14,"0,13,13","1.0000,0.0000,0.0000",5.0
kitchen,kitchen_h2_r10_i0,100,0,0,1,1,19,"1,19,19","1.0000,0.0000,0.0000",5.0
kitchen,kitchen_h2_r10_i0,10,1,0,3,0,1,"0,0,0","0.3333,0.3333,0.3333",5.0
kitchen,kitchen_h2_r10_i0,30,1,1,2,1,2,"1,0,0","0.0034,0.4983,0.4983",5.0
kitchen,kitchen_h2_r10_i0,50,1,1,1,1,3,"2,0,1","0.0000,0.9933,0.0067",5.0
kitchen,kitchen_h2_r10_i0,70,1,1,1,1,5,"4,0,1","0.0000,0.9933,0.0067",5.0
kitchen,kitchen_h2_r10_i0,100,1,1,1,1,6,"5,0,2","0.0000,1.0000,0.0000",5.0
kitchen,kitchen_h2_r10_i0,10,2,0,2,0,1,"0,1,0","0.4983,0.0034,0.4983",5.0
kitchen,kitchen_h2_r10_i0,30,2,2,1,1,2,"1,1,0","0.0066,0.0066,0.9867",5.0
kitchen,kitchen_h2_r10_i0,50,2,2,1,1,3,"2,2,0","0.0000,0.0000,0.9999",5.0
kitchen,kitchen_h2_r10_i0,70,2,2,1,1,4,"4,4,1","0.0000,0.0000,1.0000",5.0
kitchen,kitchen_h2_r10_i0,100,2,2,1,1,5,"5,5,1","0.0000,0.0000,1.0000",5.0
kitchen,kitchen_h2_r30_i4,10,0,0,1,1,2,"0,1,1","0.9867,0.0066,0.0066",5.0
kitchen,kitchen_h2_r30_i4,30,0,0,1,1,6,"0,5,5","1.0000,0.0000,0.0000",5.0
kitchen,kitchen_h2_r30_i4,50,0,0,1,1,10,"0,9,9","1.0000,0.0000,0.0000",5.0
kitchen,kitchen_h2_r30_i4,70,0,0,1,1,14,"0,13,13","1.0000,0.0000,0.0000",5.0
kitchen,kitchen_h2_r30_i4,100,0,0,1,1,19,"1,19,19","1.0000,0.0000,0.0000",5.0
kitchen,kitchen_h2_r30_i4,10,1,0,3,0,1,"0,0,0","0.3333,0.3333,0.3333",5.0
kitchen,kitchen_h2_r30_i4,30,1,1,2,1,2,"1,0,0","0.0034,0.4983,0.4983",5.0
kitchen,kitchen_h2_r30_i4,50,1,1,1,1,3,"2,0,1","0.0000,0.9933,0.0067",5.0
kitchen,kitchen_h2_r30_i4,70,1,1,1,1,5,"4,0,1","0.0000,0.9933,0.0067",5.0
kitchen,kitchen_h2_r30_i4,100,1,1,1,1,6,"5,0,2","0.0000,1.0000,0.0000",5.0
kitchen,kitchen_h2_r30_i4,10,2,0,2,0,1,"0,1,0","0.4983,0.0034,0.4983",5.0
kitchen,kitchen_h2_r30_i4,30,2,2,1,1,2,"1,1,0","0.0066,0.0066,0.9867",5.0
kitchen,kitchen_h2_r30_i4,50,2,2,1,1,3,"2,2,0","0.0000,0.0000,0.9999",5.0
kitchen,kitchen_h2_r30_i4,70,2,2,1,1,4,"4,4,1","0.0000,0.0000,1.0000",5.0
kitchen,kitchen_h2_r30_i4,100,2,2,1,1,5,"5,5,1","0.0000,0.0000,1.0000",5.0
kitchen,kitchen_h2_r30_i5,10,0,0,1,1,2,"0,1,1","0.9867,0.0066,0.0066",5.0
kitchen,kitchen_h2_r30_i5,30,0,0,1,1,6,"0,5,5","1.0000,0.0000,0.0000",5.0
kitchen,kitchen_h2_r30_i5,50,0,0,1,1,10,"0,9,9","1.0000,0.0000,0.0000",5.0
kitchen,kitchen_h2_r30_i5,70,0,0,1,1,14,"0,13,13","1.0000,0.0000,0.0000",5.0
kitchen,kitchen_h2_r30_i5,100,0,0,1,1,19,"1,19,19","1.0000,0.0000,0.0000",5.0
kitchen,kitchen_h2_r30_i5,10,1,0,3,0,1,"0,0,0","0.3333,0.3333,0.3333",5.0
kitchen,kitchen_h2_r30_i5,30,1,1,2,1,2,"1,0,0","0.0034,0.4983,0.4983",5.0
kitchen,kitchen_h2_r30_i5,50,1,1,1,1,3,"2,0,1","0.0000,0.9933,0.0067",5.0
kitchen,kitchen_h2_r30_i5,70,1,1,1,1,5,"4,0,1","0.0000,0.9933,0.0067",5.0
kitchen,kitchen_h2_r30_i5,100,1,1,1,1,6,"5,0,2","0.0000,1.0000,0.0000",5.0
kitchen,kitchen_h2_r30_i5,10,2,0,2,0,1,"0,1,0","0.4983,0.0034,0.4983",5.0
kitchen,kitchen_h2_r30_i5,30,2,2,1,1,2,"1,1,0","0.0066,0.0066,0.9867",5.0
kitchen,kitchen_h2_r30_i5,50,2,2,1,1,3,"2,2,0","0.0000,0.0000,0.9999",5.0
kitchen,kitchen_h2_r30_i5,70,2,2,1,1,4,"4,4,1","0.0000,0.0000,1.0000",5.0
kitchen,kitchen_h2_r30_i5,100,2,2,1,1,5,"5,5,1","0.0000,0.0000,1.0000",5.0
kitchen,kitchen_h2_r30_i6,10,0,0,1,1,2,"0,1,1","0.9867,0.0066,0.0066",5.0
kitchen,kitchen_h2_r30_i6,30,0,0,1,1,6,"0,5,5","1.0000,0.0000,0.0000",5.0
kitchen,kitchen_h2_r30_i6,50,0,0,1,1,10,"0,9,9","1.0000,0.0000,0.0000",5.0
kitchen,kitchen_h2_r30_i6,70,0,0,1,1,14,"0,13,13","1.0000,0.0000,0.0000",5.0
kitchen,kitchen_h2_r30_i6,100,0,0,1,1,19,"1,19,19","1.0000,0.0000,0.0000",5.0
kitchen,kitchen_h2_r30_i6,10,1,0,3,0,1,"0,0,0","0.3333,0.3333,0.3333",5.0
kitchen,kitchen_h2_r30_i6,30,1,1,2,1,2,"1,0,0","0.0034,0.4983,0.4983",5.0
kitchen,kitchen_h2_r30_i6,50,1,1,1,1,3,"2,0,1","0.0000,0.9933,0.0067",5.0
kitchen,kitchen_h2_r30_i6,70,1,1,1,1,5,"4,0,1","0.0000,0.9933,0.0067",5.0
kitchen,kitchen_h2_r30_i6,100,1,1,1,1,6,"5,0,2","0.0000,1.0000,0.0000",5.0
kitchen,kitchen_h2_r30_i6,10,2,0,2,0,1,"0,1,0","0.4983,0.0034,0.4983",5.0
kitchen,kitchen_h2_r30_i6,30,2,2,1,1,2,"1,1,0","0.0066,0.0066,0.9867",5.0
kitchen,kitchen_h2_r30_i6,50,2,2,1,1,3,"2,2,0","0.0000,0.0000,0.9999",5.0
kitchen,kitchen_h2_r30_i6,70,2,2,1,1,4,"4,4,1","0.0000,0.0000,1.0000",5.0
kitchen,kitchen_h2_r30_i6,100,2,2,1,1,5,"5,5,1","0.0000,0.0000,1.0000",5.0
kitchen,kitchen_h2_r30_i7,10,0,0,1,1,2,"0,1,1","0.9867,0.0066,0.0066",5.0
kitchen,kitchen_h2_r30_i7,30,0,0,1,1,6,"0,5,5","1.0000,0.0000,0.0000",5.0
kitchen,kitchen_h2_r30_i7,50,0,0,1,1,10,"0,9,9","1.0000,0.0000,0.0000",5.0
kitchen,kitchen_h2_r30_i7,70,0,0,1,1,14,"0,13,13","1.0000,0.0000,0.0000",5.0
kitchen,kitchen_h2_r30_i7,100,0,0,1,1,19,"1,19,19","1.0000,0.0000,0.0000",5.0
kitchen,kitchen_h2_r30_i7,10,1,0,3,0,1,"0,0,0","0.3333,0.3333,0.3333",5.0
kitchen,kitchen_h2_r30_i7,30,1,1,2,1,2,"1,0,0","0.0034,0.4983,0.4983",5.0
kitchen,kitchen_h2_r30_i7,50,1,1,1,1,3,"2,0,1","0.0000,0.9933,0.0067",5.0
kitchen,kitchen_h2_r30_i7,70,1,1,1,1,5,"4,0,1","0.0000,0.9933,0.0067",5.0
kitchen,kitchen_h2_r30_i7,100,1,1,1,1,6,"5,0,2","0.0000,1.0000,0.0000",5.0
kitchen,kitchen_h2_r30_i7,10,2,0,2,0,1,"0,1,0","0.4983,0.0034,0.4983",5.0
kitchen,kitchen_h2_r30_i7,30,2,2,1,1,2,"1,1,0","0.0066,0.0066,0.9867",5.0
kitchen,kitchen_h2_r30_i7,50,2,2,1,1,3,"2,2,0","0.0000,0.0000,0.9999",5.0
kitchen,kitchen_h2_r30_i7,70,2,2,1,1,4,"4,4,1","0.0000,0.0000,1.0000",5.0
kitchen,kitchen_h2_r30_i7,100,2,2,1,1,5,"5,5,1","0.0000,0.0000,1.0000",5.0
kitchen,kitchen_h2_r30_i8,10,0,0,1,1,2,"0,1,1","0.9867,0.0066,0.0066",5.0
kitchen,kitchen_h2_r30_i8,30,0,0,1,1,6,"0,5,5","1.0000,0.0000,0.0000",5.0
kitchen,kitchen_h2_r30_i8,50,0,0,1,1,10,"0,9,9","1.0000,0.0000,0.0000",5.0
kitchen,kitchen_h2_r30_i8,70,0,0,1,1,14,"0,13,13","1.0000,0.0000,0.0000",5.0
kitchen,kitchen_h2_r30_i8,100,0,0,1,1,19,"1,19,19","1.0000,0.0000,0.0000",5.0
kitchen,kitchen_h2_r30_i8,10,1,0,3,0,1,"0,0,0","0.3333,0.3333,0.3333",5.0
kitchen,kitchen_h2_r30_i8,30,1,1,2,1,2,"1,0,0","0.0034,0.4983,0.4983",5.0
kitchen,kitchen_h2_r30_i8,50,1,1,1,1,3,"2,0,1","0.0000,0.9933,0.0067",5.0
kitchen,kitchen_h2_r30_i8,70,1,1,1,1,5,"4,0,1","0.0000,0.9933,0.0067",5.0
kitchen,kitchen_h2_r30_i8,100,1,1,1,1,6,"5,0,2","0.0000,1.0000,0.0000",5.0
kitchen,kitchen_h2_r30_i8,10,2,0,2,0,1,"0,1,0","0.4983,0.0034,0.4983",5.0
kitchen,kitchen_h2_r30_i8,30,2,2,1,1,2,"1,1,0","0.0066,0.0066,0.9867",5.0
kitchen,kitchen_h2_r30_i8,50,2,2,1,1,3,"2,2,0","0.0000,0.0000,0.9999",5.0
kitchen,kitchen_h2_r30_i8,70,2,2,1,1,4,"4,4,1","0.0000,0.0000,1.0000",5.0
kitchen,kitchen_h2_r30_i8,100,2,2,1,1,5,"5,5,1","0.0000,0.0000,1.0000",5.0
kitchen,kitchen_h2_r50_i0,10,0,0,1,1,2,"0,1,1","0.9867,0.0066,0.0066",5.0
kitchen,kitchen_h2_r50_i0,30,0,0,1,1,6,"0,5,5","1.0000,0.0000,0.0000",5.0
kitchen,kitchen_h2_r50_i0,50,0,0,1,1,10,"0,9,9","1.0000,0.0000,0.0000",5.0
kitchen,kitchen_h2_r50_i0,70,0,0,1,1,14,"0,13,13","1.0000,0.0000,0.0000",5.0
kitchen,kitchen_h2_r50_i0,100,0,0,1,1,19,"1,19,19","1.0000,0.0000,0.0000",5.0
kitchen,kitchen_h2_r50_i0,10,1,0,3,0,1,"0,0,0","0.3333,0.3333,0.3333",5.0
kitchen,kitchen_h2_r50_i0,30,1,1,2,1,2,"1,0,0","0.0034,0.4983,0.4983",5.0
kitchen,kitchen_h2_r50_i0,50,1,1,1,1,3,"2,0,1","0.0000,0.9933,0.0067",5.0
kitchen,kitchen_h2_r50_i0,70,1,1,1,1,5,"4,0,1","0.0000,0.9933,0.0067",5.0
kitchen,kitchen_h2_r50_i0,100,1,1,1,1,6,"5,0,2","0.0000,1.0000,0.0000",5.0
kitchen,kitchen_h2_r50_i0,10,2,0,2,0,1,"0,1,0","0.4983,0.0034,0.4983",5.0
kitchen,kitchen_h2_r50_i0,30,2,2,1,1,2,"1,1,0","0.0066,0.0066,0.9867",5.0
kitchen,kitchen_h2_r50_i0,50,2,2,1,1,3,"2,2,0","0.0000,0.0000,0.9999",5.0
kitchen,kitchen_h2_r50_i0,70,2,2,1,1,4,"4,4,1","0.0000,0.0000,1.0000",5.0
kitchen,kitchen_h2_r50_i0,100,2,2,1,1,5,"5,5,1","0.0000,0.0000,1.0000",5.0
kitchen,kitchen_h2_r50_i1,10,0,0,1,1,2,"0,1,1","0.9867,0.0066,0.0066",5.0
kitchen,kitchen_h2_r50_i1,30,0,0,1,1,6,"0,5,5","1.0000,0.0000,0.0000",5.0
kitchen,kitchen_h2_r50_i1,50,0,0,1,1,10,"0,9,9","1.0000,0.0000,0.0000",5.0
kitchen,kitchen_h2_r50_i1,70,0,0,1,1,14,"0,13,13","1.0000,0.0000,0.0000",5.0
kitchen,kitchen_h2_r50_i1,100,0,0,1,1,19,"1,19,19","1.0000,0.0000,0.0000",5.0
kitchen,kitchen_h2_r50_i1,10,1,0,3,0,1,"0,0,0","0.3333,0.3333,0.3333",5.0
kitchen,kitchen_h2_r50_i1,30,1,1,2,1,2,"1,0,0","0.0034,0.4983,0.4983",5.0
kitchen,kitchen_h2_r50_i1,50,1,1,1,1,3,"2,0,1","0.0000,0.9933,0.0067",5.0
kitchen,kitchen_h2_r50_i1,70,1,1,1,1,5,"4,0,1","0.0000,0.9933,0.0067",5.0
kitchen,kitchen_h2_r50_i1,100,1,1,1,1,6,"5,0,2","0.0000,1.0000,0.0000",5.0
kitchen,kitchen_h2_r50_i1,10,2,0,2,0,1,"0,1,0","0.4983,0.0034,0.4983",5.0
kitchen,kitchen_h2_r50_i1,30,2,2,1,1,2,"1,1,0","0.0066,0.0066,0.9867",5.0
kitchen,kitchen_h2_r50_i1,50,2,2,1,1,3,"2,2,0","0.0000,0.0000,0.9999",5.0
kitchen,kitchen_h2_r50_i1,70,2,2,1,1,4,"4,4,1","0.0000,0.0000,1.0000",5.0
kitchen,kitchen_h2_r50_i1,100,2,2,1,1,5,"5,5,1","0.0000,0.0000,1.0000",5.0
kitchen,kitchen_h2_r50_i9,10,0,0,1,1,2,"0,1,1","0.9867,0.0066,0.0066",5.0
kitchen,kitchen_h2_r50_i9,30,0,0,1,1,6,"0,5,5","1.0000,0.0000,0.0000",5.0
kitchen,kitchen_h2_r50_i9,50,0,0,1,1,10,"0,9,9","1.0000,0.0000,0.0000",5.0
kitchen,kitchen_h2_r50_i9,70,0,0,1,1,14,"0,13,13","1.0000,0.0000,0.0000",5.0
kitchen,kitchen_h2_r50_i9,100,0,0,1,1,19,"1,19,19","1.0000,0.0000,0.0000",5.0
kitchen,kitchen_h2_r50_i9,10,1,0,3,0,1,"0,0,0","0.3333,0.3333,0.3333",5.0
kitchen,kitchen_h2_r50_i9,30,1,1,2,1,2,"1,0,0","0.0034,0.4983,0.4983",5.0
kitchen,kitchen_h2_r50_i9,50,1,1,1,1,3,"2,0,1","0.0000,0.9933,0.0067",5.0
kitchen,kitchen_h2_r50_i9,70,1,1,1,1,5,"4,0,1","0.0000,0.9933,0.0067",5.0
kitchen,kitchen_h2_r50_i9,100,1,1,1,1,6,"5,0,2","0.0000,1.0000,0.0000",5.0
kitchen,kitchen_h2_r50_i9,10,2,0,2,0,1,"0,1,0","0.4983,0.0034,0.4983",5.0
kitchen,kitchen_h2_r50_i9,30,2,2,1,1,2,"1,1,0","0.0066,0.0066,0.9867",5.0
kitchen,kitchen_h2_r50_i9,50,2,2,1,1,3,"2,2,0","0.0000,0.0000,0.9999",5.0
kitchen,kitchen_h2_r50_i9,70,2,2,1,1,4,"4,4,1","0.0000,0.0000,1.0000",5.0
kitchen,kitchen_h2_r50_i9,100,2,2,1,1,5,"5,5,1","0.0000,0.0000,1.0000",5.0
kitchen,kitchen_h2_r70_i0,10,0,0,1,1,2,"0,1,1","0.9867,0.0066,0.0066",5.0
kitchen,kitchen_h2_r70_i0,30,0,0,1,1,6,"0,5,5","1.0000,0.0000,0.0000",5.0
kitchen,kitchen_h2_r70_i0,50,0,0,1,1,10,"0,9,9","1.0000,0.0000,0.0000",5.0
kitchen,kitchen_h2_r70_i0,70,0,0,1,1,14,"0,13,13","1.0000,0.0000,0.0000",5.0
kitchen,kitchen_h2_r70_i0,100,0,0,1,1,19,"1,19,19","1.0000,0.0000,0.0000",5.0
kitchen,kitchen_h2_r70_i0,10,1,0,3,0,1,"0,0,0","0.3333,0.3333,0.3333",5.0
kitchen,kitchen_h2_r70_i0,30,1,1,2,1,2,"1,0,0","0.0034,0.4983,0.4983",5.0
kitchen,kitchen_h2_r70_i0,50,1,1,1,1,3,"2,0,1","0.0000,0.9933,0.0067",5.0
kitchen,kitchen_h2_r70_i0,70,1,1,1,1,5,"4,0,1","0.0000,0.9933,0.0067",5.0
kitchen,kitchen_h2_r70_i0,100,1,1,1,1,6,"5,0,2","0.0000,1.0000,0.0000",5.0
kitchen,kitchen_h2_r70_i0,10,2,0,2,0,1,"0,1,0","0.4983,0.0034,0.4983",5.0
kitchen,kitchen_h2_r70_i0,30,2,2,1,1,2,"1,1,0","0.0066,0.0066,0.9867",5.0
kitchen,kitchen_h2_r70_i0,50,2,2,1,1,3,"2,2,0","0.0000,0.0000,0.9999",5.0
kitchen,kitchen_h2_r70_i0,70,2,2,1,1,4,"4,4,1","0.0000,0.0000,1.0000",5.0
kitchen,kitchen_h2_r70_i0,100,2,2,1,1,5,"5,5,1","0.0000,0.0000,1.0000",5.0
kitchen,kitchen_h2_r70_i1,10,0,0,1,1,2,"0,1,1","0.9867,0.0066,0.0066",5.0
kitchen,kitchen_h2_r70_i1,30,0,0,1,1,6,"0,5,5","1.0000,0.0000,0.0000",5.0
kitchen,kitchen_h2_r70_i1,50,0,0,1,1,10,"0,9,9","1.0000,0.0000,0.0000",5.0
kitchen,kitchen_h2_r70_i1,70,0,0,1,1,14,"0,13,13","1.0000,0.0000,0.0000",5.0
kitchen,kitchen_h2_r70_i1,100,0,0,1,1,19,"1,19,19","1.0000,0.0000,0.0000",5.0
kitchen,kitchen_h2_r70_i1,10,1,0,3,0,1,"0,0,0","0.3333,0.3333,0.3333",5.0
kitchen,kitchen_h2_r70_i1,30,1,1,2,1,2,"1,0,0","0.0034,0.4983,0.4983",5.0
kitchen,kitchen_h2_r70_i1,50,1,1,1,1,3,"2,0,1","0.0000,0.9933,0.0067",5.0
kitchen,kitchen_h2_r70_i1,70,1,1,1,1,5,"4,0,1","0.0000,0.9933,0.0067",5.0
kitchen,kitchen_h2_r70_i1,100,1,1,1,1,6,"5,0,2","0.0000,1.0000,0.0000",5.0
kitchen,kitchen_h2_r70_i1,10,2,0,2,0,1,"0,1,0","0.4983,0.0034,0.4983",5.0
kitchen,kitchen_h2_r70_i1,30,2,2,1,1,2,"1,1,0","0.0066,0.0066,0.9867",5.0
kitchen,kitchen_h2_r70_i1,50,2,2,1,1,3,"2,2,0","0.0000,0.0000,0.9999",5.0
kitchen,kitchen_h2_r70_i1,70,2,2,1,1,4,"4,4,1","0.0000,0.0000,1.0000",5.0
kitchen,kitchen_h2_r70_i1,100,2,2,1,1,5,"5,5,1","0.0000,0.0000,1.0000",5.0
kitchen,kitchen_h2_r70_i4,10,0,0,1,1,2,"0,1,1","0.9867,0.0066,0.0066",5.0
kitchen,kitchen_h2_r70_i4,30,0,0,1,1,6,"0,5,5","1.0000,0.0000,0.0000",5.0
kitchen,kitchen_h2_r70_i4,50,0,0,1,1,10,"0,9,9","1.0000,0.0000,0.0000",5.0
kitchen,kitchen_h2_r70_i4,70,0,0,1,1,14,"0,13,13","1.0000,0.0000,0.0000",5.0
kitchen,kitchen_h2_r70_i4,100,0,0,1,1,19,"1,19,19","1.0000,0.0000,0.0000",5.0
kitchen,kitchen_h2_r70_i4,10,1,0,3,0,1,"0,0,0","0.3333,0.3333,0.3333",5.0
kitchen,kitchen_h2_r70_i4,30,1,1,2,1,2,"1,0,0","0.0034,0.4983,0.4983",5.0
kitchen,kitchen_h2_r70_i4,50,1,1,1,1,3,"2,0,1","0.0000,0.9933,0.0067",5.0
kitchen,kitchen_h2_r70_i4,70,1,1,1,1,5,"4,0,1","0.0000,0.9933,0.0067",5.0
kitchen,kitchen_h2_r70_i4,100,1,1,1,1,6,"5,0,2","0.0000,1.0000,0.0000",5.0
kitchen,kitchen_h2_r70_i4,10,2,0,2,0,1,"0,1,0","0.4983,0.0034,0.4983",5.0
kitchen,kitchen_h2_r70_i4,30,2,2,1,1,2,"1,1,0","0.0066,0.0066,0.9867",5.0
kitchen,kitchen_h2_r70_i4,50,2,2,1,1,3,"2,2,0","0.0000,0.0000,0.9999",5.0
kitchen,kitchen_h2_r70_i4,70,2,2,1,1,4,"4,4,1","0.0000,0.0000,1.0000",5.0
kitchen,kitchen_h2_r70_i4,100,2,2,1,1,5,"5,5,1","0.0000,0.0000,1.0000",5.0
kitchen,kitchen_h2_r70_i6,10,0,0,1,1,2,"0,1,1","0.9867,0.0066,0.0066",5.0
kitchen,kitchen_h2_r70_i6,30,0,0,1,1,6,"0,5,5","1.0000,0.0000,0.0000",5.0
kitchen,kitchen_h2_r70_i6,50,0,0,1,1,10,"0,9,9","1.0000,0.0000,0.0000",5.0
kitchen,kitchen_h2_r70_i6,70,0,0,1,1,14,"0,13,13","1.0000,0.0000,0.0000",5.0
kitchen,kitchen_h2_r70_i6,100,0,0,1,1,19,"1,19,19","1.0000,0.0000,0.0000",5.0
kitchen,kitchen_h2_r70_i6,10,1,0,3,0,1,"0,0,0","0.3333,0.3333,0.3333",5.0
kitchen,kitchen_h2_r70_i6,30,1,1,2,1,2,"1,0,0","0.0034,0.4983,0.4983",5.0
kitchen,kitchen_h2_r70_i6,50,1,1,1,1,3,"2,0,1","0.0000,0.9933,0.0067",5.0
kitchen,kitchen_h2_r70_i6,70,1,1,1,1,5,"4,0,1","0.0000,0.9933,0.0067",5.0
kitchen,kitchen_h2_r70_i6,100,1,1,1,1,6,"5,0,2","0.0000,1.0000,0.0000",5.0
kitchen,kitchen_h2_r70_i6,10,2,0,2,0,1,"0,1,0","0.4983,0.0034,0.4983",5.0
kitchen,kitchen_h2_r70_i6,30,2,2,1,1,2,"1,1,0","0.0066,0.0066,0.9867",5.0
kitchen,kitchen_h2_r70_i6,50,2,2,1,1,3,"2,2,0","0.0000,0.0000,0.9999",5.0
kitchen,kitchen_h2_r70_i6,70,2,2,1,1,4,"4,4,1","0.0000,0.0000,1.0000",5.0
kitchen,kitchen_h2_r70_i6,100,2,2,1,1,5,"5,5,1","0.0000,0.0000,1.0000",5.0
kitchen,kitchen_h2_rfull_i5,10,0,0,1,1,2,"0,1,1","0.9867,0.0066,0.0066",5.0
kitchen,kitchen_h2_rfull_i5,30,0,0,1,1,6,"0,5,5","1.0000,0.0000,0.0000",5.0
kitchen,kitchen_h2_rfull_i5,50,0,0,1,1,10,"0,9,9","1.0000,0.0000,0.0000",5.0
kitchen,kitchen_h2_rfull_i5,70,0,0,1,1,14,"0,13,13","1.0000,0.0000,0.0000",5.0
kitchen,kitchen_h2_rfull_i5,100,0,0,1,1,19,"1,19,19","1.0000,0.0000,0.0000",5.0
kitchen,kitchen_h2_rfull_i5,10,1,0,3,0,1,"0,0,0","0.3333,0.3333,0.3333",5.0
kitchen,kitchen_h2_rfull_i5,30,1,1,2,1,2,"1,0,0","0.0034,0.4983,0.4983",5.0
kitchen,kitchen_h2_rfull_i5,50,1,1,1,1,3,"2,0,1","0.0000,0.9933,0.0067",5.0
kitchen,kitchen_h2_rfull_i5,70,1,1,1,1,5,"4,0,1","0.0000,0.9933,0.0067",5.0
kitchen,kitchen_h2_rfull_i5,100,1,1,1,1,6,"5,0,2","0.0000,1.0000,0.0000",5.0
kitchen,kitchen_h2_rfull_i5,10,2,0,2,0,1,"0,1,0","0.4983,0.0034,0.4983",5.0
kitchen,kitchen_h2_rfull_i5,30,2,2,1,1,2,"1,1,0","0.0066,0.0066,0.9867",5.0
kitchen,kitchen_h2_rfull_i5,50,2,2,1,1,3,"2,2,0","0.0000,0.0000,0.9999",5.0
kitchen,kitchen_h2_rfull_i5,70,2,2,1,1,4,"4,4,1","0.0000,0.0000,1.0000",5.0
kitchen,kitchen_h2_rfull_i5,100,2,2,1,1,5,"5,5,1","0.0000,0.0000,1.0000",5.0
logistics,p01,10,0,0,2,1,2,"0,2,2,0","0.5000,0.0000,0.0000,0.5000",5.0
logistics,p01,30,0,0,1,1,6,"0,5,5,1","0.9933,0.0000,0.0000,0.0067",5.0
logistics,p01,50,0,0,1,1,10,"0,8,8,2","1.0000,0.0000,0.0000,0.0000",5.0
logistics,p01,70,0,0,1,1,14,"0,11,11,3","1.0000,0.0000,0.0000,0.0000",5.0
logistics,p01,100,0,0,1,1,19,"0,15,14,7","1.0000,0.0000,0.0000,0.0000",5.0
logistics,p01,10,1,1,2,1,2,"2,0,0,2","0.0000,0.5000,0.5000,0.0000",5.0
logistics,p01,30,1,1,1,1,6,"5,0,3,5","0.0000,1.0000,0.0000,0.0000",5.0
logistics,p01,50,1,1,1,1,10,"8,0,4,8","0.0000,1.0000,0.0000,0.0000",5.0
logistics,p01,70,1,1,1,1,14,"11,0,7,11","0.0000,1.0000,0.0000,0.0000",5.0
logistics,p01,100,1,1,1,1,19,"15,0,11,15","0.0000,1.0000,0.0000,0.0000",5.0
logistics,p01,10,2,1,2,0,2,"2,0,0,2","0.0000,0.5000,0.5000,0.0000",5.0
logistics,p01,30,2,2,1,1,6,"6,2,0,4","0.0000,0.0000,1.0000,0.0000",5.0
logistics,p01,50,2,2,1,1,10,"8,4,0,5","0.0000,0.0000,1.0000,0.0000",5.0
logistics,p01,70,2,2,1,1,14,"12,8,0,8","0.0000,0.0000,1.0000,0.0000",5.0
logistics,p01,100,2,2,1,1,19,"15,12,0,11","0.0000,0.0000,1.0000,0.0000",5.0
logistics,p01,10,3,2,2,0,2,"2,2,0,0","0.0000,0.0000,0.5000,0.5000",5.0
logistics,p01,30,3,3,1,1,6,"2,5,3,0","0.0000,0.0000,0.0000,1.0000",5.0
logistics,p01,50,3,3,1,1,10,"3,8,4,0","0.0000,0.0000,0.0000,1.0000",5.0
logistics,p01,70,3,3,1,1,14,"3,11,8,0","0.0000,0.0000,0.0000,1.0000",5.0
logistics,p01,100,3,3,1,1,20,"8,16,11,0","0.0000,0.0000,0.0000,1.0000",5.0
logistics,p02,10,0,0,3,1,2,"0,2,0,1,1,0,1","0.3311,0.0000,0.3311,0.0022,0.0022,0.3311,0.0022",5.0
logistics,p02,30,0,0,2,1,6,"0,4,1,3,4,0,4","0.4983,0.0000,0.0034,0.0000,0.0000,0.4983,0.0000",5.0
logistics,p02,50,0,0,2,1,10,"0,5,2,4,7,0,7","0.5000,0.0000,0.0000,0.0000,0.0000,0.5000,0.0000",5.0
logistics,p02,70,0,0,2,1,14,"0,8,6,7,11,0,11","0.5000,0.0000,0.0000,0.0000,0.0000,0.5000,0.0000",5.0
logistics,p02,100,0,0,1,1,19,"0,11,9,10,15,3,14","1.0000,0.0000,0.0000,0.0000,0.0000,0.0000,0.0000",5.0
logistics,p02,10,1,1,1,1,2,"1,0,2,1,2,1,2","0.0066,0.9801,0.0000,0.0066,0.0000,0.0066,0.0000",5.0
logistics,p02,30,1,1,1,1,6,"3,0,5,3,6,3,6","0.0000,1.0000,0.0000,0.0000,0.0000,0.0000,0.0000",5.0
logistics,p02,50,1,1,1,1,9,"5,0,7,5,8,5,8","0.0000,1.0000,0.0000,0.0000,0.0000,0.0000,0.0000",5.0
logistics,p02,70,1,1,1,1,13,"8,0,11,8,11,8,11","0.0000,1.0000,0.0000,0.0000,0.0000,0.0000,0.0000",5.0
logistics,p02,100,1,1,1,1,18,"11,0,15,8,15,8,15","0.0000,1.0000,0.0000,0.0000,0.0000,0.0000,0.0000",5.0
logistics,p02,10,2,0,3,0,2,"0,2,0,1,1,0,1","0.3311,0.0000,0.3311,0.0022,0.0022,0.3311,0.0022",5.0
logistics,p02,30,2,2,1,1,6,"2,5,0,4,3,2,3","0.0000,0.0000,0.9999,0.0000,0.0000,0.0000,0.0000",5.0
logistics,p02,50,2,2,1,1,10,"3,7,0,6,5,3,5","0.0000,0.0000,1.0000,0.0000,0.0000,0.0000,0.0000",5.0
logistics,p02,70,2,2,1,1,14,"6,11,0,9,9,6,9","0.0000,0.0000,1.0000,0.0000,0.0000,0.0000,0.0000",5.0
logistics,p02,100,2,2,1,1,20,"10,16,0,14,14,11,13","0.0000,0.0000,1.0000,0.0000,0.0000,0.0000,0.0000",5.0
logistics,p02,10,3,0,4,0,2,"0,0,1,0,2,0,2","0.2496,0.2496,0.0017,0.2496,0.0000,0.2496,0.0000",5.0
logistics,p02,30,3,3,1,1,6,"1,2,3,0,3,1,3","0.0066,0.0000,0.0000,0.9867,0.0000,0.0066,0.0000",5.0
logistics,p02,50,3,3,1,1,10,"4,5,6,0,3,4,3","0.0000,0.0000,0.0000,1.0000,0.0000,0.0000,0.0000",5.0
logistics,p02,70,3,3,1,1,14,"7,8,9,0,6,7,6","0.0000,0.0000,0.0000,1.0000,0.0000,0.0000,0.0000",5.0
logistics,p02,100,3,3,1,1,19,"10,8,13,0,10,7,10","0.0000,0.0000,0.0000,1.0000,0.0000,0.0000,0.0000",5.0
logistics,p02,10,4,3,3,0,2,"1,2,1,0,0,1,0","0.0022,0.0000,0.0022,0.3311,0.3311,0.0022,0.3311",5.0
logistics,p02,30,4,4,2,1,6,"4,5,3,3,0,4,0","0.0000,0.0000,0.0000,0.0000,0.5000,0.0000,0.5000",5.0
logistics,p02,50,4,4,2,1,10,"6,7,5,3,0,6,0","0.0000,0.0000,0.0000,0.0000,0.5000,0.0000,0.5000",5.0
logistics,p02,70,4,4,2,1,14,"10,10,9,6,0,10,0","0.0000,0.0000,0.0000,0.0000,0.5000,0.0000,0.5000",5.0
logistics,p02,100,4,4,1,1,20,"15,15,14,11,0,15,3","0.0000,0.0000,0.0000,0.0000,1.0000,0.0000,0.0000",5.0
logistics,p02,10,5,0,3,0,2,"0,1,1,0,1,0,1","0.3304,0.0022,0.0022,0.3304,0.0022,0.3304,0.0022",5.0
logistics,p02,30,5,0,2,0,6,"0,4,1,3,4,0,4","0.4983,0.0000,0.0034,0.0000,0.0000,0.4983,0.0000",5.0
logistics,p02,50,5,0,2,0,10,"0,5,2,4,7,0,7","0.5000,0.0000,0.0000,0.0000,0.0000,0.5000,0.0000",5.0
logistics,p02,70,5,0,2,0,14,"0,8,6,7,11,0,11","0.5000,0.0000,0.0000,0.0000,0.0000,0.5000,0.0000",5.0
logistics,p02,100,5,5,1,1,19,"3,8,10,7,15,0,15","0.0000,0.0000,0.0000,0.0000,0.0000,1.0000,0.0000",5.0
logistics,p02,10,6,3,3,0,2,"1,2,1,0,0,1,0","0.0022,0.0000,0.0022,0.3311,0.3311,0.0022,0.3311",5.0
logistics,p02,30,6,4,2,0,6,"4,5,3,2,0,4,0","0.0000,0.0000,0.0000,0.0000,0.5000,0.0000,0.5000",5.0
logistics,p02,50,6,4,2,0,10,"6,7,5,3,0,6,0","0.0000,0.0000,0.0000,0.0000,0.5000,0.0000,0.5000",5.0
logistics,p02,70,6,4,2,0,14,"10,10,9,6,0,10,0","0.0000,0.0000,0.0000,0.0000,0.5000,0.0000,0.5000",5.0
logistics,p02,100,6,6,1,1,20,"14,15,13,11,3,15,0","0.0000,0.0000,0.0000,0.0000,0.0000,0.0000,1.0000",5.0
logistics,p03,10,0,0,1,1,2,"0,2,2,2,2","0.9998,0.0000,0.0000,0.0000,0.0000",5.0
logistics,p03,30,0,0,1,1,6,"0,5,5,5,5","1.0000,0.0000,0.0000,0.0000,0.0000",5.0
logistics,p03,50,0,0,1,1,10,"0,8,8,5,7","1.0000,0.0000,0.0000,0.0000,0.0000",5.0
logistics,p03,70,0,0,1,1,14,"0,11,12,7,11","1.0000,0.0000,0.0000,0.0000,0.0000",5.0
logistics,p03,100,0,0,1,1,19,"0,16,16,11,16","1.0000,0.0000,0.0000,0.0000,0.0000",5.0
logistics,p03,10,1,1,2,1,2,"2,0,1,2,0","0.0000,0.4983,0.0034,0.0000,0.4983",5.0
logistics,p03,30,1,1,2,1,5,"4,0,3,4,0","0.0000,0.5000,0.0000,0.0000,0.5000",5.0
logistics,p03,50,1,1,2,1,7,"5,0,5,5,0","0.0000,0.5000,0.0000,0.0000,0.5000",5.0
logistics,p03,70,1,1,1,1,10,"7,0,8,7,1","0.0000,0.9933,0.0000,0.0000,0.0067",5.0
logistics,p03,100,1,1,1,1,14,"10,0,12,10,6","0.0000,1.0000,0.0000,0.0000,0.0000",5.0
logistics,p03,10,2,2,2,1,2,"2,1,0,2,0","0.0000,0.0034,0.4983,0.0000,0.4983",5.0
logistics,p03,30,2,2,2,1,4,"4,3,0,4,0","0.0000,0.0000,0.5000,0.0000,0.5000",5.0
logistics,p03,50,2,2,2,1,7,"5,6,0,5,0","0.0000,0.0000,0.5000,0.0000,0.5000",5.0
logistics,p03,70,2,2,1,1,10,"8,9,0,8,2","0.0000,0.0000,1.0000,0.0000,0.0000",5.0
logistics,p03,100,2,2,1,1,13,"10,12,0,11,6","0.0000,0.0000,1.0000,0.0000,0.0000",5.0
logistics,p03,10,3,1,2,0,2,"2,0,2,0,2","0.0000,0.5000,0.0000,0.5000,0.0000",5.0
logistics,p03,30,3,3,1,1,6,"4,4,4,0,4","0.0000,0.0000,0.0000,1.0000,0.0000",5.0
logistics,p03,50,3,3,1,1,10,"5,8,8,0,7","0.0000,0.0000,0.0000,1.0000,0.0000",5.0
logistics,p03,70,3,3,1,1,14,"7,11,12,0,11","0.0000,0.0000,0.0000,1.0000,0.0000",5.0
logistics,p03,100,3,3,1,1,19,"11,21,16,0,15","0.0000,0.0000,0.0000,1.0000,0.0000",5.0
logistics,p03,10,4,4,1,1,2,"2,1,1,2,0","0.0000,0.0066,0.0066,0.0000,0.9866",5.0
logistics,p03,30,4,4,1,1,6,"6,3,2,6,0","0.0000,0.0000,0.0000,0.0000,1.0000",5.0
logistics,p03,50,4,4,1,1,10,"8,3,5,8,0","0.0000,0.0000,0.0000,0.0000,1.0000",5.0
logistics,p03,70,4,4,1,1,14,"12,6,9,12,0","0.0000,0.0000,0.0000,0.0000,1.0000",5.0
logistics,p03,100,4,4,1,1,19,"16,11,12,15,0","0.0000,0.0000,0.0000,0.0000,1.0000",5.0
logistics,p04,10,0,0,4,1,2,"0,2,2,0,2,2,0,1,0,2","0.2496,0.0000,0.0000,0.2496,0.0000,0.0000,0.2496,0.0017,0.2496,0.0000",5.0
logistics,p04,30,0,0,2,1,6,"0,6,6,2,6,4,2,4,0,4","0.5000,0.0000,0.0000,0.0000,0.0000,0.0000,0.0000,0.0000,0.5000,0.0000",5.0
logistics,p04,50,0,0,2,1,10,"0,9,8,5,8,4,4,4,0,4","0.5000,0.0000,0.0000,0.0000,0.0000,0.0000,0.0000,0.0000,0.5000,0.0000",5.0
logistics,p04,70,0,0,2,1,14,"0,13,11,8,12,7,7,4,0,6","0.5000,0.0000,0.0000,0.0000,0.0000,0.0000,0.0000,0.0000,0.5000,0.0000",5.0
logistics,p04,100,0,0,1,1,19,"0,17,15,11,16,10,10,9,3,9","1.0000,0.0000,0.0000,0.0000,0.0000,0.0000,0.0000,0.0000,0.0000,0.0000",5.0
logistics,p04,10,1,1,1,1,2,"2,0,2,1,1,1,2,1,2,2","0.0000,0.9735,0.0000,0.0066,0.0066,0.0066,0.0000,0.0066,0.0000,0.0000",5.0
logistics,p04,30,1,1,1,1,6,"6,0,6,3,3,3,6,3,6,6","0.0000,1.0000,0.0000,0.0000,0.0000,0.0000,0.0000,0.0000,0.0000,0.0000",5.0
logistics,p04,50,1,1,1,1,9,"8,0,8,4,4,4,8,4,8,8","0.0000,1.0000,0.0000,0.0000,0.0000,0.0000,0.0000,0.0000,0.0000,0.0000",5.0
logistics,p04,70,1,1,1,1,13,"12,0,12,7,7,8,12,7,12,12","0.0000,1.0000,0.0000,0.0000,0.0000,0.0000,0.0000,0.0000,0.0000,0.0000",5.0
logistics,p04,100,1,1,1,1,18,"16,0,16,10,10,11,16,12,16,16","0.0000,1.0000,0.0000,0.0000,0.0000,0.0000,0.0000,0.0000,0.0000,0.0000",5.0
logistics,p04,10,2,2,2,1,2,"2,2,0,2,2,2,2,2,2,0","0.0000,0.0000,0.4999,0.0000,0.0000,0.0000,0.0000,0.0000,0.0000,0.4999",5.0
logistics,p04,30,2,2,1,1,6,"5,6,0,5,5,6,4,5,5,1","0.0000,0.0000,0.9933,0.0000,0.0000,0.0000,0.0000,0.0000,0.0000,0.0067",5.0
logistics,p04,50,2,2,1,1,10,"8,9,0,8,5,9,4,8,8,4","0.0000,0.0000,1.0000,0.0000,0.0000,0.0000,0.0000,0.0000,0.0000,0.0000",5.0
logistics,p04,70,2,2,1,1,14,"12,13,0,12,8,12,7,11,12,7","0.0000,0.0000,1.0000,0.0000,0.0000,0.0000,0.0000,0.0000,0.0000,0.0000",5.0
logistics,p04,100,2,2,1,1,19,"16,17,0,16,11,16,10,16,15,10","0.0000,0.0000,1.0000,0.0000,0.0000,0.0000,0.0000,0.0000,0.0000,0.0000",5.0
logistics,p04,10,3,0,4,0,2,"0,2,2,0,2,2,0,1,0,2","0.2496,0.0000,0.0000,0.2496,0.0000,0.0000,0.2496,0.0017,0.2496,0.0000",5.0
logistics,p04,30,3,3,1,1,6,"3,3,6,0,6,6,3,3,3,6","0.0000,0.0000,0.0000,1.0000,0.0000,0.0000,0.0000,0.0000,0.0000,0.0000",5.0
logistics,p04,50,3,3,1,1,9,"4,4,8,0,8,8,4,4,4,8","0.0000,0.0000,0.0000,1.0000,0.0000,0.0000,0.0000,0.0000,0.0000,0.0000",5.0
logistics,p04,70,3,3,1,1,13,"7,7,11,0,12,12,7,6,7,11","0.0000,0.0000,0.0000,1.0000,0.0000,0.0000,0.0000,0.0000,0.0000,0.0000",5.0
logistics,p04,100,3,3,1,1,18,"10,10,15,0,16,16,10,11,10,15","0.0000,0.0000,0.0000,1.0000,0.0000,0.0000,0.0000,0.0000,0.0000,0.0000",5.0
logistics,p04,10,4,4,1,1,2,"2,1,1,2,0,1,1,2,2,2","0.0000,0.0066,0.0066,0.0000,0.9735,0.0066,0.0066,0.0000,0.0000,0.0000",5.0
logistics,p04,30,4,4,1,1,6,"6,2,4,6,0,2,4,5,6,6","0.0000,0.0000,0.0000,0.0000,0.9999,0.0000,0.0000,0.0000,0.0000,0.0000",5.0
logistics,p04,50,4,4,1,1,9,"8,4,4,8,0,4,4,7,8,8","0.0000,0.0000,0.0000,0.0000,1.0000,0.0000,0.0000,0.0000,0.0000,0.0000",5.0
logistics,p04,70,4,4,1,1,13,"12,7,7,12,0,8,7,11,12,12","0.0000,0.0000,0.0000,0.0000,1.0000,0.0000,0.0000,0.0000,0.0000,0.0000",5.0
logistics,p04,100,4,4,1,1,18,"16,10,10,16,0,11,10,16,15,16","0.0000,0.0000,0.0000,0.0000,1.0000,0.0000,0.0000,0.0000,0.0000,0.0000",5.0
logistics,p04,10,5,1,3,0,2,"2,0,2,2,0,0,2,1,2,2","0.0000,0.3326,0.0000,0.0000,0.3326,0.3326,0.0000,0.0022,0.0000,0.0000",5.0
logistics,p04,30,5,5,1,1,6,"4,2,6,6,2,0,6,4,4,4","0.0000,0.0000,0.0000,0.0000,0.0000,0.9999,0.0000,0.0000,0.0000,0.0000",5.0
logistics,p04,50,5,5,1,1,10,"4,5,8,9,4,0,8,4,4,4","0.0000,0.0000,0.0000,0.0000,0.0000,1.0000,0.0000,0.0000,0.0000,0.0000",5.0
logistics,p04,70,5,5,1,1,14,"7,9,11,13,8,0,12,6,7,4","0.0000,0.0000,0.0000,0.0000,0.0000,1.0000,0.0000,0.0000,0.0000,0.0000",5.0
logistics,p04,100,5,5,1,1,19,"10,12,15,17,11,0,16,11,11,7","0.0000,0.0000,0.0000,0.0000,0.0000,1.0000,0.0000,0.0000,0.0000,0.0000",5.0
logistics,p04,10,6,0,4,0,2,"0,2,2,0,2,2,0,1,0,2","0.2496,0.0000,0.0000,0.2496,0.0000,0.0000,0.2496,0.0017,0.2496,0.0000",5.0
logistics,p04,30,6,6,1,1,6,"2,6,4,2,4,6,0,5,2,6","0.0000,0.0000,0.0000,0.0000,0.0000,0.0000,0.9999,0.0000,0.0000,0.0000",5.0
logistics,p04,50,6,6,1,1,9,"4,8,4,4,4,8,0,7,4,8","0.0000,0.0000,0.0000,0.0000,0.0000,0.0000,1.0000,0.0000,0.0000,0.0000",5.0
logistics,p04,70,6,6,1,1,13,"7,12,6,7,7,12,0,10,7,11","0.0000,0.0000,0.0000,0.0000,0.0000,0.0000,1.0000,0.0000,0.0000,0.0000",5.0
logistics,p04,100,6,6,1,1,18,"10,16,9,10,10,16,0,15,7,15","0.0000,0.0000,0.0000,0.0000,0.0000,0.0000,1.0000,0.0000,0.0000,0.0000",5.0
logistics,p04,10,7,7,1,1,2,"1,1,2,1,2,1,2,0,1,1","0.0065,0.0065,0.0000,0.0065,0.0000,0.0065,0.0000,0.9610,0.0065,0.0065",5.0
logistics,p04,30,7,7,1,1,6,"2,3,6,3,6,2,6,0,2,2","0.0000,0.0000,0.0000,0.0000,0.0000,0.0000,0.0000,0.9998,0.0000,0.0000",5.0
logistics,p04,50,7,7,1,1,9,"3,4,8,4,8,3,8,0,3,3","0.0000,0.0000,0.0000,0.0000,0.0000,0.0000,0.0000,1.0000,0.0000,0.0000",5.0
logistics,p04,70,7,7,1,1,13,"4,7,12,6,12,5,11,0,4,5","0.0000,0.0000,0.0000,0.0000,0.0000,0.0000,0.0000,1.0000,0.0000,0.0000",5.0
logistics,p04,100,7,7,1,1,18,"7,12,15,10,17,11,15,0,7,10","0.0000,0.0000,0.0000,0.0000,0.0000,0.0000,0.0000,1.0000,0.0000,0.0000",5.0
logistics,p04,10,8,0,4,0,2,"0,2,2,0,2,2,0,1,0,2","0.2496,0.0000,0.0000,0.2496,0.0000,0.0000,0.2496,0.0017,0.2496,0.0000",5.0
logistics,p04,30,8,0,2,0,6,"0,6,6,2,6,4,2,3,0,4","0.5000,0.0000,0.0000,0.0000,0.0000,0.0000,0.0000,0.0000,0.5000,0.0000",5.0
logistics,p04,50,8,0,2,0,10,"0,8,9,4,9,4,5,3,0,4","0.5000,0.0000,0.0000,0.0000,0.0000,0.0000,0.0000,0.0000,0.5000,0.0000",5.0
logistics,p04,70,8,0,2,0,14,"0,12,12,7,13,7,8,3,0,6","0.5000,0.0000,0.0000,0.0000,0.0000,0.0000,0.0000,0.0000,0.5000,0.0000",5.0
logistics,p04,100,8,8,1,1,19,"3,16,15,10,16,11,8,8,0,10","0.0000,0.0000,0.0000,0.0000,0.0000,0.0000,0.0000,0.0000,1.0000,0.0000",5.0
logistics,p04,10,9,2,2,0,2,"2,2,0,2,2,2,2,1,2,0","0.0000,0.0000,0.4982,0.0000,0.0000,0.0000,0.0000,0.0034,0.0000,0.4982",5.0
logistics,p04,30,9,9,1,1,6,"4,5,2,6,5,3,6,4,4,0","0.0000,0.0000,0.0000,0.0000,0.0000,0.0000,0.0000,0.0000,0.0000,1.0000",5.0
logistics,p04,50,9,9,1,1,10,"5,9,4,10,8,4,9,5,5,0","0.0000,0.0000,0.0000,0.0000,0.0000,0.0000,0.0000,0.0000,0.0000,1.0000",5.0
logistics,p04,70,9,9,1,1,14,"6,12,6,13,11,4,12,5,6,0","0.0000,0.0000,0.0000,0.0000,0.0000,0.0000,0.0000,0.0000,0.0000,1.0000",5.0
logistics,p04,100,9,9,1,1,20,"11,17,10,18,16,7,17,12,12,0","0.0000,0.0000,0.0000,0.0000,0.0000,0.0000,0.0000,0.0000,0.0000,1.0000",5.0
logistics,p05,10,0,0,2,1,2,"0,2,2,1,2,1,1,1,0,1","0.4917,0.0000,0.0000,0.0033,0.0000,0.0033,0.0033,0.0033,0.4917,0.0033",5.0
logistics,p05,30,0,0,2,1,6,"0,6,6,2,6,4,2,3,0,4","0.5000,0.0000,0.0000,0.0000,0.0000,0.0000,0.0000,0.0000,0.5000,0.0000",5.0
logistics,p05,50,0,0,2,1,9,"0,8,8,4,8,4,4,3,0,4","0.5000,0.0000,0.0000,0.0000,0.0000,0.0000,0.0000,0.0000,0.5000,0.0000",5.0
logistics,p05,70,0,0,2,1,13,"0,12,12,7,12,7,7,3,0,7","0.5000,0.0000,0.0000,0.0000,0.0000,0.0000,0.0000,0.0000,0.5000,0.0000",5.0
logistics,p05,100,0,0,1,1,18,"0,16,16,10,16,10,10,8,3,10","1.0000,0.0000,0.0000,0.0000,0.0000,0.0000,0.0000,0.0000,0.0000,0.0000",5.0
logistics,p05,10,1,1,1,1,2,"2,0,2,1,1,1,2,1,2,2","0.0000,0.9735,0.0000,0.0066,0.0066,0.0066,0.0000,0.0066,0.0000,0.0000",5.0
logistics,p05,30,1,1,1,1,6,"6,0,6,4,2,2,6,3,6,6","0.0000,0.9999,0.0000,0.0000,0.0000,0.0000,0.0000,0.0000,0.0000,0.0000",5.0
logistics,p05,50,1,1,1,1,9,"8,0,8,4,4,4,8,3,8,8","0.0000,1.0000,0.0000,0.0000,0.0000,0.0000,0.0000,0.0000,0.0000,0.0000",5.0
logistics,p05,70,1,1,1,1,13,"12,0,12,7,7,8,12,6,12,12","0.0000,1.0000,0.0000,0.0000,0.0000,0.0000,0.0000,0.0000,0.0000,0.0000",5.0
logistics,p05,100,1,1,1,1,18,"16,0,16,10,10,11,16,11,16,16","0.0000,1.0000,0.0000,0.0000,0.0000,0.0000,0.0000,0.0000,0.0000,0.0000",5.0
logistics,p05,10,2,2,1,1,2,"2,2,0,2,1,2,1,2,2,1","0.0000,0.0000,0.9799,0.0000,0.0066,0.0000,0.0066,0.0000,0.0000,0.0066",5.0
logistics,p05,30,2,2,1,1,6,"6,6,0,6,4,6,4,5,6,2","0.0000,0.0000,1.0000,0.0000,0.0000,0.0000,0.0000,0.0000,0.0000,0.0000",5.0
logistics,p05,50,2,2,1,1,9,"8,8,0,8,4,8,4,7,8,4","0.0000,0.0000,1.0000,0.0000,0.0000,0.0000,0.0000,0.0000,0.0000,0.0000",5.0
logistics,p05,70,2,2,1,1,13,"12,12,0,12,7,11,7,10,12,7","0.0000,0.0000,1.0000,0.0000,0.0000,0.0000,0.0000,0.0000,0.0000,0.0000",5.0
logistics,p05,100,2,2,1,1,18,"16,16,0,16,10,15,10,15,15,10","0.0000,0.0000,1.0000,0.0000,0.0000,0.0000,0.0000,0.0000,0.0000,0.0000",5.0
logistics,p05,10,3,3,1,1,2,"1,1,2,0,2,2,1,1,1,2","0.0065,0.0065,0.0000,0.9672,0.0000,0.0000,0.0065,0.0065,0.0065,0.0000",5.0
logistics,p05,30,3,3,1,1,6,"2,4,6,0,6,6,2,3,2,6","0.0000,0.0000,0.0000,0.9999,0.0000,0.0000,0.0000,0.0000,0.0000,0.0000",5.0
logistics,p05,50,3,3,1,1,9,"4,4,8,0,8,8,4,3,4,8","0.0000,0.0000,0.0000,1.0000,0.0000,0.0000,0.0000,0.0000,0.0000,0.0000",5.0
logistics,p05,70,3,3,1,1,13,"7,7,12,0,12,12,7,5,7,12","0.0000,0.0000,0.0000,1.0000,0.0000,0.0000,0.0000,0.0000,0.0000,0.0000",5.0
logistics,p05,100,3,3,1,1,18,"10,10,16,0,16,16,10,10,10,16","0.0000,0.0000,0.0000,1.0000,0.0000,0.0000,0.0000,0.0000,0.0000,0.0000",5.0
logistics,p05,10,4,4,1,1,2,"2,1,1,2,0,1,1,2,2,2","0.0000,0.0066,0.0066,0.0000,0.9735,0.0066,0.0066,0.0000,0.0000,0.0000",5.0
logistics,p05,30,4,4,1,1,6,"6,2,4,6,0,2,4,5,6,6","0.0000,0.0000,0.0000,0.0000,0.9999,0.0000,0.0000,0.0000,0.0000,0.0000",5.0
logistics,p05,50,4,4,1,1,9,"8,4,4,8,0,4,4,7,8,8","0.0000,0.0000,0.0000,0.0000,1.0000,0.0000,0.0000,0.0000,0.0000,0.0000",5.0
logistics,p05,70,4,4,1,1,13,"12,7,7,12,0,8,7,11,12,12","0.0000,0.0000,0.0000,0.0000,1.0000,0.0000,0.0000,0.0000,0.0000,0.0000",5.0
logistics,p05,100,4,4,1,1,18,"16,10,10,16,0,11,10,16,15,16","0.0000,0.0000,0.0000,0.0000,1.0000,0.0000,0.0000,0.0000,0.0000,0.0000",5.0
logistics,p05,10,5,5,1,1,2,"1,1,2,2,1,0,2,1,1,1","0.0065,0.0065,0.0000,0.0000,0.0065,0.9610,0.0000,0.0065,0.0065,0.0065",5.0
logistics,p05,30,5,5,1,1,6,"2,4,6,6,4,0,6,1,2,2","0.0000,0.0000,0.0000,0.0000,0.0000,0.9932,0.0000,0.0067,0.0000,0.0000",5.0
logistics,p05,50,5,5,1,1,9,"4,4,8,8,4,0,8,3,4,4","0.0000,0.0000,0.0000,0.0000,0.0000,1.0000,0.0000,0.0000,0.0000,0.0000",5.0
logistics,p05,70,5,5,1,1,13,"7,8,11,12,8,0,12,5,7,4","0.0000,0.0000,0.0000,0.0000,0.0000,1.0000,0.0000,0.0000,0.0000,0.0000",5.0
logistics,p05,100,5,5,1,1,18,"10,11,15,16,11,0,16,10,11,7","0.0000,0.0000,0.0000,0.0000,0.0000,1.0000,0.0000,0.0000,0.0000,0.0000",5.0
logistics,p05,10,6,6,1,1,2,"1,2,1,1,1,2,0,2,1,2","0.0065,0.0000,0.0065,0.0065,0.0065,0.0000,0.9672,0.0000,0.0065,0.0000",5.0
logistics,p05,30,6,6,1,1,6,"2,6,4,2,4,6,0,5,2,6","0.0000,0.0000,0.0000,0.0000,0.0000,0.0000,0.9999,0.0000,0.0000,0.0000",5.0
logistics,p05,50,6,6,1,1,9,"4,8,4,4,4,8,0,7,4,8","0.0000,0.0000,0.0000,0.0000,0.0000,0.0000,1.0000,0.0000,0.0000,0.0000",5.0
logistics,p05,70,6,6,1,1,13,"7,12,7,7,7,12,0,10,7,12","0.0000,0.0000,0.0000,0.0000,0.0000,0.0000,1.0000,0.0000,0.0000,0.0000",5.0
logistics,p05,100,6,6,1,1,18,"10,16,10,10,10,16,0,15,7,16","0.0000,0.0000,0.0000,0.0000,0.0000,0.0000,1.0000,0.0000,0.0000,0.0000",5.0
logistics,p05,10,7,0,5,0,2,"0,2,2,2,2,0,2,0,0,0","0.2000,0.0000,0.0000,0.0000,0.0000,0.2000,0.0000,0.2000,0.2000,0.2000",5.0
logistics,p05,30,7,7,1,1,6,"3,3,6,3,6,3,6,0,3,3","0.0000,0.0000,0.0000,0.0000,0.0000,0.0000,0.0000,1.0000,0.0000,0.0000",5.0
logistics,p05,50,7,7,1,1,9,"4,4,8,4,8,4,8,0,4,4","0.0000,0.0000,0.0000,0.0000,0.0000,0.0000,0.0000,1.0000,0.0000,0.0000",5.0
logistics,p05,70,7,7,1,1,13,"6,6,12,7,11,5,12,0,6,6","0.0000,0.0000,0.0000,0.0000,0.0000,0.0000,0.0000,1.0000,0.0000,0.0000",5.0
logistics,p05,100,7,7,1,1,18,"9,11,16,11,16,11,16,0,9,12","0.0000,0.0000,0.0000,0.0000,0.0000,0.0000,0.0000,1.0000,0.0000,0.0000",5.0
logistics,p05,10,8,0,2,0,2,"0,2,2,1,2,1,1,1,0,1","0.4917,0.0000,0.0000,0.0033,0.0000,0.0033,0.0033,0.0033,0.4917,0.0033",5.0
logistics,p05,30,8,0,2,0,6,"0,6,6,2,6,4,2,3,0,4","0.5000,0.0000,0.0000,0.0000,0.0000,0.0000,0.0000,0.0000,0.5000,0.0000",5.0
logistics,p05,50,8,0,2,0,9,"0,8,8,4,8,4,4,3,0,4","0.5000,0.0000,0.0000,0.0000,0.0000,0.0000,0.0000,0.0000,0.5000,0.0000",5.0
logistics,p05,70,8,0,2,0,13,"0,12,12,7,12,7,7,3,0,7","0.5000,0.0000,0.0000,0.0000,0.0000,0.0000,0.0000,0.0000,0.5000,0.0000",5.0
logistics,p05,100,8,8,1,1,18,"3,16,15,10,15,11,7,8,0,11","0.0000,0.0000,0.0000,0.0000,0.0000,0.0000,0.0000,0.0000,1.0000,0.0000",5.0
logistics,p05,10,9,9,1,1,2,"1,2,1,2,2,1,2,1,1,0","0.0065,0.0000,0.0065,0.0000,0.0000,0.0065,0.0000,0.0065,0.0065,0.9672",5.0
logistics,p05,30,9,9,1,1,6,"4,6,2,6,6,4,6,3,4,0","0.0000,0.0000,0.0000,0.0000,0.0000,0.0000,0.0000,0.0000,0.0000,1.0000",5.0
logistics,p05,50,9,9,1,1,9,"4,8,4,8,8,4,8,3,4,0","0.0000,0.0000,0.0000,0.0000,0.0000,0.0000,0.0000,0.0000,0.0000,1.0000",5.0
logistics,p05,70,9,9,1,1,13,"7,12,7,12,12,4,12,5,7,0","0.0000,0.0000,0.0000,0.0000,0.0000,0.0000,0.0000,0.0000,0.0000,1.0000",5.0
logistics,p05,100,9,9,1,1,18,"10,16,10,16,16,7,16,10,11,0","0.0000,0.0000,0.0000,0.0000,0.0000,0.0000,0.0000,0.0000,0.0000,1.0000",5.0
