domain,instance,obs_pct,true_idx,predicted_idx,spread,correct,obs_count,deltas,posterior,beta
block-words,p02,10,0,0,14,1,1,"0,0,0,0,0,0,0,1,1,0,0,0,1,0,1,1,0,0,0,1","0.0567,0.0567,0.0567,0.0567,0.0567,0.0567,0.0567,0.0344,0.0344,0.0567,0.0567,0.0567,0.0344,0.0567,0.0344,0.0344,0.0567,0.0567,0.0567,0.0344",0.5
block-words,p02,30,0,0,10,1,3,"0,0,0,0,0,0,0,5,3,0,0,0,5,5,5,5,3,2,2,5","0.0857,0.0857,0.0857,0.0857,0.0857,0.0857,0.0857,0.0070,0.0191,0.0857,0.0857,0.0857,0.0070,0.0070,0.0070,0.0070,0.0191,0.0315,0.0315,0.0070",0.5
block-words,p02,50,0,0,8,1,4,"0,0,0,0,0,0,0,5,5,0,2,2,8,6,6,7,5,4,4,8","0.1062,0.1062,0.1062,0.1062,0.1062,0.1062,0.1062,0.0087,0.0087,0.1062,0.0391,0.0391,0.0019,0.0053,0.0053,0.0032,0.0087,0.0144,0.0144,0.0019",0.5
block-words,p02,70,0,0,1,1,6,"0,4,4,3,4,4,4,10,10,2,4,4,10,8,8,10,10,8,8,12","0.3777,0.0511,0.0511,0.0843,0.0511,0.0511,0.0511,0.0025,0.0025,0.1389,0.0511,0.0511,0.0025,0.0069,0.0069,0.0025,0.0025,0.0069,0.0069,0.0009",0.5
block-words,p02,100,0,0,1,1,8,"0,6,6,6,6,6,8,12,14,4,6,6,12,8,10,10,10,8,8,14","0.6313,0.0314,0.0314,0.0314,0.0314,0.0314,0.0116,0.0016,0.0006,0.0854,0.0314,0.0314,0.0016,0.0116,0.0043,0.0043,0.0043,0.0116,0.0116,0.0006",0.5
block-words,p02,10,1,0,10,0,2,"0,0,0,0,0,0,0,3,2,0,0,0,4,4,4,4,2,2,2,3","0.0803,0.0803,0.0803,0.0803,0.0803,0.0803,0.0803,0.0179,0.0295,0.0803,0.0803,0.0803,0.0109,0.0109,0.0109,0.0109,0.0295,0.0295,0.0295,0.0179",0.5
block-words,p02,30,1,1,9,1,4,"2,0,0,0,0,0,0,5,4,0,0,0,8,8,8,8,4,6,6,5","0.0369,0.1002,0.1002,0.1002,0.1002,0.1002,0.1002,0.0082,0.0136,0.1002,0.1002,0.1002,0.0018,0.0018,0.0018,0.0018,0.0136,0.0050,0.0050,0.0082",0.5
block-words,p02,50,1,1,9,1,6,"4,0,0,0,0,0,0,6,6,0,0,0,8,8,8,8,6,8,6,6","0.0143,0.1055,0.1055,0.1055,0.1055,0.1055,0.1055,0.0053,0.0053,0.1055,0.1055,0.1055,0.0019,0.0019,0.0019,0.0019,0.0053,0.0019,0.0053,0.0053",0.5
block-words,p02,70,1,1,3,1,9,"8,0,0,1,0,1,5,9,8,5,4,4,8,11,9,8,10,9,7,8","0.0038,0.2077,0.2077,0.1260,0.2077,0.1260,0.0171,0.0023,0.0038,0.0171,0.0281,0.0281,0.0038,0.0008,0.0023,0.0038,0.0014,0.0023,0.0063,0.0038",0.5
block-words,p02,100,1,1,1,1,12,"14,0,3,6,4,6,14,14,14,8,9,10,10,14,12,13,16,14,12,14","0.0006,0.6604,0.1474,0.0329,0.0894,0.0329,0.0006,0.0006,0.0006,0.0121,0.0073,0.0045,0.0045,0.0006,0.0016,0.0010,0.0002,0.0006,0.0016,0.0006",0.5
block-words,p02,10,2,0,14,0,1,"0,0,0,0,0,0,0,1,1,0,0,0,1,0,1,1,0,0,0,1","0.0567,0.0567,0.0567,0.0567,0.0567,0.0567,0.0567,0.0344,0.0344,0.0567,0.0567,0.0567,0.0344,0.0567,0.0344,0.0344,0.0567,0.0567,0.0567,0.0344",0.5
block-words,p02,30,2,0,10,0,3,"0,0,0,0,0,0,0,5,3,0,0,0,5,5,5,5,3,2,2,5","0.0857,0.0857,0.0857,0.0857,0.0857,0.0857,0.0857,0.0070,0.0191,0.0857,0.0857,0.0857,0.0070,0.0070,0.0070,0.0070,0.0191,0.0315,0.0315,0.0070",0.5
block-words,p02,50,2,1,9,0,5,"2,0,0,0,0,0,0,5,5,0,0,0,8,8,8,8,4,6,6,5","0.0371,0.1008,0.1008,0.1008,0.1008,0.1008,0.1008,0.0083,0.0083,0.1008,0.1008,0.1008,0.0018,0.0018,0.0018,0.0018,0.0136,0.0050,0.0050,0.0083",0.5
block-words,p02,70,2,1,5,0,7,"4,0,0,0,0,0,1,7,7,1,1,1,8,8,8,8,7,8,6,7","0.0173,0.1278,0.1278,0.1278,0.1278,0.1278,0.0775,0.0039,0.0039,0.0775,0.0775,0.0775,0.0023,0.0023,0.0023,0.0023,0.0039,0.0023,0.0064,0.0039",0.5
block-words,p02,100,2,1,3,0,10,"10,0,0,3,0,4,6,10,10,6,6,6,10,12,10,10,12,12,10,10","0.0019,0.2763,0.2763,0.0617,0.2763,0.0374,0.0138,0.0019,0.0019,0.0138,0.0138,0.0138,0.0019,0.0007,0.0019,0.0019,0.0007,0.0007,0.0019,0.0019",0.5
block-words,p02,10,3,0,14,0,1,"0,0,0,0,0,0,0,1,1,0,0,0,1,0,1,1,0,0,0,1","0.0567,0.0567,0.0567,0.0567,0.0567,0.0567,0.0567,0.0344,0.0344,0.0567,0.0567,0.0567,0.0344,0.0567,0.0344,0.0344,0.0567,0.0567,0.0567,0.0344",0.5
block-words,p02,30,3,0,10,0,3,"0,0,0,0,0,0,0,5,3,0,0,0,5,5,5,5,3,2,2,5","0.0857,0.0857,0.0857,0.0857,0.0857,0.0857,0.0857,0.0070,0.0191,0.0857,0.0857,0.0857,0.0070,0.0070,0.0070,0.0070,0.0191,0.0315,0.0315,0.0070",0.5
block-words,p02,50,3,1,9,0,4,"2,0,0,0,0,0,0,5,4,0,0,0,8,8,8,8,4,6,6,5","0.0369,0.1002,0.1002,0.1002,0.1002,0.1002,0.1002,0.0082,0.0136,0.1002,0.1002,0.1002,0.0018,0.0018,0.0018,0.0018,0.0136,0.0050,0.0050,0.0082",0.5
block-words,p02,70,3,1,9,0,6,"4,0,0,0,0,0,0,6,6,0,0,0,8,8,8,8,6,8,6,6","0.0143,0.1055,0.1055,0.1055,0.1055,0.1055,0.1055,0.0053,0.0053,0.1055,0.1055,0.1055,0.0019,0.0019,0.0019,0.0019,0.0053,0.0019,0.0053,0.0053",0.5
block-words,p02,100,3,1,5,0,8,"6,0,0,0,0,0,3,8,8,4,4,4,8,10,8,8,10,8,6,8","0.0085,0.1703,0.1703,0.1703,0.1703,0.1703,0.0380,0.0031,0.0031,0.0231,0.0231,0.0231,0.0031,0.0011,0.0031,0.0031,0.0011,0.0031,0.0085,0.0031",0.5
block-words,p02,10,4,0,10,0,2,"0,0,0,0,0,0,0,2,2,0,0,0,4,4,4,4,2,2,2,2","0.0784,0.0784,0.0784,0.0784,0.0784,0.0784,0.0784,0.0289,0.0289,0.0784,0.0784,0.0784,0.0106,0.0106,0.0106,0.0106,0.0289,0.0289,0.0289,0.0289",0.5
block-words,p02,30,4,1,7,0,4,"2,0,0,0,0,0,2,6,6,2,0,0,7,6,7,6,6,4,4,6","0.0421,0.1145,0.1145,0.1145,0.1145,0.1145,0.0421,0.0057,0.0057,0.0421,0.1145,0.1145,0.0035,0.0057,0.0035,0.0057,0.0057,0.0155,0.0155,0.0057",0.5
block-words,p02,50,4,1,7,0,6,"4,0,0,0,0,0,2,8,8,2,0,0,8,6,8,6,8,6,4,8","0.0164,0.1210,0.1210,0.1210,0.1210,0.1210,0.0445,0.0022,0.0022,0.0445,0.1210,0.1210,0.0022,0.0060,0.0022,0.0060,0.0022,0.0060,0.0164,0.0022",0.5
block-words,p02,70,4,1,3,0,9,"8,0,0,1,0,1,9,9,8,5,4,4,8,11,9,8,10,9,7,8","0.0039,0.2108,0.2108,0.1279,0.2108,0.1279,0.0023,0.0023,0.0039,0.0173,0.0285,0.0285,0.0039,0.0009,0.0023,0.0039,0.0014,0.0023,0.0064,0.0039",0.5
block-words,p02,100,4,4,1,1,12,"14,4,3,6,0,6,12,12,13,8,9,6,12,14,12,12,15,14,12,14","0.0006,0.0869,0.1432,0.0320,0.6419,0.0320,0.0016,0.0016,0.0010,0.0118,0.0071,0.0320,0.0016,0.0006,0.0016,0.0016,0.0004,0.0006,0.0016,0.0006",0.5
block-words,p02,10,5,0,14,0,1,"0,0,0,0,0,0,0,1,1,0,0,0,1,0,1,1,0,0,0,1","0.0567,0.0567,0.0567,0.0567,0.0567,0.0567,0.0567,0.0344,0.0344,0.0567,0.0567,0.0567,0.0344,0.0567,0.0344,0.0344,0.0567,0.0567,0.0567,0.0344",0.5
block-words,p02,30,5,0,10,0,3,"0,0,0,0,0,0,0,3,3,0,0,0,5,5,5,5,3,2,2,3","0.0836,0.0836,0.0836,0.0836,0.0836,0.0836,0.0836,0.0187,0.0187,0.0836,0.0836,0.0836,0.0069,0.0069,0.0069,0.0069,0.0187,0.0308,0.0308,0.0187",0.5
block-words,p02,50,5,0,8,0,5,"0,0,0,0,0,0,0,5,7,0,2,2,8,6,6,8,6,4,4,7","0.1071,0.1071,0.1071,0.1071,0.1071,0.1071,0.1071,0.0088,0.0032,0.1071,0.0394,0.0394,0.0020,0.0053,0.0053,0.0020,0.0053,0.0145,0.0145,0.0032",0.5
block-words,p02,70,5,1,5,0,7,"4,0,0,0,0,0,1,7,7,1,2,2,8,7,7,8,8,6,4,8","0.0181,0.1340,0.1340,0.1340,0.1340,0.1340,0.0813,0.0040,0.0040,0.0813,0.0493,0.0493,0.0025,0.0040,0.0040,0.0025,0.0025,0.0067,0.0181,0.0025",0.5
block-words,p02,100,5,5,1,1,10,"10,4,4,3,4,0,6,10,10,6,6,6,10,12,10,10,12,10,8,10","0.0035,0.0710,0.0710,0.1171,0.0710,0.5248,0.0261,0.0035,0.0035,0.0261,0.0261,0.0261,0.0035,0.0013,0.0035,0.0035,0.0013,0.0035,0.0096,0.0035",0.5
block-words,p02,10,6,6,12,1,1,"1,1,1,1,1,1,0,0,0,0,0,0,0,0,0,0,0,1,1,0","0.0360,0.0360,0.0360,0.0360,0.0360,0.0360,0.0593,0.0593,0.0593,0.0593,0.0593,0.0593,0.0593,0.0593,0.0593,0.0593,0.0593,0.0360,0.0360,0.0593",0.5
block-words,p02,30,6,6,1,1,3,"4,4,2,2,2,2,0,1,1,2,2,2,3,2,3,3,4,2,2,5","0.0192,0.0192,0.0522,0.0522,0.0522,0.0522,0.1419,0.0860,0.0860,0.0522,0.0522,0.0522,0.0317,0.0522,0.0317,0.0317,0.0192,0.0522,0.0522,0.0116",0.5
block-words,p02,50,6,6,1,1,5,"4,4,2,2,2,2,0,5,3,2,2,2,7,7,7,7,7,4,4,9","0.0295,0.0295,0.0803,0.0803,0.0803,0.0803,0.2182,0.0179,0.0487,0.0803,0.0803,0.0803,0.0066,0.0066,0.0066,0.0066,0.0066,0.0295,0.0295,0.0024",0.5
block-words,p02,70,6,6,1,1,7,"7,6,4,4,4,4,0,7,5,4,4,4,9,9,9,9,9,6,7,11","0.0132,0.0218,0.0594,0.0594,0.0594,0.0594,0.4387,0.0132,0.0360,0.0594,0.0594,0.0594,0.0049,0.0049,0.0049,0.0049,0.0049,0.0218,0.0132,0.0018",0.5
block-words,p02,100,6,6,1,1,10,"10,8,6,6,6,6,0,10,10,6,6,6,12,12,12,12,14,10,8,14","0.0047,0.0129,0.0350,0.0350,0.0350,0.0350,0.7023,0.0047,0.0047,0.0350,0.0350,0.0350,0.0017,0.0017,0.0017,0.0017,0.0006,0.0047,0.0129,0.0006",0.5
block-words,p02,10,7,6,12,0,1,"1,1,1,1,1,1,0,0,0,0,0,0,0,0,0,0,0,1,1,0","0.0360,0.0360,0.0360,0.0360,0.0360,0.0360,0.0593,0.0593,0.0593,0.0593,0.0593,0.0593,0.0593,0.0593,0.0593,0.0593,0.0593,0.0360,0.0360,0.0593",0.5
block-words,p02,30,7,6,3,0,2,"4,3,2,2,2,2,0,0,0,2,2,2,2,2,2,2,4,2,2,4","0.0161,0.0265,0.0437,0.0437,0.0437,0.0437,0.1189,0.1189,0.1189,0.0437,0.0437,0.0437,0.0437,0.0437,0.0437,0.0437,0.0161,0.0437,0.0437,0.0161",0.5
block-words,p02,50,7,6,3,0,2,"4,3,2,2,2,2,0,0,0,2,2,2,2,2,2,2,4,2,2,4","0.0161,0.0265,0.0437,0.0437,0.0437,0.0437,0.1189,0.1189,0.1189,0.0437,0.0437,0.0437,0.0437,0.0437,0.0437,0.0437,0.0161,0.0437,0.0437,0.0161",0.5
block-words,p02,70,7,7,1,1,3,"5,5,3,3,2,2,1,0,1,3,3,2,2,2,2,2,5,2,2,4","0.0121,0.0121,0.0328,0.0328,0.0541,0.0541,0.0892,0.1471,0.0892,0.0328,0.0328,0.0541,0.0541,0.0541,0.0541,0.0541,0.0121,0.0541,0.0541,0.0199",0.5
block-words,p02,100,7,7,1,1,4,"6,6,4,4,4,4,4,0,4,6,6,6,4,4,4,4,8,4,4,4","0.0164,0.0164,0.0447,0.0447,0.0447,0.0447,0.0447,0.3304,0.0447,0.0164,0.0164,0.0164,0.0447,0.0447,0.0447,0.0447,0.0061,0.0447,0.0447,0.0447",0.5
block-words,p02,10,8,6,12,0,1,"1,1,1,1,1,1,0,0,0,0,0,0,0,0,0,0,0,1,1,0","0.0360,0.0360,0.0360,0.0360,0.0360,0.0360,0.0593,0.0593,0.0593,0.0593,0.0593,0.0593,0.0593,0.0593,0.0593,0.0593,0.0593,0.0360,0.0360,0.0593",0.5
block-words,p02,30,8,6,3,0,2,"4,3,2,2,2,2,0,0,0,2,2,2,2,2,2,2,4,2,2,4","0.0161,0.0265,0.0437,0.0437,0.0437,0.0437,0.1189,0.1189,0.1189,0.0437,0.0437,0.0437,0.0437,0.0437,0.0437,0.0437,0.0161,0.0437,0.0437,0.0161",0.5
block-words,p02,50,8,6,3,0,2,"4,3,2,2,2,2,0,0,0,2,2,2,2,2,2,2,4,2,2,4","0.0161,0.0265,0.0437,0.0437,0.0437,0.0437,0.1189,0.1189,0.1189,0.0437,0.0437,0.0437,0.0437,0.0437,0.0437,0.0437,0.0161,0.0437,0.0437,0.0161",0.5
block-words,p02,70,8,8,1,1,3,"6,4,2,3,2,3,1,1,0,3,2,2,2,3,3,2,4,3,3,4","0.0077,0.0210,0.0571,0.0347,0.0571,0.0347,0.0942,0.0942,0.1553,0.0347,0.0571,0.0571,0.0571,0.0347,0.0347,0.0571,0.0210,0.0347,0.0347,0.0210",0.5
block-words,p02,100,8,8,1,1,4,"8,6,4,4,4,4,4,4,0,6,2,2,2,6,6,2,4,4,4,6","0.0046,0.0126,0.0342,0.0342,0.0342,0.0342,0.0342,0.0342,0.2527,0.0126,0.0930,0.0930,0.0930,0.0126,0.0126,0.0930,0.0342,0.0342,0.0342,0.0126",0.5
block-words,p02,10,9,0,14,0,1,"0,0,0,0,0,0,0,1,1,0,0,0,1,0,1,1,0,0,0,1","0.0567,0.0567,0.0567,0.0567,0.0567,0.0567,0.0567,0.0344,0.0344,0.0567,0.0567,0.0567,0.0344,0.0567,0.0344,0.0344,0.0567,0.0567,0.0567,0.0344",0.5
block-words,p02,30,9,0,10,0,3,"0,0,0,0,0,0,0,5,3,0,0,0,5,5,5,5,3,2,2,5","0.0857,0.0857,0.0857,0.0857,0.0857,0.0857,0.0857,0.0070,0.0191,0.0857,0.0857,0.0857,0.0070,0.0070,0.0070,0.0070,0.0191,0.0315,0.0315,0.0070",0.5
block-words,p02,50,9,1,9,0,5,"2,0,0,0,0,0,0,5,5,0,0,0,6,6,6,6,4,4,4,5","0.0360,0.0979,0.0979,0.0979,0.0979,0.0979,0.0979,0.0080,0.0080,0.0979,0.0979,0.0979,0.0049,0.0049,0.0049,0.0049,0.0132,0.0132,0.0132,0.0080",0.5
block-words,p02,70,9,9,3,1,7,"5,1,1,1,1,1,4,6,6,0,0,0,6,6,6,6,6,7,5,6","0.0121,0.0897,0.0897,0.0897,0.0897,0.0897,0.0200,0.0074,0.0074,0.1479,0.1479,0.1479,0.0074,0.0074,0.0074,0.0074,0.0074,0.0045,0.0121,0.0074",0.5
block-words,p02,100,9,9,1,1,10,"10,6,6,6,6,6,10,12,12,0,4,4,12,12,8,12,14,10,10,12","0.0043,0.0315,0.0315,0.0315,0.0315,0.0315,0.0043,0.0016,0.0016,0.6326,0.0856,0.0856,0.0016,0.0016,0.0116,0.0016,0.0006,0.0043,0.0043,0.0016",0.5
block-words,p02,10,10,0,14,0,1,"0,0,0,0,0,0,0,1,1,0,0,0,1,0,1,1,0,0,0,1","0.0567,0.0567,0.0567,0.0567,0.0567,0.0567,0.0567,0.0344,0.0344,0.0567,0.0567,0.0567,0.0344,0.0567,0.0344,0.0344,0.0567,0.0567,0.0567,0.0344",0.5
block-words,p02,30,10,0,10,0,3,"0,0,0,0,0,0,0,5,3,0,0,0,5,5,5,5,3,2,2,5","0.0857,0.0857,0.0857,0.0857,0.0857,0.0857,0.0857,0.0070,0.0191,0.0857,0.0857,0.0857,0.0070,0.0070,0.0070,0.0070,0.0191,0.0315,0.0315,0.0070",0.5
block-words,p02,50,10,1,9,0,5,"2,0,0,0,0,0,0,5,5,0,0,0,6,6,6,6,4,4,4,5","0.0360,0.0979,0.0979,0.0979,0.0979,0.0979,0.0979,0.0080,0.0080,0.0979,0.0979,0.0979,0.0049,0.0049,0.0049,0.0049,0.0132,0.0132,0.0132,0.0080",0.5
block-words,p02,70,10,9,3,0,7,"5,1,1,1,1,1,4,6,6,0,0,0,6,6,6,6,6,7,5,6","0.0121,0.0897,0.0897,0.0897,0.0897,0.0897,0.0200,0.0074,0.0074,0.1479,0.1479,0.1479,0.0074,0.0074,0.0074,0.0074,0.0074,0.0045,0.0121,0.0074",0.5
block-words,p02,100,10,10,2,1,10,"12,6,6,6,6,6,10,12,8,4,0,0,8,12,12,8,6,10,10,10","0.0010,0.0197,0.0197,0.0197,0.0197,0.0197,0.0027,0.0010,0.0073,0.0536,0.3959,0.3959,0.0073,0.0010,0.0010,0.0073,0.0197,0.0027,0.0027,0.0027",0.5
block-words,p02,10,11,0,10,0,2,"0,0,0,0,0,0,0,2,2,0,0,0,4,4,4,4,2,2,2,2","0.0784,0.0784,0.0784,0.0784,0.0784,0.0784,0.0784,0.0289,0.0289,0.0784,0.0784,0.0784,0.0106,0.0106,0.0106,0.0106,0.0289,0.0289,0.0289,0.0289",0.5
block-words,p02,30,11,1,9,0,4,"2,0,0,0,0,0,0,4,4,0,0,0,6,6,6,6,4,4,4,4","0.0354,0.0963,0.0963,0.0963,0.0963,0.0963,0.0963,0.0130,0.0130,0.0963,0.0963,0.0963,0.0048,0.0048,0.0048,0.0048,0.0130,0.0130,0.0130,0.0130",0.5
block-words,p02,50,11,1,9,0,6,"4,0,0,0,0,0,0,6,6,0,0,0,6,6,6,6,6,6,4,6","0.0139,0.1029,0.1029,0.1029,0.1029,0.1029,0.1029,0.0051,0.0051,0.1029,0.1029,0.1029,0.0051,0.0051,0.0051,0.0051,0.0051,0.0051,0.0139,0.0051",0.5
block-words,p02,70,11,10,2,0,9,"10,4,4,5,4,5,7,9,8,1,0,0,8,9,9,8,6,9,9,8","0.0020,0.0399,0.0399,0.0242,0.0399,0.0242,0.0089,0.0033,0.0054,0.1788,0.2948,0.2948,0.0054,0.0033,0.0033,0.0054,0.0147,0.0033,0.0033,0.0054",0.5
block-words,p02,100,11,11,1,1,12,"16,10,9,8,6,8,12,14,11,6,3,0,14,14,14,14,9,12,12,14","0.0002,0.0048,0.0079,0.0130,0.0354,0.0130,0.0018,0.0006,0.0029,0.0354,0.1587,0.7114,0.0006,0.0006,0.0006,0.0006,0.0079,0.0018,0.0018,0.0006",0.5
block-words,p02,10,12,4,11,0,1,"1,1,1,1,0,0,1,0,1,1,1,0,0,0,0,0,1,0,0,0","0.0369,0.0369,0.0369,0.0369,0.0608,0.0608,0.0369,0.0608,0.0369,0.0369,0.0369,0.0608,0.0608,0.0608,0.0608,0.0608,0.0369,0.0608,0.0608,0.0608",0.5
block-words,p02,30,12,12,4,1,3,"3,3,3,3,3,3,2,2,2,2,2,2,0,0,0,0,2,1,1,2","0.0235,0.0235,0.0235,0.0235,0.0235,0.0235,0.0387,0.0387,0.0387,0.0387,0.0387,0.0387,0.1053,0.1053,0.1053,0.1053,0.0387,0.0639,0.0639,0.0387",0.5
block-words,p02,50,12,12,4,1,4,"4,4,4,4,5,5,4,4,4,4,4,4,0,0,0,0,4,4,4,4","0.0223,0.0223,0.0223,0.0223,0.0135,0.0135,0.0223,0.0223,0.0223,0.0223,0.0223,0.0223,0.1650,0.1650,0.1650,0.1650,0.0223,0.0223,0.0223,0.0223",0.5
block-words,p02,70,12,12,2,1,6,"8,6,6,6,8,8,8,8,4,8,4,4,0,4,4,0,4,6,6,6","0.0057,0.0155,0.0155,0.0155,0.0057,0.0057,0.0057,0.0057,0.0420,0.0057,0.0420,0.0420,0.3105,0.0420,0.0420,0.3105,0.0420,0.0155,0.0155,0.0155",0.5
block-words,p02,100,12,12,1,1,8,"12,6,9,8,12,10,12,12,12,10,7,8,0,6,6,3,12,8,8,10","0.0016,0.0327,0.0073,0.0120,0.0016,0.0044,0.0016,0.0016,0.0016,0.0044,0.0198,0.0120,0.6570,0.0327,0.0327,0.1466,0.0016,0.0120,0.0120,0.0044",0.5
block-words,p02,10,13,4,11,0,1,"1,1,1,1,0,0,1,0,1,1,1,0,0,0,0,0,1,0,0,0","0.0369,0.0369,0.0369,0.0369,0.0608,0.0608,0.0369,0.0608,0.0369,0.0369,0.0369,0.0608,0.0608,0.0608,0.0608,0.0608,0.0369,0.0608,0.0608,0.0608",0.5
block-words,p02,30,13,12,6,0,2,"2,2,2,2,2,2,2,2,2,2,2,2,0,0,0,0,2,0,0,2","0.0330,0.0330,0.0330,0.0330,0.0330,0.0330,0.0330,0.0330,0.0330,0.0330,0.0330,0.0330,0.0897,0.0897,0.0897,0.0897,0.0330,0.0897,0.0897,0.0330",0.5
block-words,p02,50,13,12,4,0,3,"3,3,3,3,3,3,2,2,2,2,2,2,0,0,0,0,2,1,1,2","0.0235,0.0235,0.0235,0.0235,0.0235,0.0235,0.0387,0.0387,0.0387,0.0387,0.0387,0.0387,0.1053,0.1053,0.1053,0.1053,0.0387,0.0639,0.0639,0.0387",0.5
block-words,p02,70,13,13,1,1,5,"4,4,4,4,6,6,4,5,5,4,4,4,1,0,1,1,4,4,4,5","0.0291,0.0291,0.0291,0.0291,0.0107,0.0107,0.0291,0.0176,0.0176,0.0291,0.0291,0.0291,0.1303,0.2149,0.1303,0.1303,0.0291,0.0291,0.0291,0.0176",0.5
block-words,p02,100,13,13,1,1,6,"4,4,4,4,6,6,6,8,8,4,4,4,4,0,4,4,6,4,4,8","0.0470,0.0470,0.0470,0.0470,0.0173,0.0173,0.0173,0.0064,0.0064,0.0470,0.0470,0.0470,0.0470,0.3474,0.0470,0.0470,0.0173,0.0470,0.0470,0.0064",0.5
block-words,p02,10,14,4,11,0,1,"1,1,1,1,0,0,1,0,1,1,1,0,0,0,0,0,1,0,0,0","0.0369,0.0369,0.0369,0.0369,0.0608,0.0608,0.0369,0.0608,0.0369,0.0369,0.0369,0.0608,0.0608,0.0608,0.0608,0.0608,0.0369,0.0608,0.0608,0.0608",0.5
block-words,p02,30,14,12,6,0,2,"2,2,2,2,2,2,2,2,2,2,2,2,0,0,0,0,2,0,0,2","0.0330,0.0330,0.0330,0.0330,0.0330,0.0330,0.0330,0.0330,0.0330,0.0330,0.0330,0.0330,0.0897,0.0897,0.0897,0.0897,0.0330,0.0897,0.0897,0.0330",0.5
block-words,p02,50,14,12,4,0,3,"3,3,3,3,3,3,2,2,2,2,2,2,0,0,0,0,2,1,1,2","0.0235,0.0235,0.0235,0.0235,0.0235,0.0235,0.0387,0.0387,0.0387,0.0387,0.0387,0.0387,0.1053,0.1053,0.1053,0.1053,0.0387,0.0639,0.0639,0.0387",0.5
block-words,p02,70,14,12,2,0,5,"4,4,5,5,7,7,6,6,6,4,5,5,0,1,0,1,6,5,5,6","0.0306,0.0306,0.0186,0.0186,0.0068,0.0068,0.0113,0.0113,0.0113,0.0306,0.0186,0.0186,0.2262,0.1372,0.2262,0.1372,0.0113,0.0186,0.0186,0.0113",0.5
block-words,p02,100,14,14,1,1,6,"6,6,6,6,8,8,8,8,8,4,8,8,4,4,0,4,8,6,6,8","0.0248,0.0248,0.0248,0.0248,0.0091,0.0091,0.0091,0.0091,0.0091,0.0675,0.0091,0.0091,0.0675,0.0675,0.4988,0.0675,0.0091,0.0248,0.0248,0.0091",0.5
block-words,p02,10,15,4,11,0,1,"1,1,1,1,0,0,1,0,1,1,1,0,0,0,0,0,1,0,0,0","0.0369,0.0369,0.0369,0.0369,0.0608,0.0608,0.0369,0.0608,0.0369,0.0369,0.0369,0.0608,0.0608,0.0608,0.0608,0.0608,0.0369,0.0608,0.0608,0.0608",0.5
block-words,p02,30,15,12,6,0,2,"2,2,2,2,2,2,2,2,2,2,2,2,0,0,0,0,2,0,0,2","0.0330,0.0330,0.0330,0.0330,0.0330,0.0330,0.0330,0.0330,0.0330,0.0330,0.0330,0.0330,0.0897,0.0897,0.0897,0.0897,0.0330,0.0897,0.0897,0.0330",0.5
block-words,p02,50,15,12,4,0,3,"3,3,3,3,3,3,2,2,2,2,2,2,0,0,0,0,2,1,1,2","0.0235,0.0235,0.0235,0.0235,0.0235,0.0235,0.0387,0.0387,0.0387,0.0387,0.0387,0.0387,0.1053,0.1053,0.1053,0.1053,0.0387,0.0639,0.0639,0.0387",0.5
block-words,p02,70,15,12,2,0,5,"6,4,4,5,6,7,5,5,4,5,4,4,0,1,1,0,4,5,5,4","0.0104,0.0283,0.0283,0.0172,0.0104,0.0063,0.0172,0.0172,0.0283,0.0172,0.0283,0.0283,0.2091,0.1268,0.1268,0.2091,0.0283,0.0172,0.0172,0.0283",0.5
block-words,p02,100,15,12,2,0,6,"8,6,6,6,8,8,8,8,4,8,4,4,0,4,4,0,4,6,6,6","0.0057,0.0155,0.0155,0.0155,0.0057,0.0057,0.0057,0.0057,0.0420,0.0057,0.0420,0.0420,0.3105,0.0420,0.0420,0.3105,0.0420,0.0155,0.0155,0.0155",0.5
block-words,p02,10,16,0,14,0,1,"0,0,0,0,0,0,0,1,1,0,0,0,1,0,1,1,0,0,0,1","0.0567,0.0567,0.0567,0.0567,0.0567,0.0567,0.0567,0.0344,0.0344,0.0567,0.0567,0.0567,0.0344,0.0567,0.0344,0.0344,0.0567,0.0567,0.0567,0.0344",0.5
block-words,p02,30,16,0,12,0,2,"0,0,0,0,0,0,2,4,4,0,0,0,3,2,3,2,0,0,0,4","0.0717,0.0717,0.0717,0.0717,0.0717,0.0717,0.0264,0.0097,0.0097,0.0717,0.0717,0.0717,0.0160,0.0264,0.0160,0.0264,0.0717,0.0717,0.0717,0.0097",0.5
block-words,p02,50,16,9,4,0,3,"1,1,1,1,1,1,2,4,4,0,0,0,4,2,4,2,0,1,1,4","0.0570,0.0570,0.0570,0.0570,0.0570,0.0570,0.0346,0.0127,0.0127,0.0941,0.0941,0.0941,0.0127,0.0346,0.0127,0.0346,0.0941,0.0570,0.0570,0.0127",0.5
block-words,p02,70,16,10,3,0,5,"8,4,4,5,4,5,5,7,6,1,0,0,6,5,7,4,0,3,5,6","0.0037,0.0270,0.0270,0.0164,0.0270,0.0164,0.0164,0.0060,0.0099,0.1211,0.1996,0.1996,0.0099,0.0164,0.0060,0.0270,0.1996,0.0445,0.0164,0.0099",0.5
block-words,p02,100,16,10,3,0,6,"10,6,6,6,6,6,8,10,6,4,0,0,6,8,10,4,0,4,6,8","0.0017,0.0128,0.0128,0.0128,0.0128,0.0128,0.0047,0.0017,0.0128,0.0349,0.2578,0.2578,0.0128,0.0047,0.0017,0.0349,0.2578,0.0349,0.0128,0.0047",0.5
block-words,p02,10,17,4,11,0,1,"1,1,1,1,0,0,1,0,1,1,1,0,0,0,0,0,1,0,0,0","0.0369,0.0369,0.0369,0.0369,0.0608,0.0608,0.0369,0.0608,0.0369,0.0369,0.0369,0.0608,0.0608,0.0608,0.0608,0.0608,0.0369,0.0608,0.0608,0.0608",0.5
block-words,p02,30,17,13,3,0,3,"2,2,2,2,2,2,2,3,3,2,2,2,1,0,1,1,2,0,0,3","0.0386,0.0386,0.0386,0.0386,0.0386,0.0386,0.0386,0.0234,0.0234,0.0386,0.0386,0.0386,0.0636,0.1049,0.0636,0.0636,0.0386,0.1049,0.1049,0.0234",0.5
block-words,p02,50,17,17,2,1,4,"2,2,2,2,2,2,2,4,4,2,2,2,2,2,2,2,4,0,0,4","0.0478,0.0478,0.0478,0.0478,0.0478,0.0478,0.0478,0.0176,0.0176,0.0478,0.0478,0.0478,0.0478,0.0478,0.0478,0.0478,0.0176,0.1300,0.1300,0.0176",0.5
block-words,p02,70,17,17,2,1,6,"4,2,2,2,2,2,2,7,6,2,2,4,6,6,6,6,6,0,0,7","0.0243,0.0660,0.0660,0.0660,0.0660,0.0660,0.0660,0.0054,0.0089,0.0660,0.0660,0.0243,0.0089,0.0089,0.0089,0.0089,0.0089,0.1794,0.1794,0.0054",0.5
block-words,p02,100,17,17,1,1,8,"8,6,6,6,6,6,4,10,8,6,6,8,8,8,8,8,8,0,4,10","0.0103,0.0280,0.0280,0.0280,0.0280,0.0280,0.0761,0.0038,0.0103,0.0280,0.0280,0.0103,0.0103,0.0103,0.0103,0.0103,0.0103,0.5621,0.0761,0.0038",0.5
block-words,p02,10,18,4,11,0,1,"1,1,1,1,0,0,1,0,1,1,1,0,0,0,0,0,1,0,0,0","0.0369,0.0369,0.0369,0.0369,0.0608,0.0608,0.0369,0.0608,0.0369,0.0369,0.0369,0.0608,0.0608,0.0608,0.0608,0.0608,0.0369,0.0608,0.0608,0.0608",0.5
block-words,p02,30,18,13,3,0,3,"2,2,2,2,2,2,2,3,3,2,2,2,1,0,1,1,2,0,0,3","0.0386,0.0386,0.0386,0.0386,0.0386,0.0386,0.0386,0.0234,0.0234,0.0386,0.0386,0.0386,0.0636,0.1049,0.0636,0.0636,0.0386,0.1049,0.1049,0.0234",0.5
block-words,p02,50,18,17,2,0,4,"4,2,2,2,2,2,2,4,5,2,2,2,4,2,2,3,4,0,0,6","0.0195,0.0530,0.0530,0.0530,0.0530,0.0530,0.0530,0.0195,0.0118,0.0530,0.0530,0.0530,0.0195,0.0530,0.0530,0.0321,0.0195,0.1440,0.1440,0.0072",0.5
block-words,p02,70,18,17,2,0,6,"6,2,2,2,2,2,2,7,7,2,2,4,8,6,6,8,6,0,0,9","0.0092,0.0683,0.0683,0.0683,0.0683,0.0683,0.0683,0.0056,0.0056,0.0683,0.0683,0.0251,0.0034,0.0092,0.0092,0.0034,0.0092,0.1857,0.1857,0.0021",0.5
block-words,p02,100,18,18,1,1,8,"8,4,4,4,4,4,4,10,8,4,4,6,8,8,8,8,8,4,0,10","0.0076,0.0562,0.0562,0.0562,0.0562,0.0562,0.0562,0.0028,0.0076,0.0562,0.0562,0.0207,0.0076,0.0076,0.0076,0.0076,0.0076,0.0562,0.4150,0.0028",0.5
block-words,p02,10,19,1,10,0,1,"2,0,0,1,0,1,1,1,0,1,0,0,0,1,1,0,0,1,1,0","0.0232,0.0632,0.0632,0.0383,0.0632,0.0383,0.0383,0.0383,0.0632,0.0383,0.0632,0.0632,0.0632,0.0383,0.0383,0.0632,0.0632,0.0383,0.0383,0.0632",0.5
block-words,p02,30,19,19,1,1,2,"4,2,2,2,2,2,4,4,4,3,2,2,2,2,3,2,4,2,2,0","0.0207,0.0563,0.0563,0.0563,0.0563,0.0563,0.0207,0.0207,0.0207,0.0341,0.0563,0.0563,0.0563,0.0563,0.0341,0.0563,0.0207,0.0563,0.0563,0.1530",0.5
block-words,p02,50,19,19,1,1,3,"5,3,3,3,3,3,4,4,4,4,2,2,2,2,4,2,4,3,3,0","0.0155,0.0421,0.0421,0.0421,0.0421,0.0421,0.0256,0.0256,0.0256,0.0256,0.0695,0.0695,0.0695,0.0695,0.0256,0.0695,0.0256,0.0421,0.0421,0.1888",0.5
block-words,p02,70,19,19,1,1,5,"9,7,7,5,6,4,7,6,7,7,5,4,4,4,6,4,7,4,4,0","0.0045,0.0123,0.0123,0.0335,0.0203,0.0552,0.0123,0.0203,0.0123,0.0123,0.0335,0.0552,0.0552,0.0552,0.0203,0.0552,0.0123,0.0552,0.0552,0.4076",0.5
block-words,p02,100,19,19,1,1,6,"10,8,8,6,8,6,10,6,10,10,8,8,6,6,8,6,10,6,6,0","0.0044,0.0119,0.0119,0.0323,0.0119,0.0323,0.0044,0.0323,0.0044,0.0044,0.0119,0.0119,0.0323,0.0323,0.0119,0.0323,0.0044,0.0323,0.0323,0.6486",0.5
block-words,p03,10,0,0,7,1,2,"0,0,0,2,2,2,2,0,2,2,2,2,2,2,2,2,2,0,0,0","0.0849,0.0849,0.0849,0.0312,0.0312,0.0312,0.0312,0.0849,0.0312,0.0312,0.0312,0.0312,0.0312,0.0312,0.0312,0.0312,0.0312,0.0849,0.0849,0.0849",0.5
block-words,p03,30,0,0,3,1,5,"0,0,0,7,7,2,7,1,5,5,7,7,5,6,7,6,6,5,2,1","0.1783,0.1783,0.1783,0.0054,0.0054,0.0656,0.0054,0.1082,0.0146,0.0146,0.0054,0.0054,0.0146,0.0089,0.0054,0.0089,0.0089,0.0146,0.0656,0.1082",0.5
block-words,p03,50,0,0,2,1,7,"0,0,1,11,10,3,10,4,6,6,10,10,6,8,8,11,11,6,4,4","0.2848,0.2848,0.1728,0.0012,0.0019,0.0636,0.0019,0.0385,0.0142,0.0142,0.0019,0.0019,0.0142,0.0052,0.0052,0.0012,0.0012,0.0142,0.0385,0.0385",0.5
block-words,p03,70,0,0,2,1,10,"0,0,5,12,14,14,12,4,6,6,10,12,6,10,8,16,18,12,10,4","0.3917,0.3917,0.0322,0.0010,0.0004,0.0004,0.0010,0.0530,0.0195,0.0195,0.0026,0.0010,0.0195,0.0026,0.0072,0.0001,0.0000,0.0010,0.0026,0.0530",0.5
block-words,p03,100,0,0,1,1,14,"0,3,10,14,18,22,16,10,14,8,16,18,12,16,14,20,20,16,14,10","0.7877,0.1758,0.0053,0.0007,0.0001,0.0000,0.0003,0.0053,0.0007,0.0144,0.0003,0.0001,0.0020,0.0003,0.0007,0.0000,0.0000,0.0003,0.0007,0.0053",0.5
block-words,p03,10,1,0,7,0,2,"0,0,0,2,2,2,2,0,2,2,2,2,2,2,2,2,2,0,0,0","0.0849,0.0849,0.0849,0.0312,0.0312,0.0312,0.0312,0.0849,0.0312,0.0312,0.0312,0.0312,0.0312,0.0312,0.0312,0.0312,0.0312,0.0849,0.0849,0.0849",0.5
block-words,p03,30,1,0,5,0,4,"0,0,0,6,6,2,6,0,4,4,6,6,4,6,5,6,6,3,2,0","0.1461,0.1461,0.1461,0.0073,0.0073,0.0537,0.0073,0.1461,0.0198,0.0198,0.0073,0.0073,0.0198,0.0073,0.0120,0.0073,0.0073,0.0326,0.0537,0.1461",0.5
block-words,p03,50,1,0,3,0,6,"0,0,0,10,10,2,10,4,6,6,10,10,6,8,8,10,10,6,4,4","0.2465,0.2465,0.2465,0.0017,0.0017,0.0907,0.0017,0.0334,0.0123,0.0123,0.0017,0.0017,0.0123,0.0045,0.0045,0.0017,0.0017,0.0123,0.0334,0.0334",0.5
block-words,p03,70,1,0,2,0,9,"0,0,5,12,12,14,12,4,6,6,10,12,6,10,8,14,15,9,5,4","0.3789,0.3789,0.0311,0.0009,0.0009,0.0003,0.0009,0.0513,0.0189,0.0189,0.0026,0.0009,0.0189,0.0026,0.0069,0.0003,0.0002,0.0042,0.0311,0.0513",0.5
block-words,p03,100,1,0,2,0,12,"0,0,8,14,16,18,12,6,10,8,12,14,8,12,10,18,18,14,9,6","0.4566,0.4566,0.0084,0.0004,0.0002,0.0001,0.0011,0.0227,0.0031,0.0084,0.0011,0.0004,0.0084,0.0011,0.0031,0.0001,0.0001,0.0004,0.0051,0.0227",0.5
block-words,p03,10,2,0,15,0,1,"0,0,0,0,1,0,0,0,1,1,0,0,1,0,0,1,0,0,0,0","0.0555,0.0555,0.0555,0.0555,0.0336,0.0555,0.0555,0.0555,0.0336,0.0336,0.0555,0.0555,0.0336,0.0555,0.0555,0.0336,0.0555,0.0555,0.0555,0.0555",0.5
block-words,p03,30,2,0,7,0,2,"0,0,0,2,2,2,2,0,2,2,2,2,2,2,2,2,2,0,0,0","0.0849,0.0849,0.0849,0.0312,0.0312,0.0312,0.0312,0.0849,0.0312,0.0312,0.0312,0.0312,0.0312,0.0312,0.0312,0.0312,0.0312,0.0849,0.0849,0.0849",0.5
block-words,p03,50,2,0,5,0,3,"0,0,0,4,4,2,4,0,3,3,4,4,3,3,3,4,4,1,1,0","0.1157,0.1157,0.1157,0.0157,0.0157,0.0426,0.0157,0.1157,0.0258,0.0258,0.0157,0.0157,0.0258,0.0258,0.0258,0.0157,0.0157,0.0702,0.0702,0.1157",0.5
block-words,p03,70,2,0,3,0,5,"0,0,0,7,7,2,7,1,5,5,7,7,5,6,7,6,6,5,2,1","0.1783,0.1783,0.1783,0.0054,0.0054,0.0656,0.0054,0.1082,0.0146,0.0146,0.0054,0.0054,0.0146,0.0089,0.0054,0.0089,0.0089,0.0146,0.0656,0.1082",0.5
block-words,p03,100,2,0,3,0,6,"0,0,0,10,10,2,10,4,6,6,10,10,6,8,8,10,10,6,4,4","0.2465,0.2465,0.2465,0.0017,0.0017,0.0907,0.0017,0.0334,0.0123,0.0123,0.0017,0.0017,0.0123,0.0045,0.0045,0.0017,0.0017,0.0123,0.0334,0.0334",0.5
block-words,p03,10,3,0,15,0,1,"0,0,0,0,1,0,0,0,1,1,0,0,1,0,0,1,0,0,0,0","0.0555,0.0555,0.0555,0.0555,0.0336,0.0555,0.0555,0.0555,0.0336,0.0336,0.0555,0.0555,0.0336,0.0555,0.0555,0.0336,0.0555,0.0555,0.0555,0.0555",0.5
block-words,p03,30,3,3,3,1,3,"2,2,3,0,4,2,4,2,2,2,0,0,2,2,2,4,1,1,1,2","0.0403,0.0403,0.0244,0.1096,0.0148,0.0403,0.0148,0.0403,0.0403,0.0403,0.1096,0.1096,0.0403,0.0403,0.0403,0.0148,0.0665,0.0665,0.0665,0.0403",0.5
block-words,p03,50,3,3,3,1,4,"2,2,4,0,6,2,4,2,2,2,0,0,2,2,2,6,4,4,4,2","0.0493,0.0493,0.0182,0.1341,0.0067,0.0493,0.0182,0.0493,0.0493,0.0493,0.1341,0.1341,0.0493,0.0493,0.0493,0.0067,0.0182,0.0182,0.0182,0.0493",0.5
block-words,p03,70,3,3,3,1,6,"6,6,8,0,8,6,6,6,6,4,0,0,4,4,4,8,8,7,6,6","0.0123,0.0123,0.0045,0.2473,0.0045,0.0123,0.0123,0.0123,0.0123,0.0335,0.2473,0.2473,0.0335,0.0335,0.0335,0.0045,0.0045,0.0075,0.0123,0.0123",0.5
block-words,p03,100,3,3,1,1,8,"6,9,10,0,10,10,10,10,10,4,4,4,8,8,8,10,8,8,6,10","0.0300,0.0067,0.0041,0.6016,0.0041,0.0041,0.0041,0.0041,0.0041,0.0814,0.0814,0.0814,0.0110,0.0110,0.0110,0.0041,0.0110,0.0110,0.0300,0.0041",0.5
block-words,p03,10,4,0,16,0,1,"0,0,1,0,0,0,0,0,0,0,0,0,0,0,0,0,1,1,1,0","0.0543,0.0543,0.0329,0.0543,0.0543,0.0543,0.0543,0.0543,0.0543,0.0543,0.0543,0.0543,0.0543,0.0543,0.0543,0.0543,0.0329,0.0329,0.0329,0.0543",0.5
block-words,p03,30,4,4,7,1,2,"2,2,4,2,0,2,2,2,0,0,2,2,0,0,0,0,4,2,2,2","0.0325,0.0325,0.0120,0.0325,0.0884,0.0325,0.0325,0.0325,0.0884,0.0884,0.0325,0.0325,0.0884,0.0884,0.0884,0.0884,0.0120,0.0325,0.0325,0.0325",0.5
block-words,p03,50,4,4,6,1,3,"2,2,5,2,0,4,2,2,2,0,2,2,0,0,0,0,5,3,3,2","0.0366,0.0366,0.0082,0.0366,0.0994,0.0135,0.0366,0.0366,0.0366,0.0994,0.0366,0.0366,0.0994,0.0994,0.0994,0.0994,0.0082,0.0222,0.0222,0.0366",0.5
block-words,p03,70,4,4,1,1,5,"4,4,7,5,0,7,4,4,4,2,4,4,2,2,2,1,7,4,4,4","0.0294,0.0294,0.0066,0.0178,0.2172,0.0066,0.0294,0.0294,0.0294,0.0799,0.0294,0.0294,0.0799,0.0799,0.0799,0.1317,0.0066,0.0294,0.0294,0.0294",0.5
block-words,p03,100,4,4,1,1,6,"6,6,8,8,0,10,6,4,6,4,6,4,2,4,4,4,8,6,4,4","0.0177,0.0177,0.0065,0.0065,0.3557,0.0024,0.0177,0.0481,0.0177,0.0481,0.0177,0.0481,0.1309,0.0481,0.0481,0.0481,0.0065,0.0177,0.0481,0.0481",0.5
block-words,p03,10,5,0,16,0,1,"0,0,1,0,0,0,0,0,0,0,0,0,0,0,0,0,1,1,1,0","0.0543,0.0543,0.0329,0.0543,0.0543,0.0543,0.0543,0.0543,0.0543,0.0543,0.0543,0.0543,0.0543,0.0543,0.0543,0.0543,0.0329,0.0329,0.0329,0.0543",0.5
block-words,p03,30,5,0,11,0,3,"0,0,2,0,3,0,0,0,1,1,0,0,1,0,0,3,2,2,2,0","0.0679,0.0679,0.0250,0.0679,0.0151,0.0679,0.0679,0.0679,0.0412,0.0412,0.0679,0.0679,0.0412,0.0679,0.0679,0.0151,0.0250,0.0250,0.0250,0.0679",0.5
block-words,p03,50,5,5,4,1,4,"2,2,4,2,6,0,0,2,4,4,2,2,4,0,0,6,4,2,2,2","0.0455,0.0455,0.0167,0.0455,0.0062,0.1237,0.1237,0.0455,0.0167,0.0167,0.0455,0.0455,0.0167,0.1237,0.1237,0.0062,0.0167,0.0455,0.0455,0.0455",0.5
block-words,p03,70,5,5,1,1,6,"2,2,4,6,10,0,8,2,6,6,6,6,6,4,3,10,8,5,4,2","0.1042,0.1042,0.0383,0.0141,0.0019,0.2832,0.0052,0.1042,0.0141,0.0141,0.0141,0.0141,0.0141,0.0383,0.0632,0.0019,0.0052,0.0232,0.0383,0.1042",0.5
block-words,p03,100,5,5,1,1,8,"2,2,4,10,14,0,12,6,8,8,10,10,8,6,6,14,12,8,6,6","0.1657,0.1657,0.0610,0.0030,0.0004,0.4504,0.0011,0.0224,0.0082,0.0082,0.0030,0.0030,0.0082,0.0224,0.0224,0.0004,0.0011,0.0082,0.0224,0.0224",0.5
block-words,p03,10,6,0,15,0,1,"0,0,1,1,0,1,0,0,0,0,0,0,0,0,0,1,1,0,0,0","0.0555,0.0555,0.0336,0.0336,0.0555,0.0336,0.0555,0.0555,0.0555,0.0555,0.0555,0.0555,0.0555,0.0555,0.0555,0.0336,0.0336,0.0555,0.0555,0.0555",0.5
block-words,p03,30,6,6,6,1,3,"4,4,5,4,4,4,0,2,0,0,2,4,0,0,0,4,5,3,1,2","0.0150,0.0150,0.0091,0.0150,0.0150,0.0150,0.1106,0.0407,0.1106,0.1106,0.0407,0.0150,0.1106,0.1106,0.1106,0.0150,0.0091,0.0247,0.0671,0.0407",0.5
block-words,p03,50,6,6,6,1,4,"4,4,6,4,6,4,0,2,0,0,2,4,0,0,0,6,6,4,2,2","0.0160,0.0160,0.0059,0.0160,0.0059,0.0160,0.1179,0.0434,0.1179,0.1179,0.0434,0.0160,0.1179,0.1179,0.1179,0.0059,0.0059,0.0160,0.0434,0.0434",0.5
block-words,p03,70,6,6,1,1,6,"4,4,8,6,8,8,0,4,4,2,4,6,2,2,2,8,8,8,5,4","0.0379,0.0379,0.0051,0.0139,0.0051,0.0051,0.2797,0.0379,0.0379,0.1029,0.0379,0.0139,0.1029,0.1029,0.1029,0.0051,0.0051,0.0051,0.0230,0.0379",0.5
block-words,p03,100,6,6,1,1,8,"10,10,10,8,12,8,0,6,8,6,6,8,6,2,2,12,10,8,6,6","0.0031,0.0031,0.0031,0.0085,0.0011,0.0085,0.4634,0.0231,0.0085,0.0231,0.0231,0.0085,0.0231,0.1705,0.1705,0.0011,0.0031,0.0085,0.0231,0.0231",0.5
block-words,p03,10,7,0,7,0,2,"0,0,0,2,2,2,2,0,2,2,2,2,2,2,2,2,2,0,0,0","0.0849,0.0849,0.0849,0.0312,0.0312,0.0312,0.0312,0.0849,0.0312,0.0312,0.0312,0.0312,0.0312,0.0312,0.0312,0.0312,0.0312,0.0849,0.0849,0.0849",0.5
block-words,p03,30,7,0,4,0,5,"0,0,1,7,6,3,6,0,4,4,6,6,4,6,6,7,7,4,2,0","0.1632,0.1632,0.0990,0.0049,0.0081,0.0364,0.0081,0.1632,0.0221,0.0221,0.0081,0.0081,0.0221,0.0081,0.0081,0.0049,0.0049,0.0221,0.0600,0.1632",0.5
block-words,p03,50,7,7,2,1,7,"3,3,3,9,9,5,9,0,4,6,6,9,6,8,8,9,11,7,6,0","0.0695,0.0695,0.0695,0.0035,0.0035,0.0256,0.0035,0.3113,0.0421,0.0155,0.0155,0.0035,0.0155,0.0057,0.0057,0.0035,0.0013,0.0094,0.0155,0.3113",0.5
block-words,p03,70,7,7,2,1,10,"6,6,8,12,14,12,12,0,6,8,10,12,8,10,10,14,16,10,10,0","0.0221,0.0221,0.0081,0.0011,0.0004,0.0011,0.0011,0.4444,0.0221,0.0081,0.0030,0.0011,0.0081,0.0030,0.0030,0.0004,0.0001,0.0030,0.0030,0.4444",0.5
block-words,p03,100,7,7,2,1,14,"10,10,12,18,16,20,16,0,14,12,16,14,8,14,14,20,18,14,14,0","0.0033,0.0033,0.0012,0.0001,0.0002,0.0000,0.0002,0.4893,0.0004,0.0012,0.0002,0.0004,0.0090,0.0004,0.0004,0.0000,0.0001,0.0004,0.0004,0.4893",0.5
block-words,p03,10,8,0,16,0,1,"0,0,1,0,0,0,0,0,0,0,0,0,0,0,0,0,1,1,1,0","0.0543,0.0543,0.0329,0.0543,0.0543,0.0543,0.0543,0.0543,0.0543,0.0543,0.0543,0.0543,0.0543,0.0543,0.0543,0.0543,0.0329,0.0329,0.0329,0.0543",0.5
block-words,p03,30,8,0,12,0,3,"0,0,3,1,2,1,0,0,0,0,0,0,0,0,0,3,3,2,2,0","0.0667,0.0667,0.0149,0.0405,0.0245,0.0405,0.0667,0.0667,0.0667,0.0667,0.0667,0.0667,0.0667,0.0667,0.0667,0.0149,0.0149,0.0245,0.0245,0.0667",0.5
block-words,p03,50,8,6,6,0,4,"4,4,6,4,6,4,0,2,0,0,2,4,0,0,0,6,6,4,2,2","0.0160,0.0160,0.0059,0.0160,0.0059,0.0160,0.1179,0.0434,0.1179,0.1179,0.0434,0.0160,0.1179,0.1179,0.1179,0.0059,0.0059,0.0160,0.0434,0.0434",0.5
block-words,p03,70,8,8,1,1,6,"8,7,8,8,10,8,4,4,0,4,2,8,4,4,4,10,8,6,6,4","0.0071,0.0118,0.0071,0.0071,0.0026,0.0071,0.0527,0.0527,0.3894,0.0527,0.1432,0.0071,0.0527,0.0527,0.0527,0.0026,0.0071,0.0194,0.0194,0.0527",0.5
block-words,p03,100,8,8,1,1,8,"8,8,8,8,10,8,8,6,0,8,8,8,8,8,8,10,8,8,10,6","0.0133,0.0133,0.0133,0.0133,0.0049,0.0133,0.0133,0.0362,0.7266,0.0133,0.0133,0.0133,0.0133,0.0133,0.0133,0.0049,0.0133,0.0133,0.0049,0.0362",0.5
block-words,p03,10,9,0,15,0,1,"0,0,1,1,0,1,0,0,0,0,0,0,0,0,0,1,1,0,0,0","0.0555,0.0555,0.0336,0.0336,0.0555,0.0336,0.0555,0.0555,0.0555,0.0555,0.0555,0.0555,0.0555,0.0555,0.0555,0.0336,0.0336,0.0555,0.0555,0.0555",0.5
block-words,p03,30,9,7,8,0,3,"2,2,3,2,2,2,2,0,0,0,0,2,0,0,0,2,3,1,1,0","0.0292,0.0292,0.0177,0.0292,0.0292,0.0292,0.0292,0.0794,0.0794,0.0794,0.0794,0.0292,0.0794,0.0794,0.0794,0.0292,0.0177,0.0481,0.0481,0.0794",0.5
block-words,p03,50,9,8,5,0,4,"4,4,6,4,2,4,4,2,0,0,2,4,0,0,0,2,6,2,2,2","0.0159,0.0159,0.0059,0.0159,0.0433,0.0159,0.0159,0.0433,0.1178,0.1178,0.0433,0.0159,0.1178,0.1178,0.1178,0.0433,0.0059,0.0433,0.0433,0.0433",0.5
block-words,p03,70,9,9,4,1,6,"6,6,8,6,4,8,6,2,4,0,4,6,0,0,0,4,8,4,6,2","0.0086,0.0086,0.0032,0.0086,0.0235,0.0032,0.0086,0.0638,0.0235,0.1734,0.0235,0.0086,0.1734,0.1734,0.1734,0.0235,0.0032,0.0235,0.0086,0.0638",0.5
block-words,p03,100,9,9,1,1,8,"6,8,8,6,8,10,8,8,8,0,6,8,4,4,4,8,8,6,8,8","0.0275,0.0101,0.0101,0.0275,0.0101,0.0037,0.0101,0.0101,0.0101,0.5515,0.0275,0.0101,0.0746,0.0746,0.0746,0.0101,0.0101,0.0275,0.0101,0.0101",0.5
block-words,p03,10,10,0,15,0,1,"0,0,0,0,1,0,0,0,1,1,0,0,1,0,0,1,0,0,0,0","0.0555,0.0555,0.0555,0.0555,0.0336,0.0555,0.0555,0.0555,0.0336,0.0336,0.0555,0.0555,0.0336,0.0555,0.0555,0.0336,0.0555,0.0555,0.0555,0.0555",0.5
block-words,p03,30,10,3,3,0,3,"2,2,3,0,4,2,4,2,2,2,0,0,2,2,2,4,1,1,1,2","0.0403,0.0403,0.0244,0.1096,0.0148,0.0403,0.0148,0.0403,0.0403,0.0403,0.1096,0.1096,0.0403,0.0403,0.0403,0.0148,0.0665,0.0665,0.0665,0.0403",0.5
block-words,p03,50,10,3,3,0,5,"2,2,5,0,6,4,4,2,4,2,0,0,2,2,2,6,3,3,3,2","0.0511,0.0511,0.0114,0.1389,0.0069,0.0188,0.0188,0.0511,0.0188,0.0511,0.1389,0.1389,0.0511,0.0511,0.0511,0.0069,0.0310,0.0310,0.0310,0.0511",0.5
block-words,p03,70,10,10,2,1,7,"6,6,9,1,8,7,6,6,6,4,0,0,4,4,4,9,7,6,4,6","0.0133,0.0133,0.0030,0.1625,0.0049,0.0081,0.0133,0.0133,0.0133,0.0363,0.2679,0.2679,0.0363,0.0363,0.0363,0.0030,0.0081,0.0133,0.0363,0.0133",0.5
block-words,p03,100,10,10,1,1,10,"12,11,12,6,14,12,12,8,6,8,0,6,8,8,8,14,10,8,8,8","0.0019,0.0031,0.0019,0.0378,0.0007,0.0019,0.0019,0.0139,0.0378,0.0139,0.7585,0.0378,0.0139,0.0139,0.0139,0.0007,0.0051,0.0139,0.0139,0.0139",0.5
block-words,p03,10,11,0,15,0,1,"0,0,0,0,1,0,0,0,1,1,0,0,1,0,0,1,0,0,0,0","0.0555,0.0555,0.0555,0.0555,0.0336,0.0555,0.0555,0.0555,0.0336,0.0336,0.0555,0.0555,0.0336,0.0555,0.0555,0.0336,0.0555,0.0555,0.0555,0.0555",0.5
block-words,p03,30,11,3,3,0,3,"2,2,3,0,4,2,4,2,2,2,0,0,2,2,2,4,1,1,1,2","0.0403,0.0403,0.0244,0.1096,0.0148,0.0403,0.0148,0.0403,0.0403,0.0403,0.1096,0.1096,0.0403,0.0403,0.0403,0.0148,0.0665,0.0665,0.0665,0.0403",0.5
block-words,p03,50,11,3,3,0,4,"2,2,4,0,6,2,4,2,2,2,0,0,2,2,2,6,2,2,2,2","0.0451,0.0451,0.0166,0.1227,0.0061,0.0451,0.0166,0.0451,0.0451,0.0451,0.1227,0.1227,0.0451,0.0451,0.0451,0.0061,0.0451,0.0451,0.0451,0.0451",0.5
block-words,p03,70,11,3,3,0,6,"6,6,8,0,8,6,6,6,6,4,0,0,4,4,4,8,6,5,4,6","0.0118,0.0118,0.0043,0.2374,0.0043,0.0118,0.0118,0.0118,0.0118,0.0321,0.2374,0.2374,0.0321,0.0321,0.0321,0.0043,0.0118,0.0195,0.0321,0.0118",0.5
block-words,p03,100,11,11,1,1,8,"8,8,10,4,8,10,8,6,8,6,2,0,4,6,6,12,8,8,4,6","0.0085,0.0085,0.0031,0.0625,0.0085,0.0031,0.0085,0.0230,0.0085,0.0230,0.1698,0.4615,0.0625,0.0230,0.0230,0.0011,0.0085,0.0085,0.0625,0.0230",0.5
block-words,p03,10,12,0,16,0,1,"0,0,1,0,0,0,0,0,0,0,0,0,0,0,0,0,1,1,1,0","0.0543,0.0543,0.0329,0.0543,0.0543,0.0543,0.0543,0.0543,0.0543,0.0543,0.0543,0.0543,0.0543,0.0543,0.0543,0.0543,0.0329,0.0329,0.0329,0.0543",0.5
block-words,p03,30,12,0,12,0,3,"0,0,3,1,2,1,0,0,0,0,0,0,0,0,0,3,3,2,2,0","0.0667,0.0667,0.0149,0.0405,0.0245,0.0405,0.0667,0.0667,0.0667,0.0667,0.0667,0.0667,0.0667,0.0667,0.0667,0.0149,0.0149,0.0245,0.0245,0.0667",0.5
block-words,p03,50,12,6,6,0,4,"4,4,6,4,6,4,0,2,0,0,2,4,0,0,0,6,6,4,2,2","0.0160,0.0160,0.0059,0.0160,0.0059,0.0160,0.1179,0.0434,0.1179,0.1179,0.0434,0.0160,0.1179,0.1179,0.1179,0.0059,0.0059,0.0160,0.0434,0.0434",0.5
block-words,p03,70,12,9,4,0,6,"6,6,8,6,8,8,2,2,4,0,4,6,0,0,0,8,8,6,6,2","0.0086,0.0086,0.0032,0.0086,0.0032,0.0032,0.0638,0.0638,0.0235,0.1735,0.0235,0.0086,0.1735,0.1735,0.1735,0.0032,0.0032,0.0086,0.0086,0.0638",0.5
block-words,p03,100,12,12,1,1,8,"6,6,8,8,8,10,6,6,8,4,6,6,0,4,4,10,8,8,8,6","0.0263,0.0263,0.0097,0.0097,0.0097,0.0036,0.0263,0.0263,0.0097,0.0714,0.0263,0.0263,0.5274,0.0714,0.0714,0.0036,0.0097,0.0097,0.0097,0.0263",0.5
block-words,p03,10,13,0,14,0,2,"0,0,2,0,2,0,0,0,0,0,0,0,0,0,0,2,2,2,2,0","0.0617,0.0617,0.0227,0.0617,0.0227,0.0617,0.0617,0.0617,0.0617,0.0617,0.0617,0.0617,0.0617,0.0617,0.0617,0.0227,0.0227,0.0227,0.0227,0.0617",0.5
block-words,p03,30,13,6,6,0,4,"4,4,6,4,6,4,0,2,0,0,2,4,0,0,0,6,6,4,2,2","0.0160,0.0160,0.0059,0.0160,0.0059,0.0160,0.1179,0.0434,0.1179,0.1179,0.0434,0.0160,0.1179,0.1179,0.1179,0.0059,0.0059,0.0160,0.0434,0.0434",0.5
block-words,p03,50,13,9,4,0,6,"6,6,8,6,8,8,2,2,4,0,4,6,0,0,0,8,8,6,6,2","0.0086,0.0086,0.0032,0.0086,0.0032,0.0032,0.0638,0.0638,0.0235,0.1735,0.0235,0.0086,0.1735,0.1735,0.1735,0.0032,0.0032,0.0086,0.0086,0.0638",0.5
block-words,p03,70,13,13,1,1,9,"8,8,10,9,13,8,3,9,9,5,7,9,5,0,1,12,10,7,6,9","0.0082,0.0082,0.0030,0.0050,0.0007,0.0082,0.1000,0.0050,0.0050,0.0368,0.0135,0.0050,0.0368,0.4480,0.2717,0.0011,0.0030,0.0135,0.0223,0.0050",0.5
block-words,p03,100,13,13,1,1,12,"12,12,16,12,14,14,14,12,12,8,10,12,8,0,6,16,16,12,8,12","0.0022,0.0022,0.0003,0.0022,0.0008,0.0008,0.0008,0.0022,0.0022,0.0161,0.0059,0.0022,0.0161,0.8810,0.0439,0.0003,0.0003,0.0022,0.0161,0.0022",0.5
block-words,p03,10,14,0,16,0,1,"0,0,1,0,0,0,0,0,0,0,0,0,0,0,0,0,1,1,1,0","0.0543,0.0543,0.0329,0.0543,0.0543,0.0543,0.0543,0.0543,0.0543,0.0543,0.0543,0.0543,0.0543,0.0543,0.0543,0.0543,0.0329,0.0329,0.0329,0.0543",0.5
block-words,p03,30,14,0,12,0,3,"0,0,3,1,2,1,0,0,0,0,0,0,0,0,0,3,3,2,2,0","0.0667,0.0667,0.0149,0.0405,0.0245,0.0405,0.0667,0.0667,0.0667,0.0667,0.0667,0.0667,0.0667,0.0667,0.0667,0.0149,0.0149,0.0245,0.0245,0.0667",0.5
block-words,p03,50,14,7,8,0,4,"2,2,4,2,4,2,2,0,0,0,0,2,0,0,0,4,4,2,2,0","0.0320,0.0320,0.0118,0.0320,0.0118,0.0320,0.0320,0.0871,0.0871,0.0871,0.0871,0.0320,0.0871,0.0871,0.0871,0.0118,0.0118,0.0320,0.0320,0.0871",0.5
block-words,p03,70,14,7,6,0,6,"4,4,6,4,6,6,4,0,4,0,2,4,0,0,0,6,6,4,6,0","0.0178,0.0178,0.0065,0.0178,0.0065,0.0065,0.0178,0.1313,0.0178,0.1313,0.0483,0.0178,0.1313,0.1313,0.1313,0.0065,0.0065,0.0178,0.0065,0.1313",0.5
block-words,p03,100,14,13,2,0,8,"6,6,8,6,10,6,4,6,8,4,4,6,4,0,0,10,8,4,6,6","0.0158,0.0158,0.0058,0.0158,0.0021,0.0158,0.0431,0.0158,0.0058,0.0431,0.0431,0.0158,0.0431,0.3181,0.3181,0.0021,0.0058,0.0431,0.0158,0.0158",0.5
block-words,p03,10,15,0,16,0,1,"0,0,1,0,0,0,0,0,0,0,0,0,0,0,0,0,1,1,1,0","0.0543,0.0543,0.0329,0.0543,0.0543,0.0543,0.0543,0.0543,0.0543,0.0543,0.0543,0.0543,0.0543,0.0543,0.0543,0.0543,0.0329,0.0329,0.0329,0.0543",0.5
block-words,p03,30,15,4,7,0,2,"2,2,4,2,0,2,2,2,0,0,2,2,0,0,0,0,4,2,2,2","0.0325,0.0325,0.0120,0.0325,0.0884,0.0325,0.0325,0.0325,0.0884,0.0884,0.0325,0.0325,0.0884,0.0884,0.0884,0.0884,0.0120,0.0325,0.0325,0.0325",0.5
block-words,p03,50,15,4,6,0,3,"2,2,5,2,0,4,2,2,2,0,2,2,0,0,0,0,5,3,3,2","0.0366,0.0366,0.0082,0.0366,0.0994,0.0135,0.0366,0.0366,0.0366,0.0994,0.0366,0.0366,0.0994,0.0994,0.0994,0.0994,0.0082,0.0222,0.0222,0.0366",0.5
block-words,p03,70,15,15,1,1,5,"4,4,6,5,1,6,5,5,5,3,5,5,3,2,3,0,6,5,4,5","0.0351,0.0351,0.0129,0.0213,0.1573,0.0129,0.0213,0.0213,0.0213,0.0579,0.0213,0.0213,0.0579,0.0954,0.0579,0.2593,0.0129,0.0213,0.0351,0.0213",0.5
block-words,p03,100,15,15,1,1,6,"6,6,8,8,4,10,8,8,8,6,8,8,6,6,6,0,8,6,6,8","0.0292,0.0292,0.0107,0.0107,0.0794,0.0040,0.0107,0.0107,0.0107,0.0292,0.0107,0.0107,0.0292,0.0292,0.0292,0.5864,0.0107,0.0292,0.0292,0.0107",0.5
block-words,p03,10,16,0,15,0,1,"0,0,0,0,1,0,0,0,1,1,0,0,1,0,0,1,0,0,0,0","0.0555,0.0555,0.0555,0.0555,0.0336,0.0555,0.0555,0.0555,0.0336,0.0336,0.0555,0.0555,0.0336,0.0555,0.0555,0.0336,0.0555,0.0555,0.0555,0.0555",0.5
block-words,p03,30,16,3,6,0,2,"2,2,2,0,4,2,4,2,2,2,0,0,2,2,2,4,0,0,0,2","0.0352,0.0352,0.0352,0.0957,0.0129,0.0352,0.0129,0.0352,0.0352,0.0352,0.0957,0.0957,0.0352,0.0352,0.0352,0.0129,0.0957,0.0957,0.0957,0.0352",0.5
block-words,p03,50,16,16,3,1,3,"3,3,3,1,5,3,5,3,3,3,1,1,3,3,3,5,0,0,0,3","0.0297,0.0297,0.0297,0.0807,0.0109,0.0297,0.0109,0.0297,0.0297,0.0297,0.0807,0.0807,0.0297,0.0297,0.0297,0.0109,0.1330,0.1330,0.1330,0.0297",0.5
block-words,p03,70,16,16,1,1,5,"6,6,6,5,7,6,9,7,5,5,5,5,5,6,7,6,0,3,2,7","0.0198,0.0198,0.0198,0.0326,0.0120,0.0198,0.0044,0.0120,0.0326,0.0326,0.0326,0.0326,0.0326,0.0198,0.0120,0.0198,0.3978,0.0888,0.1463,0.0120",0.5
block-words,p03,100,16,16,1,1,6,"8,8,8,6,8,8,10,8,6,6,6,6,6,8,8,8,0,6,2,8","0.0096,0.0096,0.0096,0.0261,0.0096,0.0096,0.0035,0.0096,0.0261,0.0261,0.0261,0.0261,0.0261,0.0096,0.0096,0.0096,0.5246,0.0261,0.1930,0.0096",0.5
block-words,p03,10,17,0,15,0,1,"0,0,1,1,0,1,0,0,0,0,0,0,0,0,0,1,1,0,0,0","0.0555,0.0555,0.0336,0.0336,0.0555,0.0336,0.0555,0.0555,0.0555,0.0555,0.0555,0.0555,0.0555,0.0555,0.0555,0.0336,0.0336,0.0555,0.0555,0.0555",0.5
block-words,p03,30,17,7,7,0,3,"2,2,2,2,3,2,2,0,1,1,0,2,1,0,0,3,2,0,0,0","0.0301,0.0301,0.0301,0.0301,0.0183,0.0301,0.0301,0.0819,0.0497,0.0497,0.0819,0.0301,0.0497,0.0819,0.0819,0.0183,0.0301,0.0819,0.0819,0.0819",0.5
block-words,p03,50,17,10,3,0,4,"4,4,4,2,6,4,6,2,2,2,0,2,2,2,2,6,2,0,0,2","0.0184,0.0184,0.0184,0.0499,0.0068,0.0184,0.0068,0.0499,0.0499,0.0499,0.1357,0.0499,0.0499,0.0499,0.0499,0.0068,0.0499,0.1357,0.1357,0.0499",0.5
block-words,p03,70,17,17,1,1,6,"8,8,6,4,9,6,10,5,5,4,2,5,5,5,4,8,4,0,2,5","0.0062,0.0062,0.0169,0.0460,0.0038,0.0169,0.0023,0.0279,0.0279,0.0460,0.1250,0.0279,0.0279,0.0279,0.0460,0.0062,0.0460,0.3399,0.1250,0.0279",0.5
block-words,p03,100,17,17,1,1,8,"10,10,8,8,10,8,10,8,8,6,6,10,8,8,6,8,8,0,6,8","0.0048,0.0048,0.0129,0.0129,0.0048,0.0129,0.0048,0.0129,0.0129,0.0352,0.0352,0.0048,0.0129,0.0129,0.0352,0.0129,0.0129,0.7062,0.0352,0.0129",0.5
block-words,p03,10,18,0,15,0,1,"0,0,0,0,1,0,0,0,1,1,0,0,1,0,0,1,0,0,0,0","0.0555,0.0555,0.0555,0.0555,0.0336,0.0555,0.0555,0.0555,0.0336,0.0336,0.0555,0.0555,0.0336,0.0555,0.0555,0.0336,0.0555,0.0555,0.0555,0.0555",0.5
block-words,p03,30,18,0,6,0,3,"0,0,1,3,2,3,2,0,2,2,2,2,2,2,2,3,3,0,0,0","0.0925,0.0925,0.0561,0.0206,0.0340,0.0206,0.0340,0.0925,0.0340,0.0340,0.0340,0.0340,0.0340,0.0340,0.0340,0.0206,0.0206,0.0925,0.0925,0.0925",0.5
block-words,p03,50,18,18,1,1,5,"5,5,5,7,7,7,3,3,3,3,5,7,3,3,3,7,6,2,0,3","0.0223,0.0223,0.0223,0.0082,0.0082,0.0082,0.0606,0.0606,0.0606,0.0606,0.0223,0.0082,0.0606,0.0606,0.0606,0.0082,0.0135,0.0999,0.2716,0.0606",0.5
block-words,p03,70,18,18,1,1,7,"6,6,6,9,9,8,5,7,7,7,9,9,7,6,7,8,8,5,0,7","0.0303,0.0303,0.0303,0.0068,0.0068,0.0111,0.0499,0.0184,0.0184,0.0184,0.0068,0.0068,0.0184,0.0303,0.0184,0.0111,0.0111,0.0499,0.6083,0.0184",0.5
block-words,p03,100,18,18,1,1,10,"8,8,10,10,10,12,10,8,10,10,10,10,10,8,10,12,14,10,0,8","0.0156,0.0156,0.0058,0.0058,0.0058,0.0021,0.0058,0.0156,0.0058,0.0058,0.0058,0.0058,0.0058,0.0156,0.0058,0.0021,0.0008,0.0058,0.8536,0.0156",0.5
block-words,p03,10,19,0,7,0,2,"0,0,0,2,2,2,2,0,2,2,2,2,2,2,2,2,2,0,0,0","0.0849,0.0849,0.0849,0.0312,0.0312,0.0312,0.0312,0.0849,0.0312,0.0312,0.0312,0.0312,0.0312,0.0312,0.0312,0.0312,0.0312,0.0849,0.0849,0.0849",0.5
block-words,p03,30,19,0,4,0,5,"0,0,1,7,6,3,6,0,4,4,6,6,4,6,6,7,7,4,2,0","0.1632,0.1632,0.0990,0.0049,0.0081,0.0364,0.0081,0.1632,0.0221,0.0221,0.0081,0.0081,0.0221,0.0081,0.0081,0.0049,0.0049,0.0221,0.0600,0.1632",0.5
block-words,p03,50,19,7,2,0,7,"3,3,3,9,9,5,9,0,4,6,6,9,6,8,8,9,11,7,6,0","0.0695,0.0695,0.0695,0.0035,0.0035,0.0256,0.0035,0.3113,0.0421,0.0155,0.0155,0.0035,0.0155,0.0057,0.0057,0.0035,0.0013,0.0094,0.0155,0.3113",0.5
block-words,p03,70,19,7,2,0,10,"6,6,8,12,14,12,12,0,6,8,10,12,8,10,10,14,16,10,10,0","0.0221,0.0221,0.0081,0.0011,0.0004,0.0011,0.0011,0.4444,0.0221,0.0081,0.0030,0.0011,0.0081,0.0030,0.0030,0.0004,0.0001,0.0030,0.0030,0.4444",0.5
block-words,p03,100,19,7,2,0,14,"10,10,12,18,16,20,16,0,14,12,16,14,8,14,14,20,18,14,14,0","0.0033,0.0033,0.0012,0.0001,0.0002,0.0000,0.0002,0.4893,0.0004,0.0012,0.0002,0.0004,0.0090,0.0004,0.0004,0.0000,0.0001,0.0004,0.0004,0.4893",0.5
campus,bui-campus_h0_r10_i10,10,0,0,1,1,1,"0,1","0.6225,0.3775",0.5
campus,bui-campus_h0_r10_i10,30,0,0,1,1,3,"0,3","0.8176,0.1824",0.5
campus,bui-campus_h0_r10_i10,50,0,0,1,1,4,"0,4","0.8808,0.1192",0.5
campus,bui-campus_h0_r10_i10,70,0,0,1,1,6,"0,6","0.9526,0.0474",0.5
campus,bui-campus_h0_r10_i10,100,0,0,1,1,8,"1,9","0.9820,0.0180",0.5
campus,bui-campus_h0_r10_i10,10,1,1,1,1,2,"2,0","0.2689,0.7311",0.5
campus,bui-campus_h0_r10_i10,30,1,1,1,1,4,"4,0","0.1192,0.8808",0.5
campus,bui-campus_h0_r10_i10,50,1,1,1,1,6,"8,2","0.0474,0.9526",0.5
campus,bui-campus_h0_r10_i10,70,1,1,1,1,8,"10,2","0.0180,0.9820",0.5
campus,bui-campus_h0_r10_i10,100,1,1,1,1,11,"12,2","0.0067,0.9933",0.5
campus,bui-campus_h0_r10_i2,10,0,0,1,1,1,"0,1","0.6225,0.3775",0.5
campus,bui-campus_h0_r10_i2,30,0,0,1,1,3,"0,2","0.7311,0.2689",0.5
campus,bui-campus_h0_r10_i2,50,0,0,1,1,5,"1,6","0.9241,0.0759",0.5
campus,bui-campus_h0_r10_i2,70,0,0,1,1,7,"2,8","0.9526,0.0474",0.5
campus,bui-campus_h0_r10_i2,100,0,0,1,1,9,"3,10","0.9707,0.0293",0.5
campus,bui-campus_h0_r10_i2,10,1,1,1,1,2,"2,0","0.2689,0.7311",0.5
campus,bui-campus_h0_r10_i2,30,1,1,1,1,4,"4,1","0.1824,0.8176",0.5
campus,bui-campus_h0_r10_i2,50,1,1,1,1,6,"7,3","0.1192,0.8808",0.5
campus,bui-campus_h0_r10_i2,70,1,1,1,1,9,"11,4","0.0293,0.9707",0.5
campus,bui-campus_h0_r10_i2,100,1,1,1,1,12,"14,4","0.0067,0.9933",0.5
campus,bui-campus_h0_r10_i3,10,0,0,1,1,1,"0,1","0.6225,0.3775",0.5
campus,bui-campus_h0_r10_i3,30,0,0,1,1,3,"0,2","0.7311,0.2689",0.5
campus,bui-campus_h0_r10_i3,50,0,0,1,1,5,"1,6","0.9241,0.0759",0.5
campus,bui-campus_h0_r10_i3,70,0,0,1,1,7,"2,8","0.9526,0.0474",0.5
campus,bui-campus_h0_r10_i3,100,0,0,1,1,9,"3,10","0.9707,0.0293",0.5
campus,bui-campus_h0_r10_i3,10,1,1,1,1,2,"2,0","0.2689,0.7311",0.5
campus,bui-campus_h0_r10_i3,30,1,1,1,1,4,"4,1","0.1824,0.8176",0.5
campus,bui-campus_h0_r10_i3,50,1,1,1,1,6,"7,3","0.1192,0.8808",0.5
campus,bui-campus_h0_r10_i3,70,1,1,1,1,9,"11,4","0.0293,0.9707",0.5
campus,bui-campus_h0_r10_i3,100,1,1,1,1,12,"14,4","0.0067,0.9933",0.5
campus,bui-campus_h0_r10_i4,10,0,0,2,1,1,"1,1","0.5000,0.5000",0.5
campus,bui-campus_h0_r10_i4,30,0,0,1,1,3,"2,3","0.6225,0.3775",0.5
campus,bui-campus_h0_r10_i4,50,0,0,1,1,4,"2,4","0.7311,0.2689",0.5
campus,bui-campus_h0_r10_i4,70,0,0,1,1,6,"2,6","0.8808,0.1192",0.5
campus,bui-campus_h0_r10_i4,100,0,0,1,1,8,"3,9","0.9526,0.0474",0.5
campus,bui-campus_h0_r10_i4,10,1,1,1,1,2,"2,0","0.2689,0.7311",0.5
campus,bui-campus_h0_r10_i4,30,1,1,1,1,4,"5,1","0.1192,0.8808",0.5
campus,bui-campus_h0_r10_i4,50,1,1,1,1,6,"8,3","0.0759,0.9241",0.5
campus,bui-campus_h0_r10_i4,70,1,1,1,1,9,"12,4","0.0180,0.9820",0.5
campus,bui-campus_h0_r10_i4,100,1,1,1,1,12,"15,4","0.0041,0.9959",0.5
campus,bui-campus_h0_r10_i5,10,0,0,1,1,1,"0,1","0.6225,0.3775",0.5
campus,bui-campus_h0_r10_i5,30,0,0,1,1,3,"0,2","0.7311,0.2689",0.5
campus,bui-campus_h0_r10_i5,50,0,0,1,1,5,"1,6","0.9241,0.0759",0.5
campus,bui-campus_h0_r10_i5,70,0,0,1,1,7,"2,8","0.9526,0.0474",0.5
campus,bui-campus_h0_r10_i5,100,0,0,1,1,9,"3,10","0.9707,0.0293",0.5
campus,bui-campus_h0_r10_i5,10,1,1,1,1,2,"4,2","0.2689,0.7311",0.5
campus,bui-campus_h0_r10_i5,30,1,1,1,1,4,"5,2","0.1824,0.8176",0.5
campus,bui-campus_h0_r10_i5,50,1,1,1,1,6,"8,4","0.1192,0.8808",0.5
campus,bui-campus_h0_r10_i5,70,1,1,1,1,8,"10,4","0.0474,0.9526",0.5
campus,bui-campus_h0_r10_i5,100,1,1,1,1,11,"13,4","0.0110,0.9890",0.5
campus,bui-campus_h0_r10_i6,10,0,0,1,1,1,"0,1","0.6225,0.3775",0.5
campus,bui-campus_h0_r10_i6,30,0,0,1,1,3,"0,2","0.7311,0.2689",0.5
campus,bui-campus_h0_r10_i6,50,0,0,1,1,5,"1,6","0.9241,0.0759",0.5
campus,bui-campus_h0_r10_i6,70,0,0,1,1,7,"2,8","0.9526,0.0474",0.5
campus,bui-campus_h0_r10_i6,100,0,0,1,1,9,"3,10","0.9707,0.0293",0.5
campus,bui-campus_h0_r10_i6,10,1,1,1,1,2,"2,0","0.2689,0.7311",0.5
campus,bui-campus_h0_r10_i6,30,1,1,1,1,4,"4,1","0.1824,0.8176",0.5
campus,bui-campus_h0_r10_i6,50,1,1,1,1,6,"7,3","0.1192,0.8808",0.5
campus,bui-campus_h0_r10_i6,70,1,1,1,1,9,"11,4","0.0293,0.9707",0.5
campus,bui-campus_h0_r10_i6,100,1,1,1,1,12,"14,4","0.0067,0.9933",0.5
campus,bui-campus_h0_r10_i8,10,0,0,1,1,1,"0,1","0.6225,0.3775",0.5
campus,bui-campus_h0_r10_i8,30,0,0,1,1,3,"0,2","0.7311,0.2689",0.5
campus,bui-campus_h0_r10_i8,50,0,0,1,1,5,"1,6","0.9241,0.0759",0.5
campus,bui-campus_h0_r10_i8,70,0,0,1,1,7,"2,8","0.9526,0.0474",0.5
campus,bui-campus_h0_r10_i8,100,0,0,1,1,9,"3,10","0.9707,0.0293",0.5
campus,bui-campus_h0_r10_i8,10,1,1,1,1,2,"1,0","0.3775,0.6225",0.5
campus,bui-campus_h0_r10_i8,30,1,1,1,1,4,"4,2","0.2689,0.7311",0.5
campus,bui-campus_h0_r10_i8,50,1,1,1,1,6,"8,4","0.1192,0.8808",0.5
campus,bui-campus_h0_r10_i8,70,1,1,1,1,8,"10,4","0.0474,0.9526",0.5
campus,bui-campus_h0_r10_i8,100,1,1,1,1,11,"13,4","0.0110,0.9890",0.5
campus,bui-campus_h0_r30_i11,10,0,0,1,1,1,"0,1","0.6225,0.3775",0.5
campus,bui-campus_h0_r30_i11,30,0,0,1,1,3,"0,3","0.8176,0.1824",0.5
campus,bui-campus_h0_r30_i11,50,0,0,1,1,4,"0,4","0.8808,0.1192",0.5
campus,bui-campus_h0_r30_i11,70,0,0,1,1,6,"0,6","0.9526,0.0474",0.5
campus,bui-campus_h0_r30_i11,100,0,0,1,1,8,"1,9","0.9820,0.0180",0.5
campus,bui-campus_h0_r30_i11,10,1,1,1,1,2,"2,0","0.2689,0.7311",0.5
campus,bui-campus_h0_r30_i11,30,1,1,1,1,4,"4,0","0.1192,0.8808",0.5
campus,bui-campus_h0_r30_i11,50,1,1,1,1,6,"8,2","0.0474,0.9526",0.5
campus,bui-campus_h0_r30_i11,70,1,1,1,1,8,"10,2","0.0180,0.9820",0.5
campus,bui-campus_h0_r30_i11,100,1,1,1,1,11,"12,2","0.0067,0.9933",0.5
campus,bui-campus_h0_r30_i13,10,0,0,1,1,1,"0,1","0.6225,0.3775",0.5
campus,bui-campus_h0_r30_i13,30,0,0,1,1,3,"0,3","0.8176,0.1824",0.5
campus,bui-campus_h0_r30_i13,50,0,0,1,1,4,"0,4","0.8808,0.1192",0.5
campus,bui-campus_h0_r30_i13,70,0,0,1,1,6,"0,6","0.9526,0.0474",0.5
campus,bui-campus_h0_r30_i13,100,0,0,1,1,8,"1,9","0.9820,0.0180",0.5
campus,bui-campus_h0_r30_i13,10,1,1,1,1,2,"2,0","0.2689,0.7311",0.5
campus,bui-campus_h0_r30_i13,30,1,1,1,1,4,"4,0","0.1192,0.8808",0.5
campus,bui-campus_h0_r30_i13,50,1,1,1,1,6,"8,2","0.0474,0.9526",0.5
campus,bui-campus_h0_r30_i13,70,1,1,1,1,8,"10,2","0.0180,0.9820",0.5
campus,bui-campus_h0_r30_i13,100,1,1,1,1,11,"12,2","0.0067,0.9933",0.5
campus,bui-campus_h0_r30_i15,10,0,0,1,1,1,"0,1","0.6225,0.3775",0.5
campus,bui-campus_h0_r30_i15,30,0,0,1,1,3,"0,2","0.7311,0.2689",0.5
campus,bui-campus_h0_r30_i15,50,0,0,1,1,5,"1,6","0.9241,0.0759",0.5
campus,bui-campus_h0_r30_i15,70,0,0,1,1,7,"2,8","0.9526,0.0474",0.5
campus,bui-campus_h0_r30_i15,100,0,0,1,1,9,"3,10","0.9707,0.0293",0.5
campus,bui-campus_h0_r30_i15,10,1,1,1,1,2,"4,2","0.2689,0.7311",0.5
campus,bui-campus_h0_r30_i15,30,1,1,1,1,4,"5,2","0.1824,0.8176",0.5
campus,bui-campus_h0_r30_i15,50,1,1,1,1,6,"8,4","0.1192,0.8808",0.5
campus,bui-campus_h0_r30_i15,70,1,1,1,1,8,"10,4","0.0474,0.9526",0.5
campus,bui-campus_h0_r30_i15,100,1,1,1,1,11,"13,4","0.0110,0.9890",0.5
campus,bui-campus_h0_r30_i17,10,0,0,1,1,1,"0,1","0.6225,0.3775",0.5
campus,bui-campus_h0_r30_i17,30,0,0,1,1,3,"1,3","0.7311,0.2689",0.5
campus,bui-campus_h0_r30_i17,50,0,0,1,1,4,"1,5","0.8808,0.1192",0.5
campus,bui-campus_h0_r30_i17,70,0,0,1,1,6,"2,7","0.9241,0.0759",0.5
campus,bui-campus_h0_r30_i17,100,0,0,1,1,8,"3,9","0.9526,0.0474",0.5
campus,bui-campus_h0_r30_i17,10,1,1,1,1,2,"2,0","0.2689,0.7311",0.5
campus,bui-campus_h0_r30_i17,30,1,1,1,1,4,"3,1","0.2689,0.7311",0.5
campus,bui-campus_h0_r30_i17,50,1,1,1,1,6,"7,3","0.1192,0.8808",0.5
campus,bui-campus_h0_r30_i17,70,1,1,1,1,9,"11,4","0.0293,0.9707",0.5
campus,bui-campus_h0_r30_i17,100,1,1,1,1,12,"14,4","0.0067,0.9933",0.5
campus,bui-campus_h0_r50_i21,10,0,0,1,1,1,"0,1","0.6225,0.3775",0.5
campus,bui-campus_h0_r50_i21,30,0,0,1,1,3,"0,2","0.7311,0.2689",0.5
campus,bui-campus_h0_r50_i21,50,0,0,1,1,5,"1,6","0.9241,0.0759",0.5
campus,bui-campus_h0_r50_i21,70,0,0,1,1,7,"2,8","0.9526,0.0474",0.5
campus,bui-campus_h0_r50_i21,100,0,0,1,1,9,"3,10","0.9707,0.0293",0.5
campus,bui-campus_h0_r50_i21,10,1,1,1,1,2,"2,0","0.2689,0.7311",0.5
campus,bui-campus_h0_r50_i21,30,1,1,1,1,4,"4,1","0.1824,0.8176",0.5
campus,bui-campus_h0_r50_i21,50,1,1,1,1,6,"7,3","0.1192,0.8808",0.5
campus,bui-campus_h0_r50_i21,70,1,1,1,1,9,"11,4","0.0293,0.9707",0.5
campus,bui-campus_h0_r50_i21,100,1,1,1,1,12,"14,4","0.0067,0.9933",0.5
campus,bui-campus_h0_r50_i23,10,0,0,1,1,1,"0,1","0.6225,0.3775",0.5
campus,bui-campus_h0_r50_i23,30,0,0,1,1,3,"0,2","0.7311,0.2689",0.5
campus,bui-campus_h0_r50_i23,50,0,0,1,1,5,"1,6","0.9241,0.0759",0.5
campus,bui-campus_h0_r50_i23,70,0,0,1,1,7,"2,8","0.9526,0.0474",0.5
campus,bui-campus_h0_r50_i23,100,0,0,1,1,9,"3,10","0.9707,0.0293",0.5
campus,bui-campus_h0_r50_i23,10,1,1,1,1,2,"4,2","0.2689,0.7311",0.5
campus,bui-campus_h0_r50_i23,30,1,1,1,1,4,"5,2","0.1824,0.8176",0.5
campus,bui-campus_h0_r50_i23,50,1,1,1,1,6,"8,4","0.1192,0.8808",0.5
campus,bui-campus_h0_r50_i23,70,1,1,1,1,8,"10,4","0.0474,0.9526",0.5
campus,bui-campus_h0_r50_i23,100,1,1,1,1,11,"13,4","0.0110,0.9890",0.5
campus,bui-campus_h0_r50_i24,10,0,0,2,1,1,"1,1","0.5000,0.5000",0.5
campus,bui-campus_h0_r50_i24,30,0,0,1,1,3,"2,3","0.6225,0.3775",0.5
campus,bui-campus_h0_r50_i24,50,0,0,1,1,4,"2,4","0.7311,0.2689",0.5
campus,bui-campus_h0_r50_i24,70,0,0,1,1,6,"2,6","0.8808,0.1192",0.5
campus,bui-campus_h0_r50_i24,100,0,0,1,1,8,"3,9","0.9526,0.0474",0.5
campus,bui-campus_h0_r50_i24,10,1,1,1,1,2,"2,0","0.2689,0.7311",0.5
campus,bui-campus_h0_r50_i24,30,1,1,1,1,4,"5,1","0.1192,0.8808",0.5
campus,bui-campus_h0_r50_i24,50,1,1,1,1,6,"8,3","0.0759,0.9241",0.5
campus,bui-campus_h0_r50_i24,70,1,1,1,1,9,"12,4","0.0180,0.9820",0.5
campus,bui-campus_h0_r50_i24,100,1,1,1,1,12,"15,4","0.0041,0.9959",0.5
campus,bui-campus_h0_r70_i31,10,0,0,1,1,1,"0,1","0.6225,0.3775",0.5
campus,bui-campus_h0_r70_i31,30,0,0,1,1,3,"0,2","0.7311,0.2689",0.5
campus,bui-campus_h0_r70_i31,50,0,0,1,1,5,"1,6","0.9241,0.0759",0.5
campus,bui-campus_h0_r70_i31,70,0,0,1,1,7,"2,8","0.9526,0.0474",0.5
campus,bui-campus_h0_r70_i31,100,0,0,1,1,9,"3,10","0.9707,0.0293",0.5
campus,bui-campus_h0_r70_i31,10,1,1,1,1,2,"2,0","0.2689,0.7311",0.5
campus,bui-campus_h0_r70_i31,30,1,1,1,1,4,"4,1","0.1824,0.8176",0.5
campus,bui-campus_h0_r70_i31,50,1,1,1,1,6,"7,3","0.1192,0.8808",0.5
campus,bui-campus_h0_r70_i31,70,1,1,1,1,9,"11,4","0.0293,0.9707",0.5
campus,bui-campus_h0_r70_i31,100,1,1,1,1,12,"14,4","0.0067,0.9933",0.5
campus,bui-campus_h0_r70_i33,10,0,0,1,1,1,"0,1","0.6225,0.3775",0.5
campus,bui-campus_h0_r70_i33,30,0,0,1,1,3,"0,2","0.7311,0.2689",0.5
campus,bui-campus_h0_r70_i33,50,0,0,1,1,5,"1,6","0.9241,0.0759",0.5
campus,bui-campus_h0_r70_i33,70,0,0,1,1,7,"2,8","0.9526,0.0474",0.5
campus,bui-campus_h0_r70_i33,100,0,0,1,1,9,"3,10","0.9707,0.0293",0.5
campus,bui-campus_h0_r70_i33,10,1,1,1,1,2,"1,0","0.3775,0.6225",0.5
campus,bui-campus_h0_r70_i33,30,1,1,1,1,4,"4,2","0.2689,0.7311",0.5
campus,bui-campus_h0_r70_i33,50,1,1,1,1,6,"8,4","0.1192,0.8808",0.5
campus,bui-campus_h0_r70_i33,70,1,1,1,1,8,"10,4","0.0474,0.9526",0.5
campus,bui-campus_h0_r70_i33,100,1,1,1,1,11,"13,4","0.0110,0.9890",0.5
campus,bui-campus_h0_r70_i34,10,0,0,2,1,1,"1,1","0.5000,0.5000",0.5
campus,bui-campus_h0_r70_i34,30,0,0,1,1,3,"2,3","0.6225,0.3775",0.5
campus,bui-campus_h0_r70_i34,50,0,0,1,1,4,"2,4","0.7311,0.2689",0.5
campus,bui-campus_h0_r70_i34,70,0,0,1,1,6,"2,6","0.8808,0.1192",0.5
campus,bui-campus_h0_r70_i34,100,0,0,1,1,8,"3,9","0.9526,0.0474",0.5
campus,bui-campus_h0_r70_i34,10,1,1,1,1,2,"2,0","0.2689,0.7311",0.5
campus,bui-campus_h0_r70_i34,30,1,1,1,1,4,"5,1","0.1192,0.8808",0.5
campus,bui-campus_h0_r70_i34,50,1,1,1,1,6,"8,3","0.0759,0.9241",0.5
campus,bui-campus_h0_r70_i34,70,1,1,1,1,9,"12,4","0.0180,0.9820",0.5
campus,bui-campus_h0_r70_i34,100,1,1,1,1,12,"15,4","0.0041,0.9959",0.5
campus,bui-campus_h0_r70_i40,10,0,0,1,1,1,"0,1","0.6225,0.3775",0.5
campus,bui-campus_h0_r70_i40,30,0,0,1,1,3,"0,2","0.7311,0.2689",0.5
campus,bui-campus_h0_r70_i40,50,0,0,1,1,5,"1,6","0.9241,0.0759",0.5
campus,bui-campus_h0_r70_i40,70,0,0,1,1,7,"2,8","0.9526,0.0474",0.5
campus,bui-campus_h0_r70_i40,100,0,0,1,1,9,"3,10","0.9707,0.0293",0.5
campus,bui-campus_h0_r70_i40,10,1,1,1,1,2,"1,0","0.3775,0.6225",0.5
campus,bui-campus_h0_r70_i40,30,1,1,1,1,4,"4,2","0.2689,0.7311",0.5
campus,bui-campus_h0_r70_i40,50,1,1,1,1,6,"8,4","0.1192,0.8808",0.5
campus,bui-campus_h0_r70_i40,70,1,1,1,1,8,"10,4","0.0474,0.9526",0.5
campus,bui-campus_h0_r70_i40,100,1,1,1,1,11,"13,4","0.0110,0.9890",0.5
campus,bui-campus_h0_rfull_i42,10,0,0,1,1,1,"0,1","0.6225,0.3775",0.5
campus,bui-campus_h0_rfull_i42,30,0,0,1,1,3,"0,2","0.7311,0.2689",0.5
campus,bui-campus_h0_rfull_i42,50,0,0,1,1,5,"1,6","0.9241,0.0759",0.5
campus,bui-campus_h0_rfull_i42,70,0,0,1,1,7,"2,8","0.9526,0.0474",0.5
campus,bui-campus_h0_rfull_i42,100,0,0,1,1,9,"3,10","0.9707,0.0293",0.5
campus,bui-campus_h0_rfull_i42,10,1,1,1,1,2,"4,2","0.2689,0.7311",0.5
campus,bui-campus_h0_rfull_i42,30,1,1,1,1,4,"5,2","0.1824,0.8176",0.5
campus,bui-campus_h0_rfull_i42,50,1,1,1,1,6,"8,4","0.1192,0.8808",0.5
campus,bui-campus_h0_rfull_i42,70,1,1,1,1,8,"10,4","0.0474,0.9526",0.5
campus,bui-campus_h0_rfull_i42,100,1,1,1,1,11,"13,4","0.0110,0.9890",0.5
campus,bui-campus_h0_rfull_i43,10,0,0,1,1,1,"0,1","0.6225,0.3775",0.5
campus,bui-campus_h0_rfull_i43,30,0,0,1,1,3,"0,2","0.7311,0.2689",0.5
campus,bui-campus_h0_rfull_i43,50,0,0,1,1,5,"1,6","0.9241,0.0759",0.5
campus,bui-campus_h0_rfull_i43,70,0,0,1,1,7,"2,8","0.9526,0.0474",0.5
campus,bui-campus_h0_rfull_i43,100,0,0,1,1,9,"3,10","0.9707,0.0293",0.5
campus,bui-campus_h0_rfull_i43,10,1,1,1,1,2,"2,0","0.2689,0.7311",0.5
campus,bui-campus_h0_rfull_i43,30,1,1,1,1,4,"4,1","0.1824,0.8176",0.5
campus,bui-campus_h0_rfull_i43,50,1,1,1,1,6,"7,3","0.1192,0.8808",0.5
campus,bui-campus_h0_rfull_i43,70,1,1,1,1,9,"11,4","0.0293,0.9707",0.5
campus,bui-campus_h0_rfull_i43,100,1,1,1,1,12,"14,4","0.0067,0.9933",0.5
campus,bui-campus_h0_rfull_i44,10,0,0,1,1,1,"0,1","0.6225,0.3775",0.5
campus,bui-campus_h0_rfull_i44,30,0,0,1,1,3,"0,3","0.8176,0.1824",0.5
campus,bui-campus_h0_rfull_i44,50,0,0,1,1,4,"0,4","0.8808,0.1192",0.5
campus,bui-campus_h0_rfull_i44,70,0,0,1,1,6,"0,6","0.9526,0.0474",0.5
campus,bui-campus_h0_rfull_i44,100,0,0,1,1,8,"1,9","0.9820,0.0180",0.5
campus,bui-campus_h0_rfull_i44,10,1,1,1,1,2,"2,0","0.2689,0.7311",0.5
campus,bui-campus_h0_rfull_i44,30,1,1,1,1,4,"4,0","0.1192,0.8808",0.5
campus,bui-campus_h0_rfull_i44,50,1,1,1,1,6,"8,2","0.0474,0.9526",0.5
campus,bui-campus_h0_rfull_i44,70,1,1,1,1,8,"10,2","0.0180,0.9820",0.5
campus,bui-campus_h0_rfull_i44,100,1,1,1,1,11,"12,2","0.0067,0.9933",0.5
campus,bui-campus_h0_rfull_i46,10,0,0,1,1,1,"0,1","0.6225,0.3775",0.5
campus,bui-campus_h0_rfull_i46,30,0,0,1,1,3,"0,2","0.7311,0.2689",0.5
campus,bui-campus_h0_rfull_i46,50,0,0,1,1,5,"1,6","0.9241,0.0759",0.5
campus,bui-campus_h0_rfull_i46,70,0,0,1,1,7,"2,8","0.9526,0.0474",0.5
campus,bui-campus_h0_rfull_i46,100,0,0,1,1,9,"3,10","0.9707,0.0293",0.5
campus,bui-campus_h0_rfull_i46,10,1,1,1,1,2,"4,2","0.2689,0.7311",0.5
campus,bui-campus_h0_rfull_i46,30,1,1,1,1,4,"5,2","0.1824,0.8176",0.5
campus,bui-campus_h0_rfull_i46,50,1,1,1,1,6,"8,4","0.1192,0.8808",0.5
campus,bui-campus_h0_rfull_i46,70,1,1,1,1,8,"10,4","0.0474,0.9526",0.5
campus,bui-campus_h0_rfull_i46,100,1,1,1,1,11,"13,4","0.0110,0.9890",0.5
campus,bui-campus_h0_rfull_i47,10,0,0,1,1,1,"0,1","0.6225,0.3775",0.5
campus,bui-campus_h0_rfull_i47,30,0,0,1,1,3,"1,3","0.7311,0.2689",0.5
campus,bui-campus_h0_rfull_i47,50,0,0,1,1,4,"1,5","0.8808,0.1192",0.5
campus,bui-campus_h0_rfull_i47,70,0,0,1,1,6,"2,7","0.9241,0.0759",0.5
campus,bui-campus_h0_rfull_i47,100,0,0,1,1,8,"3,9","0.9526,0.0474",0.5
campus,bui-campus_h0_rfull_i47,10,1,1,1,1,2,"2,0","0.2689,0.7311",0.5
campus,bui-campus_h0_rfull_i47,30,1,1,1,1,4,"3,1","0.2689,0.7311",0.5
campus,bui-campus_h0_rfull_i47,50,1,1,1,1,6,"7,3","0.1192,0.8808",0.5
campus,bui-campus_h0_rfull_i47,70,1,1,1,1,9,"11,4","0.0293,0.9707",0.5
campus,bui-campus_h0_rfull_i47,100,1,1,1,1,12,"14,4","0.0067,0.9933",0.5
campus,bui-campus_h0_rfull_i48,10,0,0,1,1,1,"1,2","0.6225,0.3775",0.5
campus,bui-campus_h0_rfull_i48,30,0,0,1,1,3,"2,5","0.8176,0.1824",0.5
campus,bui-campus_h0_rfull_i48,50,0,0,1,1,4,"2,6","0.8808,0.1192",0.5
campus,bui-campus_h0_rfull_i48,70,0,0,1,1,6,"2,8","0.9526,0.0474",0.5
campus,bui-campus_h0_rfull_i48,100,0,0,1,1,8,"3,11","0.9820,0.0180",0.5
campus,bui-campus_h0_rfull_i48,10,1,1,1,1,2,"3,2","0.3775,0.6225",0.5
campus,bui-campus_h0_rfull_i48,30,1,1,1,1,4,"5,2","0.1824,0.8176",0.5
campus,bui-campus_h0_rfull_i48,50,1,1,1,1,6,"9,4","0.0759,0.9241",0.5
campus,bui-campus_h0_rfull_i48,70,1,1,1,1,8,"11,4","0.0293,0.9707",0.5
campus,bui-campus_h0_rfull_i48,100,1,1,1,1,11,"14,4","0.0067,0.9933",0.5
campus,bui-campus_h0_rfull_i49,10,0,0,1,1,1,"0,1","0.6225,0.3775",0.5
campus,bui-campus_h0_rfull_i49,30,0,0,1,1,3,"0,2","0.7311,0.2689",0.5
campus,bui-campus_h0_rfull_i49,50,0,0,1,1,5,"1,6","0.9241,0.0759",0.5
campus,bui-campus_h0_rfull_i49,70,0,0,1,1,7,"2,8","0.9526,0.0474",0.5
campus,bui-campus_h0_rfull_i49,100,0,0,1,1,9,"3,10","0.9707,0.0293",0.5
campus,bui-campus_h0_rfull_i49,10,1,1,1,1,2,"2,0","0.2689,0.7311",0.5
campus,bui-campus_h0_rfull_i49,30,1,1,1,1,4,"3,0","0.1824,0.8176",0.5
campus,bui-campus_h0_rfull_i49,50,1,1,1,1,6,"6,2","0.1192,0.8808",0.5
campus,bui-campus_h0_rfull_i49,70,1,1,1,1,8,"8,2","0.0474,0.9526",0.5
campus,bui-campus_h0_rfull_i49,100,1,1,1,1,11,"11,2","0.0110,0.9890",0.5
campus,bui-campus_h0_rfull_i50,10,0,0,1,1,1,"0,1","0.6225,0.3775",0.5
campus,bui-campus_h0_rfull_i50,30,0,0,1,1,3,"0,2","0.7311,0.2689",0.5
campus,bui-campus_h0_rfull_i50,50,0,0,1,1,5,"1,6","0.9241,0.0759",0.5
campus,bui-campus_h0_rfull_i50,70,0,0,1,1,7,"2,8","0.9526,0.0474",0.5
campus,bui-campus_h0_rfull_i50,100,0,0,1,1,9,"3,10","0.9707,0.0293",0.5
campus,bui-campus_h0_rfull_i50,10,1,1,1,1,2,"2,0","0.2689,0.7311",0.5
campus,bui-campus_h0_rfull_i50,30,1,1,1,1,4,"4,1","0.1824,0.8176",0.5
campus,bui-campus_h0_rfull_i50,50,1,1,1,1,6,"7,3","0.1192,0.8808",0.5
campus,bui-campus_h0_rfull_i50,70,1,1,1,1,9,"11,4","0.0293,0.9707",0.5
campus,bui-campus_h0_rfull_i50,100,1,1,1,1,12,"14,4","0.0067,0.9933",0.5
campus,bui-campus_h1_r10_i1,10,0,0,1,1,1,"0,1","0.6225,0.3775",0.5
campus,bui-campus_h1_r10_i1,30,0,0,1,1,3,"0,2","0.7311,0.2689",0.5
campus,bui-campus_h1_r10_i1,50,0,0,1,1,5,"1,6","0.9241,0.0759",0.5
campus,bui-campus_h1_r10_i1,70,0,0,1,1,7,"2,8","0.9526,0.0474",0.5
campus,bui-campus_h1_r10_i1,100,0,0,1,1,9,"3,10","0.9707,0.0293",0.5
campus,bui-campus_h1_r10_i1,10,1,1,1,1,2,"2,0","0.2689,0.7311",0.5
campus,bui-campus_h1_r10_i1,30,1,1,1,1,4,"4,1","0.1824,0.8176",0.5
campus,bui-campus_h1_r10_i1,50,1,1,1,1,6,"7,3","0.1192,0.8808",0.5
campus,bui-campus_h1_r10_i1,70,1,1,1,1,9,"11,4","0.0293,0.9707",0.5
campus,bui-campus_h1_r10_i1,100,1,1,1,1,12,"14,4","0.0067,0.9933",0.5
campus,bui-campus_h1_r10_i7,10,0,0,2,1,1,"1,1","0.5000,0.5000",0.5
campus,bui-campus_h1_r10_i7,30,0,0,1,1,3,"2,3","0.6225,0.3775",0.5
campus,bui-campus_h1_r10_i7,50,0,0,1,1,4,"2,4","0.7311,0.2689",0.5
campus,bui-campus_h1_r10_i7,70,0,0,1,1,6,"2,6","0.8808,0.1192",0.5
campus,bui-campus_h1_r10_i7,100,0,0,1,1,8,"3,9","0.9526,0.0474",0.5
campus,bui-campus_h1_r10_i7,10,1,1,1,1,2,"2,0","0.2689,0.7311",0.5
campus,bui-campus_h1_r10_i7,30,1,1,1,1,4,"5,1","0.1192,0.8808",0.5
campus,bui-campus_h1_r10_i7,50,1,1,1,1,6,"8,3","0.0759,0.9241",0.5
campus,bui-campus_h1_r10_i7,70,1,1,1,1,9,"12,4","0.0180,0.9820",0.5
campus,bui-campus_h1_r10_i7,100,1,1,1,1,12,"15,4","0.0041,0.9959",0.5
campus,bui-campus_h1_r10_i9,10,0,0,1,1,1,"0,1","0.6225,0.3775",0.5
campus,bui-campus_h1_r10_i9,30,0,0,1,1,3,"0,2","0.7311,0.2689",0.5
campus,bui-campus_h1_r10_i9,50,0,0,1,1,5,"1,6","0.9241,0.0759",0.5
campus,bui-campus_h1_r10_i9,70,0,0,1,1,7,"2,8","0.9526,0.0474",0.5
campus,bui-campus_h1_r10_i9,100,0,0,1,1,9,"3,10","0.9707,0.0293",0.5
campus,bui-campus_h1_r10_i9,10,1,1,1,1,2,"2,0","0.2689,0.7311",0.5
campus,bui-campus_h1_r10_i9,30,1,1,1,1,4,"4,1","0.1824,0.8176",0.5
campus,bui-campus_h1_r10_i9,50,1,1,1,1,6,"7,3","0.1192,0.8808",0.5
campus,bui-campus_h1_r10_i9,70,1,1,1,1,9,"11,4","0.0293,0.9707",0.5
campus,bui-campus_h1_r10_i9,100,1,1,1,1,12,"14,4","0.0067,0.9933",0.5
campus,bui-campus_h1_r30_i12,10,0,0,1,1,1,"0,1","0.6225,0.3775",0.5
campus,bui-campus_h1_r30_i12,30,0,0,1,1,3,"0,3","0.8176,0.1824",0.5
campus,bui-campus_h1_r30_i12,50,0,0,1,1,4,"0,4","0.8808,0.1192",0.5
campus,bui-campus_h1_r30_i12,70,0,0,1,1,6,"0,6","0.9526,0.0474",0.5
campus,bui-campus_h1_r30_i12,100,0,0,1,1,8,"1,9","0.9820,0.0180",0.5
campus,bui-campus_h1_r30_i12,10,1,1,1,1,2,"2,0","0.2689,0.7311",0.5
campus,bui-campus_h1_r30_i12,30,1,1,1,1,4,"4,0","0.1192,0.8808",0.5
campus,bui-campus_h1_r30_i12,50,1,1,1,1,6,"8,2","0.0474,0.9526",0.5
campus,bui-campus_h1_r30_i12,70,1,1,1,1,8,"10,2","0.0180,0.9820",0.5
campus,bui-campus_h1_r30_i12,100,1,1,1,1,11,"12,2","0.0067,0.9933",0.5
campus,bui-campus_h1_r30_i14,10,0,0,1,1,1,"1,2","0.6225,0.3775",0.5
campus,bui-campus_h1_r30_i14,30,0,0,1,1,3,"2,5","0.8176,0.1824",0.5
campus,bui-campus_h1_r30_i14,50,0,0,1,1,4,"2,6","0.8808,0.1192",0.5
campus,bui-campus_h1_r30_i14,70,0,0,1,1,6,"2,8","0.9526,0.0474",0.5
campus,bui-campus_h1_r30_i14,100,0,0,1,1,8,"3,11","0.9820,0.0180",0.5
campus,bui-campus_h1_r30_i14,10,1,1,1,1,2,"3,2","0.3775,0.6225",0.5
campus,bui-campus_h1_r30_i14,30,1,1,1,1,4,"5,2","0.1824,0.8176",0.5
campus,bui-campus_h1_r30_i14,50,1,1,1,1,6,"9,4","0.0759,0.9241",0.5
campus,bui-campus_h1_r30_i14,70,1,1,1,1,8,"11,4","0.0293,0.9707",0.5
campus,bui-campus_h1_r30_i14,100,1,1,1,1,11,"14,4","0.0067,0.9933",0.5
campus,bui-campus_h1_r30_i16,10,0,0,1,1,1,"0,1","0.6225,0.3775",0.5
campus,bui-campus_h1_r30_i16,30,0,0,1,1,3,"0,2","0.7311,0.2689",0.5
campus,bui-campus_h1_r30_i16,50,0,0,1,1,5,"1,6","0.9241,0.0759",0.5
campus,bui-campus_h1_r30_i16,70,0,0,1,1,7,"2,8","0.9526,0.0474",0.5
campus,bui-campus_h1_r30_i16,100,0,0,1,1,9,"3,10","0.9707,0.0293",0.5
campus,bui-campus_h1_r30_i16,10,1,1,1,1,2,"2,0","0.2689,0.7311",0.5
campus,bui-campus_h1_r30_i16,30,1,1,1,1,4,"4,1","0.1824,0.8176",0.5
campus,bui-campus_h1_r30_i16,50,1,1,1,1,6,"7,3","0.1192,0.8808",0.5
campus,bui-campus_h1_r30_i16,70,1,1,1,1,9,"11,4","0.0293,0.9707",0.5
campus,bui-campus_h1_r30_i16,100,1,1,1,1,12,"14,4","0.0067,0.9933",0.5
campus,bui-campus_h1_r30_i18,10,0,0,1,1,1,"0,1","0.6225,0.3775",0.5
campus,bui-campus_h1_r30_i18,30,0,0,1,1,3,"1,3","0.7311,0.2689",0.5
campus,bui-campus_h1_r30_i18,50,0,0,1,1,4,"1,5","0.8808,0.1192",0.5
campus,bui-campus_h1_r30_i18,70,0,0,1,1,6,"2,7","0.9241,0.0759",0.5
campus,bui-campus_h1_r30_i18,100,0,0,1,1,8,"3,9","0.9526,0.0474",0.5
campus,bui-campus_h1_r30_i18,10,1,1,1,1,2,"2,0","0.2689,0.7311",0.5
campus,bui-campus_h1_r30_i18,30,1,1,1,1,4,"3,1","0.2689,0.7311",0.5
campus,bui-campus_h1_r30_i18,50,1,1,1,1,6,"7,3","0.1192,0.8808",0.5
campus,bui-campus_h1_r30_i18,70,1,1,1,1,9,"11,4","0.0293,0.9707",0.5
campus,bui-campus_h1_r30_i18,100,1,1,1,1,12,"14,4","0.0067,0.9933",0.5
campus,bui-campus_h1_r30_i19,10,0,0,1,1,1,"0,1","0.6225,0.3775",0.5
campus,bui-campus_h1_r30_i19,30,0,0,1,1,3,"0,2","0.7311,0.2689",0.5
campus,bui-campus_h1_r30_i19,50,0,0,1,1,5,"1,6","0.9241,0.0759",0.5
campus,bui-campus_h1_r30_i19,70,0,0,1,1,7,"2,8","0.9526,0.0474",0.5
campus,bui-campus_h1_r30_i19,100,0,0,1,1,9,"3,10","0.9707,0.0293",0.5
campus,bui-campus_h1_r30_i19,10,1,1,1,1,2,"2,0","0.2689,0.7311",0.5
campus,bui-campus_h1_r30_i19,30,1,1,1,1,4,"3,0","0.1824,0.8176",0.5
campus,bui-campus_h1_r30_i19,50,1,1,1,1,6,"6,2","0.1192,0.8808",0.5
campus,bui-campus_h1_r30_i19,70,1,1,1,1,8,"8,2","0.0474,0.9526",0.5
campus,bui-campus_h1_r30_i19,100,1,1,1,1,11,"11,2","0.0110,0.9890",0.5
campus,bui-campus_h1_r30_i20,10,0,0,1,1,1,"0,1","0.6225,0.3775",0.5
campus,bui-campus_h1_r30_i20,30,0,0,1,1,3,"0,2","0.7311,0.2689",0.5
campus,bui-campus_h1_r30_i20,50,0,0,1,1,5,"1,6","0.9241,0.0759",0.5
campus,bui-campus_h1_r30_i20,70,0,0,1,1,7,"2,8","0.9526,0.0474",0.5
campus,bui-campus_h1_r30_i20,100,0,0,1,1,9,"3,10","0.9707,0.0293",0.5
campus,bui-campus_h1_r30_i20,10,1,1,1,1,2,"2,0","0.2689,0.7311",0.5
campus,bui-campus_h1_r30_i20,30,1,1,1,1,4,"4,1","0.1824,0.8176",0.5
campus,bui-campus_h1_r30_i20,50,1,1,1,1,6,"7,3","0.1192,0.8808",0.5
campus,bui-campus_h1_r30_i20,70,1,1,1,1,9,"11,4","0.0293,0.9707",0.5
campus,bui-campus_h1_r30_i20,100,1,1,1,1,12,"14,4","0.0067,0.9933",0.5
campus,bui-campus_h1_r50_i22,10,0,0,1,1,1,"0,1","0.6225,0.3775",0.5
campus,bui-campus_h1_r50_i22,30,0,0,1,1,3,"0,2","0.7311,0.2689",0.5
campus,bui-campus_h1_r50_i22,50,0,0,1,1,5,"1,6","0.9241,0.0759",0.5
campus,bui-campus_h1_r50_i22,70,0,0,1,1,7,"2,8","0.9526,0.0474",0.5
campus,bui-campus_h1_r50_i22,100,0,0,1,1,9,"3,10","0.9707,0.0293",0.5
campus,bui-campus_h1_r50_i22,10,1,1,1,1,2,"4,2","0.2689,0.7311",0.5
campus,bui-campus_h1_r50_i22,30,1,1,1,1,4,"5,2","0.1824,0.8176",0.5
campus,bui-campus_h1_r50_i22,50,1,1,1,1,6,"8,4","0.1192,0.8808",0.5
campus,bui-campus_h1_r50_i22,70,1,1,1,1,8,"10,4","0.0474,0.9526",0.5
campus,bui-campus_h1_r50_i22,100,1,1,1,1,11,"13,4","0.0110,0.9890",0.5
campus,bui-campus_h1_r50_i25,10,0,0,1,1,1,"0,1","0.6225,0.3775",0.5
campus,bui-campus_h1_r50_i25,30,0,0,1,1,3,"1,3","0.7311,0.2689",0.5
campus,bui-campus_h1_r50_i25,50,0,0,1,1,4,"1,5","0.8808,0.1192",0.5
campus,bui-campus_h1_r50_i25,70,0,0,1,1,6,"2,7","0.9241,0.0759",0.5
campus,bui-campus_h1_r50_i25,100,0,0,1,1,8,"3,9","0.9526,0.0474",0.5
campus,bui-campus_h1_r50_i25,10,1,1,1,1,2,"2,0","0.2689,0.7311",0.5
campus,bui-campus_h1_r50_i25,30,1,1,1,1,4,"3,1","0.2689,0.7311",0.5
campus,bui-campus_h1_r50_i25,50,1,1,1,1,6,"7,3","0.1192,0.8808",0.5
campus,bui-campus_h1_r50_i25,70,1,1,1,1,9,"11,4","0.0293,0.9707",0.5
campus,bui-campus_h1_r50_i25,100,1,1,1,1,12,"14,4","0.0067,0.9933",0.5
campus,bui-campus_h1_r50_i26,10,0,0,1,1,1,"0,1","0.6225,0.3775",0.5
campus,bui-campus_h1_r50_i26,30,0,0,1,1,3,"0,2","0.7311,0.2689",0.5
campus,bui-campus_h1_r50_i26,50,0,0,1,1,5,"1,6","0.9241,0.0759",0.5
campus,bui-campus_h1_r50_i26,70,0,0,1,1,7,"2,8","0.9526,0.0474",0.5
campus,bui-campus_h1_r50_i26,100,0,0,1,1,9,"3,10","0.9707,0.0293",0.5
campus,bui-campus_h1_r50_i26,10,1,1,1,1,2,"2,0","0.2689,0.7311",0.5
campus,bui-campus_h1_r50_i26,30,1,1,1,1,4,"4,1","0.1824,0.8176",0.5
campus,bui-campus_h1_r50_i26,50,1,1,1,1,6,"7,3","0.1192,0.8808",0.5
campus,bui-campus_h1_r50_i26,70,1,1,1,1,9,"11,4","0.0293,0.9707",0.5
campus,bui-campus_h1_r50_i26,100,1,1,1,1,12,"14,4","0.0067,0.9933",0.5
campus,bui-campus_h1_r50_i27,10,0,0,1,1,1,"0,1","0.6225,0.3775",0.5
campus,bui-campus_h1_r50_i27,30,0,0,1,1,3,"0,2","0.7311,0.2689",0.5
campus,bui-campus_h1_r50_i27,50,0,0,1,1,5,"1,6","0.9241,0.0759",0.5
campus,bui-campus_h1_r50_i27,70,0,0,1,1,7,"2,8","0.9526,0.0474",0.5
campus,bui-campus_h1_r50_i27,100,0,0,1,1,9,"3,10","0.9707,0.0293",0.5
campus,bui-campus_h1_r50_i27,10,1,1,1,1,2,"2,0","0.2689,0.7311",0.5
campus,bui-campus_h1_r50_i27,30,1,1,1,1,4,"4,1","0.1824,0.8176",0.5
campus,bui-campus_h1_r50_i27,50,1,1,1,1,6,"7,3","0.1192,0.8808",0.5
campus,bui-campus_h1_r50_i27,70,1,1,1,1,9,"11,4","0.0293,0.9707",0.5
campus,bui-campus_h1_r50_i27,100,1,1,1,1,12,"14,4","0.0067,0.9933",0.5
campus,bui-campus_h1_r50_i28,10,0,0,1,1,1,"0,1","0.6225,0.3775",0.5
campus,bui-campus_h1_r50_i28,30,0,0,1,1,3,"0,2","0.7311,0.2689",0.5
campus,bui-campus_h1_r50_i28,50,0,0,1,1,5,"1,6","0.9241,0.0759",0.5
campus,bui-campus_h1_r50_i28,70,0,0,1,1,7,"2,8","0.9526,0.0474",0.5
campus,bui-campus_h1_r50_i28,100,0,0,1,1,9,"3,10","0.9707,0.0293",0.5
campus,bui-campus_h1_r50_i28,10,1,1,1,1,2,"2,0","0.2689,0.7311",0.5
campus,bui-campus_h1_r50_i28,30,1,1,1,1,4,"3,0","0.1824,0.8176",0.5
campus,bui-campus_h1_r50_i28,50,1,1,1,1,6,"6,2","0.1192,0.8808",0.5
campus,bui-campus_h1_r50_i28,70,1,1,1,1,8,"8,2","0.0474,0.9526",0.5
campus,bui-campus_h1_r50_i28,100,1,1,1,1,11,"11,2","0.0110,0.9890",0.5
campus,bui-campus_h1_r50_i29,10,0,0,1,1,1,"0,1","0.6225,0.3775",0.5
campus,bui-campus_h1_r50_i29,30,0,0,1,1,3,"0,2","0.7311,0.2689",0.5
campus,bui-campus_h1_r50_i29,50,0,0,1,1,5,"1,6","0.9241,0.0759",0.5
campus,bui-campus_h1_r50_i29,70,0,0,1,1,7,"2,8","0.9526,0.0474",0.5
campus,bui-campus_h1_r50_i29,100,0,0,1,1,9,"3,10","0.9707,0.0293",0.5
campus,bui-campus_h1_r50_i29,10,1,1,1,1,2,"2,0","0.2689,0.7311",0.5
campus,bui-campus_h1_r50_i29,30,1,1,1,1,4,"4,1","0.1824,0.8176",0.5
campus,bui-campus_h1_r50_i29,50,1,1,1,1,6,"7,3","0.1192,0.8808",0.5
campus,bui-campus_h1_r50_i29,70,1,1,1,1,9,"11,4","0.0293,0.9707",0.5
campus,bui-campus_h1_r50_i29,100,1,1,1,1,12,"14,4","0.0067,0.9933",0.5
campus,bui-campus_h1_r50_i30,10,0,0,1,1,1,"0,1","0.6225,0.3775",0.5
campus,bui-campus_h1_r50_i30,30,0,0,1,1,3,"0,2","0.7311,0.2689",0.5
campus,bui-campus_h1_r50_i30,50,0,0,1,1,5,"1,6","0.9241,0.0759",0.5
campus,bui-campus_h1_r50_i30,70,0,0,1,1,7,"2,8","0.9526,0.0474",0.5
campus,bui-campus_h1_r50_i30,100,0,0,1,1,9,"3,10","0.9707,0.0293",0.5
campus,bui-campus_h1_r50_i30,10,1,1,1,1,2,"2,0","0.2689,0.7311",0.5
campus,bui-campus_h1_r50_i30,30,1,1,1,1,4,"4,1","0.1824,0.8176",0.5
campus,bui-campus_h1_r50_i30,50,1,1,1,1,6,"7,3","0.1192,0.8808",0.5
campus,bui-campus_h1_r50_i30,70,1,1,1,1,9,"11,4","0.0293,0.9707",0.5
campus,bui-campus_h1_r50_i30,100,1,1,1,1,12,"14,4","0.0067,0.9933",0.5
campus,bui-campus_h1_r70_i32,10,0,0,1,1,1,"0,1","0.6225,0.3775",0.5
campus,bui-campus_h1_r70_i32,30,0,0,1,1,3,"0,2","0.7311,0.2689",0.5
campus,bui-campus_h1_r70_i32,50,0,0,1,1,5,"1,6","0.9241,0.0759",0.5
campus,bui-campus_h1_r70_i32,70,0,0,1,1,7,"2,8","0.9526,0.0474",0.5
campus,bui-campus_h1_r70_i32,100,0,0,1,1,9,"3,10","0.9707,0.0293",0.5
campus,bui-campus_h1_r70_i32,10,1,1,1,1,2,"4,2","0.2689,0.7311",0.5
campus,bui-campus_h1_r70_i32,30,1,1,1,1,4,"5,2","0.1824,0.8176",0.5
campus,bui-campus_h1_r70_i32,50,1,1,1,1,6,"8,4","0.1192,0.8808",0.5
campus,bui-campus_h1_r70_i32,70,1,1,1,1,8,"10,4","0.0474,0.9526",0.5
campus,bui-campus_h1_r70_i32,100,1,1,1,1,11,"13,4","0.0110,0.9890",0.5
campus,bui-campus_h1_r70_i35,10,0,0,1,1,1,"0,1","0.6225,0.3775",0.5
campus,bui-campus_h1_r70_i35,30,0,0,1,1,3,"0,2","0.7311,0.2689",0.5
campus,bui-campus_h1_r70_i35,50,0,0,1,1,5,"1,6","0.9241,0.0759",0.5
campus,bui-campus_h1_r70_i35,70,0,0,1,1,7,"2,8","0.9526,0.0474",0.5
campus,bui-campus_h1_r70_i35,100,0,0,1,1,9,"3,10","0.9707,0.0293",0.5
campus,bui-campus_h1_r70_i35,10,1,1,1,1,2,"4,2","0.2689,0.7311",0.5
campus,bui-campus_h1_r70_i35,30,1,1,1,1,4,"5,2","0.1824,0.8176",0.5
campus,bui-campus_h1_r70_i35,50,1,1,1,1,6,"8,4","0.1192,0.8808",0.5
campus,bui-campus_h1_r70_i35,70,1,1,1,1,8,"10,4","0.0474,0.9526",0.5
campus,bui-campus_h1_r70_i35,100,1,1,1,1,11,"13,4","0.0110,0.9890",0.5
campus,bui-campus_h1_r70_i36,10,0,0,1,1,1,"0,1","0.6225,0.3775",0.5
campus,bui-campus_h1_r70_i36,30,0,0,1,1,3,"0,2","0.7311,0.2689",0.5
campus,bui-campus_h1_r70_i36,50,0,0,1,1,5,"1,6","0.9241,0.0759",0.5
campus,bui-campus_h1_r70_i36,70,0,0,1,1,7,"2,8","0.9526,0.0474",0.5
campus,bui-campus_h1_r70_i36,100,0,0,1,1,9,"3,10","0.9707,0.0293",0.5
campus,bui-campus_h1_r70_i36,10,1,1,1,1,2,"2,0","0.2689,0.7311",0.5
campus,bui-campus_h1_r70_i36,30,1,1,1,1,4,"4,1","0.1824,0.8176",0.5
campus,bui-campus_h1_r70_i36,50,1,1,1,1,6,"7,3","0.1192,0.8808",0.5
campus,bui-campus_h1_r70_i36,70,1,1,1,1,9,"11,4","0.0293,0.9707",0.5
campus,bui-campus_h1_r70_i36,100,1,1,1,1,12,"14,4","0.0067,0.9933",0.5
campus,bui-campus_h1_r70_i37,10,0,0,1,1,1,"0,1","0.6225,0.3775",0.5
campus,bui-campus_h1_r70_i37,30,0,0,1,1,3,"0,2","0.7311,0.2689",0.5
campus,bui-campus_h1_r70_i37,50,0,0,1,1,5,"1,6","0.9241,0.0759",0.5
campus,bui-campus_h1_r70_i37,70,0,0,1,1,7,"2,8","0.9526,0.0474",0.5
campus,bui-campus_h1_r70_i37,100,0,0,1,1,9,"3,10","0.9707,0.0293",0.5
campus,bui-campus_h1_r70_i37,10,1,1,1,1,2,"4,2","0.2689,0.7311",0.5
campus,bui-campus_h1_r70_i37,30,1,1,1,1,4,"5,2","0.1824,0.8176",0.5
campus,bui-campus_h1_r70_i37,50,1,1,1,1,6,"8,4","0.1192,0.8808",0.5
campus,bui-campus_h1_r70_i37,70,1,1,1,1,8,"10,4","0.0474,0.9526",0.5
campus,bui-campus_h1_r70_i37,100,1,1,1,1,11,"13,4","0.0110,0.9890",0.5
campus,bui-campus_h1_r70_i38,10,0,0,1,1,1,"0,1","0.6225,0.3775",0.5
campus,bui-campus_h1_r70_i38,30,0,0,1,1,3,"0,2","0.7311,0.2689",0.5
campus,bui-campus_h1_r70_i38,50,0,0,1,1,5,"1,6","0.9241,0.0759",0.5
campus,bui-campus_h1_r70_i38,70,0,0,1,1,7,"2,8","0.9526,0.0474",0.5
campus,bui-campus_h1_r70_i38,100,0,0,1,1,9,"3,10","0.9707,0.0293",0.5
campus,bui-campus_h1_r70_i38,10,1,1,1,1,2,"2,0","0.2689,0.7311",0.5
campus,bui-campus_h1_r70_i38,30,1,1,1,1,4,"3,0","0.1824,0.8176",0.5
campus,bui-campus_h1_r70_i38,50,1,1,1,1,6,"6,2","0.1192,0.8808",0.5
campus,bui-campus_h1_r70_i38,70,1,1,1,1,8,"8,2","0.0474,0.9526",0.5
campus,bui-campus_h1_r70_i38,100,1,1,1,1,11,"11,2","0.0110,0.9890",0.5
campus,bui-campus_h1_r70_i39,10,0,0,1,1,1,"0,1","0.6225,0.3775",0.5
campus,bui-campus_h1_r70_i39,30,0,0,1,1,3,"1,3","0.7311,0.2689",0.5
campus,bui-campus_h1_r70_i39,50,0,0,1,1,4,"1,5","0.8808,0.1192",0.5
campus,bui-campus_h1_r70_i39,70,0,0,1,1,6,"2,7","0.9241,0.0759",0.5
campus,bui-campus_h1_r70_i39,100,0,0,1,1,8,"3,9","0.9526,0.0474",0.5
campus,bui-campus_h1_r70_i39,10,1,1,1,1,2,"2,0","0.2689,0.7311",0.5
campus,bui-campus_h1_r70_i39,30,1,1,1,1,4,"3,1","0.2689,0.7311",0.5
campus,bui-campus_h1_r70_i39,50,1,1,1,1,6,"7,3","0.1192,0.8808",0.5
campus,bui-campus_h1_r70_i39,70,1,1,1,1,9,"11,4","0.0293,0.9707",0.5
campus,bui-campus_h1_r70_i39,100,1,1,1,1,12,"14,4","0.0067,0.9933",0.5
campus,bui-campus_h1_rfull_i41,10,0,0,1,1,1,"0,1","0.6225,0.3775",0.5
campus,bui-campus_h1_rfull_i41,30,0,0,1,1,3,"0,3","0.8176,0.1824",0.5
campus,bui-campus_h1_rfull_i41,50,0,0,1,1,4,"0,4","0.8808,0.1192",0.5
campus,bui-campus_h1_rfull_i41,70,0,0,1,1,6,"0,6","0.9526,0.0474",0.5
campus,bui-campus_h1_rfull_i41,100,0,0,1,1,8,"1,9","0.9820,0.0180",0.5
campus,bui-campus_h1_rfull_i41,10,1,1,1,1,2,"2,0","0.2689,0.7311",0.5
campus,bui-campus_h1_rfull_i41,30,1,1,1,1,4,"4,0","0.1192,0.8808",0.5
campus,bui-campus_h1_rfull_i41,50,1,1,1,1,6,"8,2","0.0474,0.9526",0.5
campus,bui-campus_h1_rfull_i41,70,1,1,1,1,8,"10,2","0.0180,0.9820",0.5
campus,bui-campus_h1_rfull_i41,100,1,1,1,1,11,"12,2","0.0067,0.9933",0.5
campus,bui-campus_h1_rfull_i45,10,0,0,1,1,1,"0,1","0.6225,0.3775",0.5
campus,bui-campus_h1_rfull_i45,30,0,0,1,1,3,"0,2","0.7311,0.2689",0.5
campus,bui-campus_h1_rfull_i45,50,0,0,1,1,5,"1,6","0.9241,0.0759",0.5
campus,bui-campus_h1_rfull_i45,70,0,0,1,1,7,"2,8","0.9526,0.0474",0.5
campus,bui-campus_h1_rfull_i45,100,0,0,1,1,9,"3,10","0.9707,0.0293",0.5
campus,bui-campus_h1_rfull_i45,10,1,1,1,1,2,"2,0","0.2689,0.7311",0.5
campus,bui-campus_h1_rfull_i45,30,1,1,1,1,4,"4,1","0.1824,0.8176",0.5
campus,bui-campus_h1_rfull_i45,50,1,1,1,1,6,"7,3","0.1192,0.8808",0.5
campus,bui-campus_h1_rfull_i45,70,1,1,1,1,9,"11,4","0.0293,0.9707",0.5
campus,bui-campus_h1_rfull_i45,100,1,1,1,1,12,"14,4","0.0067,0.9933",0.5
grid,p01,10,0,0,1,1,1,"0,1","0.6225,0.3775",0.5
grid,p01,30,0,0,1,1,3,"0,4","0.8808,0.1192",0.5
grid,p01,50,0,0,1,1,5,"0,7","0.9707,0.0293",0.5
grid,p01,70,0,0,1,1,7,"0,7","0.9707,0.0293",0.5
grid,p01,100,0,0,1,1,9,"0,10","0.9933,0.0067",0.5
grid,p01,10,1,1,1,1,1,"1,0","0.3775,0.6225",0.5
grid,p01,30,1,1,1,1,3,"4,0","0.1192,0.8808",0.5
grid,p01,50,1,1,1,1,5,"7,0","0.0293,0.9707",0.5
grid,p01,70,1,1,1,1,7,"7,0","0.0293,0.9707",0.5
grid,p01,100,1,1,1,1,9,"10,0","0.0067,0.9933",0.5
grid,p02,10,0,0,3,1,3,"0,0,0","0.3333,0.3333,0.3333",0.5
grid,p02,30,0,0,3,1,9,"0,0,0","0.3333,0.3333,0.3333",0.5
grid,p02,50,0,0,2,1,15,"0,0,3","0.4498,0.4498,0.1004",0.5
grid,p02,70,0,0,2,1,21,"0,0,14","0.4998,0.4998,0.0005",0.5
grid,p02,100,0,0,1,1,30,"0,14,22","0.9991,0.0009,0.0000",0.5
grid,p02,10,1,0,3,0,3,"0,0,0","0.3333,0.3333,0.3333",0.5
grid,p02,30,1,0,3,0,7,"0,0,0","0.3333,0.3333,0.3333",0.5
grid,p02,50,1,0,3,0,11,"0,0,0","0.3333,0.3333,0.3333",0.5
grid,p02,70,1,0,2,0,16,"0,0,5","0.4803,0.4803,0.0394",0.5
grid,p02,100,1,0,2,0,22,"0,0,16","0.4999,0.4999,0.0002",0.5
grid,p02,10,2,0,3,0,2,"0,0,0","0.3333,0.3333,0.3333",0.5
grid,p02,30,2,0,3,0,4,"0,0,0","0.3333,0.3333,0.3333",0.5
grid,p02,50,2,0,3,0,7,"0,0,0","0.3333,0.3333,0.3333",0.5
grid,p02,70,2,0,3,0,10,"0,0,0","0.3333,0.3333,0.3333",0.5
grid,p02,100,2,0,3,0,13,"0,0,0","0.3333,0.3333,0.3333",0.5
grid,p03,10,0,0,1,1,1,"0,1","0.6225,0.3775",0.5
grid,p03,30,0,0,1,1,2,"0,2","0.7311,0.2689",0.5
grid,p03,50,0,0,1,1,2,"0,2","0.7311,0.2689",0.5
grid,p03,70,0,0,1,1,3,"0,4","0.8808,0.1192",0.5
grid,p03,100,0,0,1,1,4,"0,6","0.9526,0.0474",0.5
grid,p03,10,1,1,1,1,1,"1,0","0.3775,0.6225",0.5
grid,p03,30,1,1,1,1,2,"2,0","0.2689,0.7311",0.5
grid,p03,50,1,1,1,1,2,"2,0","0.2689,0.7311",0.5
grid,p03,70,1,1,1,1,3,"4,0","0.1192,0.8808",0.5
grid,p03,100,1,1,1,1,4,"6,0","0.0474,0.9526",0.5
grid,p04,10,0,0,1,1,1,"0,1,1","0.4519,0.2741,0.2741",0.5
grid,p04,30,0,0,1,1,1,"0,1,1","0.4519,0.2741,0.2741",0.5
grid,p04,50,0,0,1,1,2,"0,2,2","0.5761,0.2119,0.2119",0.5
grid,p04,70,0,0,1,1,3,"0,4,4","0.7870,0.1065,0.1065",0.5
grid,p04,100,0,0,1,1,3,"0,4,4","0.7870,0.1065,0.1065",0.5
grid,p04,10,1,1,2,1,1,"1,0,0","0.2327,0.3837,0.3837",0.5
grid,p04,30,1,1,2,1,1,"1,0,0","0.2327,0.3837,0.3837",0.5
grid,p04,50,1,1,2,1,2,"2,0,0","0.1554,0.4223,0.4223",0.5
grid,p04,70,1,1,2,1,3,"4,0,0","0.0634,0.4683,0.4683",0.5
grid,p04,100,1,1,2,1,3,"4,0,0","0.0634,0.4683,0.4683",0.5
grid,p04,10,2,1,2,0,1,"1,0,0","0.2327,0.3837,0.3837",0.5
grid,p04,30,2,1,2,0,2,"2,0,0","0.1554,0.4223,0.4223",0.5
grid,p04,50,2,1,2,0,2,"2,0,0","0.1554,0.4223,0.4223",0.5
grid,p04,70,2,1,2,0,3,"4,0,0","0.0634,0.4683,0.4683",0.5
grid,p04,100,2,2,1,1,4,"6,2,0","0.0351,0.2595,0.7054",0.5
grid,p05,10,0,0,1,1,1,"0,1,1","0.4519,0.2741,0.2741",0.5
grid,p05,30,0,0,1,1,3,"0,4,4","0.7870,0.1065,0.1065",0.5
grid,p05,50,0,0,1,1,5,"0,7,7","0.9430,0.0285,0.0285",0.5
grid,p05,70,0,0,1,1,7,"0,7,7","0.9430,0.0285,0.0285",0.5
grid,p05,100,0,0,1,1,9,"0,10,10","0.9867,0.0066,0.0066",0.5
grid,p05,10,1,1,2,1,1,"1,0,0","0.2327,0.3837,0.3837",0.5
grid,p05,30,1,1,2,1,3,"4,0,0","0.0634,0.4683,0.4683",0.5
grid,p05,50,1,1,1,1,5,"7,0,1","0.0184,0.6110,0.3706",0.5
grid,p05,70,1,1,1,1,7,"7,0,5","0.0271,0.8991,0.0738",0.5
grid,p05,100,1,1,1,1,9,"10,0,8","0.0066,0.9756,0.0179",0.5
grid,p05,10,2,1,2,0,1,"1,0,0","0.2327,0.3837,0.3837",0.5
grid,p05,30,2,1,2,0,2,"2,0,0","0.1554,0.4223,0.4223",0.5
grid,p05,50,2,1,2,0,2,"2,0,0","0.1554,0.4223,0.4223",0.5
grid,p05,70,2,1,2,0,3,"4,0,0","0.0634,0.4683,0.4683",0.5
grid,p05,100,2,1,2,0,4,"6,0,0","0.0243,0.4879,0.4879",0.5
grid,p06,10,0,0,3,1,0,"inf,inf,inf","0.3333,0.3333,0.3333",0.5
grid,p06,30,0,0,3,1,0,"inf,inf,inf","0.3333,0.3333,0.3333",0.5
grid,p06,50,0,0,3,1,0,"inf,inf,inf","0.3333,0.3333,0.3333",0.5
grid,p06,70,0,0,3,1,0,"inf,inf,inf","0.3333,0.3333,0.3333",0.5
grid,p06,100,0,0,3,1,0,"inf,inf,inf","0.3333,0.3333,0.3333",0.5
grid,p06,10,1,1,2,1,1,"2,0,0","0.1554,0.4223,0.4223",0.5
grid,p06,30,1,1,2,1,2,"3,0,0","0.1004,0.4498,0.4498",0.5
grid,p06,50,1,1,2,1,3,"5,0,0","0.0394,0.4803,0.4803",0.5
grid,p06,70,1,1,2,1,5,"8,0,0","0.0091,0.4955,0.4955",0.5
grid,p06,100,1,1,1,1,6,"10,0,2","0.0049,0.7275,0.2676",0.5
grid,p06,10,2,1,2,0,1,"2,0,0","0.1554,0.4223,0.4223",0.5
grid,p06,30,2,1,2,0,2,"3,0,0","0.1004,0.4498,0.4498",0.5
grid,p06,50,2,1,2,0,3,"5,0,0","0.0394,0.4803,0.4803",0.5
grid,p06,70,2,1,2,0,4,"6,0,0","0.0243,0.4879,0.4879",0.5
grid,p06,100,2,1,2,0,5,"8,0,0","0.0091,0.4955,0.4955",0.5
grid,p07,10,0,0,2,1,1,"0,0","0.5000,0.5000",0.5
grid,p07,30,0,0,2,1,1,"0,0","0.5000,0.5000",0.5
grid,p07,50,0,0,2,1,1,"0,0","0.5000,0.5000",0.5
grid,p07,70,0,0,2,1,1,"0,0","0.5000,0.5000",0.5
grid,p07,100,0,0,2,1,1,"0,0","0.5000,0.5000",0.5
grid,p07,10,1,0,2,0,1,"0,0","0.5000,0.5000",0.5
grid,p07,30,1,0,2,0,1,"0,0","0.5000,0.5000",0.5
grid,p07,50,1,1,1,1,2,"2,0","0.2689,0.7311",0.5
grid,p07,70,1,1,1,1,3,"4,0","0.1192,0.8808",0.5
grid,p07,100,1,1,1,1,3,"4,0","0.1192,0.8808",0.5
grid,p08,10,0,0,3,1,1,"0,0,0","0.3333,0.3333,0.3333",0.5
grid,p08,30,0,0,3,1,1,"0,0,0","0.3333,0.3333,0.3333",0.5
grid,p08,50,0,0,3,1,1,"0,0,0","0.3333,0.3333,0.3333",0.5
grid,p08,70,0,0,3,1,2,"0,0,0","0.3333,0.3333,0.3333",0.5
grid,p08,100,0,0,3,1,2,"0,0,0","0.3333,0.3333,0.3333",0.5
grid,p08,10,1,1,2,1,2,"1,0,0","0.2327,0.3837,0.3837",0.5
grid,p08,30,1,1,2,1,4,"2,0,0","0.1554,0.4223,0.4223",0.5
grid,p08,50,1,1,2,1,6,"6,0,0","0.0243,0.4879,0.4879",0.5
grid,p08,70,1,1,1,1,9,"7,0,5","0.0271,0.8991,0.0738",0.5
grid,p08,100,1,1,1,1,12,"12,0,10","0.0025,0.9909,0.0067",0.5
grid,p08,10,2,0,3,0,1,"0,0,0","0.3333,0.3333,0.3333",0.5
grid,p08,30,2,1,2,0,3,"1,0,0","0.2327,0.3837,0.3837",0.5
grid,p08,50,2,1,2,0,4,"2,0,0","0.1554,0.4223,0.4223",0.5
grid,p08,70,2,1,2,0,5,"4,0,0","0.0634,0.4683,0.4683",0.5
grid,p08,100,2,2,1,1,7,"8,2,0","0.0132,0.2654,0.7214",0.5
intrusion-detection,p10,10,0,0,2,1,2,"0,1,1,1,2,0,1,2,2,1","0.1630,0.0988,0.0988,0.0988,0.0600,0.1630,0.0988,0.0600,0.0600,0.0988",0.5
intrusion-detection,p10,30,0,0,1,1,6,"0,4,4,4,4,4,3,4,4,5","0.4439,0.0601,0.0601,0.0601,0.0601,0.0601,0.0991,0.0601,0.0601,0.0364",0.5
intrusion-detection,p10,50,0,0,1,1,10,"0,7,7,8,7,7,7,7,7,7","0.7937,0.0240,0.0240,0.0145,0.0240,0.0240,0.0240,0.0240,0.0240,0.0240",0.5
intrusion-detection,p10,70,0,0,1,1,14,"0,11,11,12,11,11,11,11,11,11","0.9660,0.0039,0.0039,0.0024,0.0039,0.0039,0.0039,0.0039,0.0039,0.0039",0.5
intrusion-detection,p10,100,0,0,1,1,20,"0,17,17,18,17,17,17,17,17,17","0.9983,0.0002,0.0002,0.0001,0.0002,0.0002,0.0002,0.0002,0.0002,0.0002",0.5
intrusion-detection,p10,10,1,1,3,1,2,"1,0,0,2,2,2,2,2,2,0","0.1043,0.1720,0.1720,0.0633,0.0633,0.0633,0.0633,0.0633,0.0633,0.1720",0.5
intrusion-detection,p10,30,1,1,2,1,6,"5,0,3,6,6,6,6,6,6,0","0.0315,0.3840,0.0857,0.0191,0.0191,0.0191,0.0191,0.0191,0.0191,0.3840",0.5
intrusion-detection,p10,50,1,1,1,1,9,"7,0,6,9,6,9,9,6,9,3","0.0209,0.6910,0.0344,0.0077,0.0344,0.0077,0.0077,0.0344,0.0077,0.1542",0.5
intrusion-detection,p10,70,1,1,1,1,13,"10,0,9,12,7,12,13,7,13,7","0.0060,0.8957,0.0100,0.0022,0.0270,0.0022,0.0013,0.0270,0.0013,0.0270",0.5
intrusion-detection,p10,100,1,1,1,1,18,"15,0,12,12,12,15,18,12,18,12","0.0005,0.9864,0.0024,0.0024,0.0024,0.0005,0.0001,0.0024,0.0001,0.0024",0.5
intrusion-detection,p10,10,2,2,2,1,2,"1,2,0,0,2,2,2,2,2,2","0.1171,0.0710,0.1930,0.1930,0.0710,0.0710,0.0710,0.0710,0.0710,0.0710",0.5
intrusion-detection,p10,30,2,2,1,1,5,"4,5,0,2,5,5,5,5,5,5","0.0651,0.0395,0.4813,0.1771,0.0395,0.0395,0.0395,0.0395,0.0395,0.0395",0.5
intrusion-detection,p10,50,2,2,1,1,8,"6,6,0,2,8,5,8,8,8,8","0.0303,0.0303,0.6093,0.2242,0.0112,0.0500,0.0112,0.0112,0.0112,0.0112",0.5
intrusion-detection,p10,70,2,2,1,1,11,"8,7,0,3,11,6,11,11,11,10","0.0136,0.0225,0.7438,0.1660,0.0030,0.0370,0.0030,0.0030,0.0030,0.0050",0.5
intrusion-detection,p10,100,2,2,1,1,15,"12,9,0,7,15,10,15,15,15,12","0.0023,0.0105,0.9477,0.0286,0.0005,0.0064,0.0005,0.0005,0.0005,0.0023",0.5
intrusion-detection,p10,10,3,1,4,0,2,"1,0,0,0,2,0,2,2,2,2","0.0941,0.1551,0.1551,0.1551,0.0571,0.1551,0.0571,0.0571,0.0571,0.0571",0.5
intrusion-detection,p10,30,3,2,3,0,5,"4,2,0,0,5,0,5,5,5,5","0.0346,0.0940,0.2555,0.2555,0.0210,0.2555,0.0210,0.0210,0.0210,0.0210",0.5
intrusion-detection,p10,50,3,2,2,0,7,"5,4,0,0,7,2,7,7,7,7","0.0300,0.0495,0.3655,0.3655,0.0110,0.1344,0.0110,0.0110,0.0110,0.0110",0.5
intrusion-detection,p10,70,3,3,1,1,10,"8,7,2,0,10,5,10,10,10,10","0.0120,0.0197,0.2401,0.6527,0.0044,0.0536,0.0044,0.0044,0.0044,0.0044",0.5
intrusion-detection,p10,100,3,3,1,1,14,"12,8,6,0,14,9,14,14,14,14","0.0023,0.0169,0.0458,0.9206,0.0008,0.0102,0.0008,0.0008,0.0008,0.0008",0.5
intrusion-detection,p10,10,4,4,4,1,2,"1,2,2,2,0,2,0,0,0,2","0.0941,0.0571,0.0571,0.0571,0.1551,0.0571,0.1551,0.1551,0.1551,0.0571",0.5
intrusion-detection,p10,30,4,4,2,1,6,"4,5,6,6,0,6,1,0,3,6","0.0417,0.0253,0.0153,0.0153,0.3080,0.0153,0.1868,0.3080,0.0687,0.0153",0.5
intrusion-detection,p10,50,4,4,2,1,9,"7,5,9,9,0,9,4,0,6,9","0.0129,0.0351,0.0047,0.0047,0.4270,0.0047,0.0578,0.4270,0.0213,0.0047",0.5
intrusion-detection,p10,70,4,4,1,1,12,"9,6,12,12,0,12,7,1,8,12","0.0064,0.0288,0.0014,0.0014,0.5794,0.0014,0.0175,0.3514,0.0106,0.0014",0.5
intrusion-detection,p10,100,4,4,1,1,17,"14,11,17,17,0,17,12,6,11,17","0.0009,0.0038,0.0002,0.0002,0.9415,0.0002,0.0023,0.0469,0.0038,0.0002",0.5
intrusion-detection,p10,10,5,1,4,0,2,"1,0,0,0,2,0,2,2,2,2","0.0941,0.1551,0.1551,0.1551,0.0571,0.1551,0.0571,0.0571,0.0571,0.0571",0.5
intrusion-detection,p10,30,5,5,1,1,6,"4,3,1,1,6,0,6,6,6,5","0.0474,0.0782,0.2126,0.2126,0.0175,0.3505,0.0175,0.0175,0.0175,0.0288",0.5
intrusion-detection,p10,50,5,5,1,1,9,"7,6,4,4,9,0,9,9,9,5","0.0204,0.0337,0.0916,0.0916,0.0075,0.6770,0.0075,0.0075,0.0075,0.0556",0.5
intrusion-detection,p10,70,5,5,1,1,12,"9,9,7,7,12,0,11,12,12,5","0.0094,0.0094,0.0257,0.0257,0.0021,0.8502,0.0035,0.0021,0.0021,0.0698",0.5
intrusion-detection,p10,100,5,5,1,1,17,"14,14,12,12,17,0,14,17,17,8","0.0009,0.0009,0.0024,0.0024,0.0002,0.9741,0.0009,0.0002,0.0002,0.0178",0.5
intrusion-detection,p10,10,6,4,4,0,2,"1,2,2,2,0,2,0,0,0,2","0.0941,0.0571,0.0571,0.0571,0.1551,0.0571,0.1551,0.1551,0.1551,0.0571",0.5
intrusion-detection,p10,30,6,4,3,0,5,"4,5,5,5,0,5,0,0,2,5","0.0346,0.0210,0.0210,0.0210,0.2555,0.0210,0.2555,0.2555,0.0940,0.0210",0.5
intrusion-detection,p10,50,6,6,1,1,8,"6,8,8,8,3,6,0,3,5,5","0.0282,0.0104,0.0104,0.0104,0.1264,0.0282,0.5666,0.1264,0.0465,0.0465",0.5
intrusion-detection,p10,70,6,6,1,1,11,"8,11,11,11,6,8,0,6,7,6","0.0149,0.0033,0.0033,0.0033,0.0405,0.0149,0.8140,0.0405,0.0246,0.0405",0.5
intrusion-detection,p10,100,6,6,1,1,15,"12,15,15,15,10,12,0,10,7,10","0.0023,0.0005,0.0005,0.0005,0.0064,0.0023,0.9460,0.0064,0.0286,0.0064",0.5
intrusion-detection,p10,10,7,4,4,0,2,"1,2,2,2,0,2,0,0,0,2","0.0941,0.0571,0.0571,0.0571,0.1551,0.0571,0.1551,0.1551,0.1551,0.0571",0.5
intrusion-detection,p10,30,7,4,2,0,6,"4,5,6,6,0,6,1,0,3,6","0.0417,0.0253,0.0153,0.0153,0.3080,0.0153,0.1868,0.3080,0.0687,0.0153",0.5
intrusion-detection,p10,50,7,4,2,0,9,"7,5,9,9,0,9,4,0,6,9","0.0129,0.0351,0.0047,0.0047,0.4270,0.0047,0.0578,0.4270,0.0213,0.0047",0.5
intrusion-detection,p10,70,7,7,1,1,12,"9,6,12,12,1,12,7,0,9,12","0.0065,0.0290,0.0014,0.0014,0.3529,0.0014,0.0176,0.5819,0.0065,0.0014",0.5
intrusion-detection,p10,100,7,7,1,1,17,"14,11,17,17,6,17,12,0,14,17","0.0009,0.0039,0.0002,0.0002,0.0470,0.0002,0.0023,0.9443,0.0009,0.0002",0.5
intrusion-detection,p10,10,8,6,2,0,2,"1,2,2,2,2,2,0,2,0,2","0.1171,0.0710,0.0710,0.0710,0.0710,0.0710,0.1930,0.0710,0.1930,0.0710",0.5
intrusion-detection,p10,30,8,6,2,0,5,"4,5,5,5,5,5,0,5,0,5","0.0499,0.0303,0.0303,0.0303,0.0303,0.0303,0.3690,0.0303,0.3690,0.0303",0.5
intrusion-detection,p10,50,8,8,1,1,8,"6,8,8,8,6,8,3,8,0,8","0.0348,0.0128,0.0128,0.0128,0.0348,0.0128,0.1558,0.0128,0.6980,0.0128",0.5
intrusion-detection,p10,70,8,8,1,1,12,"9,12,12,12,7,12,5,10,0,12","0.0097,0.0022,0.0022,0.0022,0.0264,0.0022,0.0718,0.0059,0.8753,0.0022",0.5
intrusion-detection,p10,100,8,8,1,1,16,"13,16,16,16,10,16,8,13,0,16","0.0015,0.0003,0.0003,0.0003,0.0065,0.0003,0.0178,0.0015,0.9711,0.0003",0.5
intrusion-detection,p10,10,9,5,3,0,2,"1,2,2,2,2,0,0,2,2,0","0.1043,0.0633,0.0633,0.0633,0.0633,0.1720,0.1720,0.0633,0.0633,0.1720",0.5
intrusion-detection,p10,30,9,9,1,1,6,"4,5,5,6,6,3,1,6,6,0","0.0581,0.0353,0.0353,0.0214,0.0214,0.0958,0.2605,0.0214,0.0214,0.4295",0.5
intrusion-detection,p10,50,9,9,1,1,9,"7,5,6,9,9,6,4,9,9,0","0.0217,0.0590,0.0358,0.0080,0.0080,0.0358,0.0972,0.0080,0.0080,0.7186",0.5
intrusion-detection,p10,70,9,9,1,1,12,"9,6,9,12,12,8,7,12,12,0","0.0098,0.0440,0.0098,0.0022,0.0022,0.0162,0.0267,0.0022,0.0022,0.8846",0.5
intrusion-detection,p10,100,9,9,1,1,17,"14,11,14,17,17,8,12,17,17,0","0.0009,0.0040,0.0009,0.0002,0.0002,0.0178,0.0024,0.0002,0.0002,0.9732",0.5
intrusion-detection,p20,10,0,0,3,1,2,"0,1,2,2,1,2,2,0,2,2,0,2,1,2,1,1,2,2,1,1","0.0915,0.0555,0.0337,0.0337,0.0555,0.0337,0.0337,0.0915,0.0337,0.0337,0.0915,0.0337,0.0555,0.0337,0.0555,0.0555,0.0337,0.0337,0.0555,0.0555",0.5
intrusion-detection,p20,30,0,0,1,1,6,"0,4,4,5,5,4,5,4,6,3,4,5,3,6,3,4,5,4,4,4","0.2943,0.0398,0.0398,0.0242,0.0242,0.0398,0.0242,0.0398,0.0147,0.0657,0.0398,0.0242,0.0657,0.0147,0.0657,0.0398,0.0242,0.0398,0.0398,0.0398",0.5
intrusion-detection,p20,50,0,0,1,1,10,"0,7,7,8,7,7,7,7,7,7,7,7,7,8,7,7,7,7,7,7","0.6452,0.0195,0.0195,0.0118,0.0195,0.0195,0.0195,0.0195,0.0195,0.0195,0.0195,0.0195,0.0195,0.0118,0.0195,0.0195,0.0195,0.0195,0.0195,0.0195",0.5
intrusion-detection,p20,70,0,0,1,1,14,"0,11,11,12,11,11,11,11,11,11,11,11,11,12,11,11,11,11,11,11","0.9307,0.0038,0.0038,0.0023,0.0038,0.0038,0.0038,0.0038,0.0038,0.0038,0.0038,0.0038,0.0038,0.0023,0.0038,0.0038,0.0038,0.0038,0.0038,0.0038",0.5
intrusion-detection,p20,100,0,0,1,1,20,"0,17,17,18,17,17,17,17,17,17,17,17,17,18,17,17,17,17,17,17","0.9963,0.0002,0.0002,0.0001,0.0002,0.0002,0.0002,0.0002,0.0002,0.0002,0.0002,0.0002,0.0002,0.0001,0.0002,0.0002,0.0002,0.0002,0.0002,0.0002",0.5
intrusion-detection,p20,10,1,1,4,1,2,"1,0,0,2,2,2,2,2,2,0,2,0,2,2,2,2,2,2,2,2","0.0599,0.0988,0.0988,0.0363,0.0363,0.0363,0.0363,0.0363,0.0363,0.0988,0.0363,0.0988,0.0363,0.0363,0.0363,0.0363,0.0363,0.0363,0.0363,0.0363",0.5
intrusion-detection,p20,30,1,1,2,1,6,"5,0,3,6,6,6,6,6,6,0,6,3,6,6,6,6,6,6,6,6","0.0251,0.3053,0.0681,0.0152,0.0152,0.0152,0.0152,0.0152,0.0152,0.3053,0.0152,0.0681,0.0152,0.0152,0.0152,0.0152,0.0152,0.0152,0.0152,0.0152",0.5
intrusion-detection,p20,50,1,1,1,1,9,"7,0,6,9,6,9,9,6,9,3,6,6,9,9,6,6,9,9,6,6","0.0169,0.5586,0.0278,0.0062,0.0278,0.0062,0.0062,0.0278,0.0062,0.1246,0.0278,0.0278,0.0062,0.0062,0.0278,0.0278,0.0062,0.0062,0.0278,0.0278",0.5
intrusion-detection,p20,70,1,1,1,1,13,"10,0,9,12,7,12,13,7,13,7,6,10,13,13,10,7,13,13,9,9","0.0054,0.8077,0.0090,0.0020,0.0244,0.0020,0.0012,0.0244,0.0012,0.0244,0.0402,0.0054,0.0012,0.0012,0.0054,0.0244,0.0012,0.0012,0.0090,0.0090",0.5
intrusion-detection,p20,100,1,1,1,1,18,"15,0,12,12,12,15,18,12,18,12,6,15,18,18,15,12,18,18,9,12","0.0005,0.9249,0.0023,0.0023,0.0023,0.0005,0.0001,0.0023,0.0001,0.0023,0.0460,0.0005,0.0001,0.0001,0.0005,0.0023,0.0001,0.0001,0.0103,0.0023",0.5
intrusion-detection,p20,10,2,2,4,1,2,"1,2,0,0,2,2,2,2,2,2,2,2,0,2,2,2,2,0,2,2","0.0599,0.0363,0.0988,0.0988,0.0363,0.0363,0.0363,0.0363,0.0363,0.0363,0.0363,0.0363,0.0988,0.0363,0.0363,0.0363,0.0363,0.0988,0.0363,0.0363",0.5
intrusion-detection,p20,30,2,2,2,1,5,"4,5,0,2,5,5,5,5,5,5,5,5,0,5,5,5,5,2,5,5","0.0330,0.0200,0.2438,0.0897,0.0200,0.0200,0.0200,0.0200,0.0200,0.0200,0.0200,0.0200,0.2438,0.0200,0.0200,0.0200,0.0200,0.0897,0.0200,0.0200",0.5
intrusion-detection,p20,50,2,2,1,1,8,"6,6,0,2,8,5,8,8,8,8,6,8,3,8,8,8,8,5,6,5","0.0224,0.0224,0.4505,0.1657,0.0083,0.0370,0.0083,0.0083,0.0083,0.0083,0.0224,0.0083,0.1005,0.0083,0.0083,0.0083,0.0083,0.0370,0.0224,0.0370",0.5
intrusion-detection,p20,70,2,2,1,1,11,"8,7,0,3,11,6,11,11,11,10,8,10,6,11,11,11,11,8,8,6","0.0120,0.0198,0.6570,0.1466,0.0027,0.0327,0.0027,0.0027,0.0027,0.0044,0.0120,0.0044,0.0327,0.0027,0.0027,0.0027,0.0027,0.0120,0.0120,0.0327",0.5
intrusion-detection,p20,100,2,2,1,1,15,"12,9,0,7,15,10,15,15,15,12,12,10,10,15,15,15,15,12,12,10","0.0023,0.0102,0.9216,0.0278,0.0005,0.0062,0.0005,0.0005,0.0005,0.0023,0.0023,0.0062,0.0062,0.0005,0.0005,0.0005,0.0005,0.0023,0.0023,0.0062",0.5
intrusion-detection,p20,10,3,1,7,0,2,"1,0,0,0,2,0,2,2,2,2,0,2,2,2,2,2,2,2,0,0","0.0505,0.0832,0.0832,0.0832,0.0306,0.0832,0.0306,0.0306,0.0306,0.0306,0.0832,0.0306,0.0306,0.0306,0.0306,0.0306,0.0306,0.0306,0.0832,0.0832",0.5
intrusion-detection,p20,30,3,2,4,0,5,"4,2,0,0,5,0,5,5,5,5,2,5,5,5,5,5,5,5,2,0","0.0217,0.0591,0.1607,0.1607,0.0132,0.1607,0.0132,0.0132,0.0132,0.0132,0.0591,0.0132,0.0132,0.0132,0.0132,0.0132,0.0132,0.0132,0.0591,0.1607",0.5
intrusion-detection,p20,50,3,2,2,0,7,"5,4,0,0,7,2,7,7,7,7,4,7,5,7,7,7,7,5,4,2","0.0222,0.0367,0.2710,0.2710,0.0082,0.0997,0.0082,0.0082,0.0082,0.0082,0.0367,0.0082,0.0222,0.0082,0.0082,0.0082,0.0082,0.0222,0.0367,0.0997",0.5
intrusion-detection,p20,70,3,3,1,1,10,"8,7,2,0,10,5,10,10,10,10,7,10,7,10,10,10,10,5,7,5","0.0101,0.0166,0.2021,0.5493,0.0037,0.0451,0.0037,0.0037,0.0037,0.0037,0.0166,0.0037,0.0166,0.0037,0.0037,0.0037,0.0037,0.0451,0.0166,0.0451",0.5
intrusion-detection,p20,100,3,3,1,1,14,"12,8,6,0,14,9,14,14,14,14,8,14,11,14,14,14,14,8,8,9","0.0021,0.0158,0.0429,0.8614,0.0008,0.0096,0.0008,0.0008,0.0008,0.0008,0.0158,0.0008,0.0035,0.0008,0.0008,0.0008,0.0008,0.0158,0.0158,0.0096",0.5
intrusion-detection,p20,10,4,4,7,1,2,"1,2,2,2,0,2,0,0,0,2,2,0,2,0,2,2,0,2,2,2","0.0505,0.0306,0.0306,0.0306,0.0832,0.0306,0.0832,0.0832,0.0832,0.0306,0.0306,0.0832,0.0306,0.0832,0.0306,0.0306,0.0832,0.0306,0.0306,0.0306",0.5
intrusion-detection,p20,30,4,4,2,1,6,"4,5,6,6,0,6,1,0,3,6,5,1,6,3,5,5,3,6,5,5","0.0281,0.0171,0.0104,0.0104,0.2079,0.0104,0.1261,0.2079,0.0464,0.0104,0.0171,0.1261,0.0104,0.0464,0.0171,0.0171,0.0464,0.0104,0.0171,0.0171",0.5
intrusion-detection,p20,50,4,4,2,1,9,"7,5,9,9,0,9,4,0,6,9,5,4,9,6,6,5,6,9,6,6","0.0104,0.0282,0.0038,0.0038,0.3433,0.0038,0.0465,0.3433,0.0171,0.0038,0.0282,0.0465,0.0038,0.0171,0.0171,0.0282,0.0171,0.0038,0.0171,0.0171",0.5
intrusion-detection,p20,70,4,4,1,1,12,"9,6,12,12,0,12,7,1,8,12,6,7,12,9,9,6,8,12,9,9","0.0058,0.0259,0.0013,0.0013,0.5199,0.0013,0.0157,0.3154,0.0095,0.0013,0.0259,0.0157,0.0013,0.0058,0.0058,0.0259,0.0095,0.0013,0.0058,0.0058",0.5
intrusion-detection,p20,100,4,4,1,1,17,"14,11,17,17,0,17,12,6,11,17,11,12,17,14,14,11,8,17,14,14","0.0008,0.0037,0.0002,0.0002,0.9131,0.0002,0.0023,0.0455,0.0037,0.0002,0.0037,0.0023,0.0002,0.0008,0.0008,0.0037,0.0167,0.0002,0.0008,0.0008",0.5
intrusion-detection,p20,10,5,1,7,0,2,"1,0,0,0,2,0,2,2,2,2,0,2,2,2,2,2,2,2,0,0","0.0505,0.0832,0.0832,0.0832,0.0306,0.0832,0.0306,0.0306,0.0306,0.0306,0.0832,0.0306,0.0306,0.0306,0.0306,0.0306,0.0306,0.0306,0.0832,0.0832",0.5
intrusion-detection,p20,30,5,5,2,1,6,"4,3,1,1,6,0,6,6,6,5,3,6,6,6,5,5,6,5,3,0","0.0285,0.0470,0.1278,0.1278,0.0105,0.2108,0.0105,0.0105,0.0105,0.0173,0.0470,0.0105,0.0105,0.0105,0.0173,0.0173,0.0105,0.0173,0.0470,0.2108",0.5
intrusion-detection,p20,50,5,5,2,1,9,"7,6,4,4,9,0,9,9,9,5,6,9,9,9,6,6,9,6,6,0","0.0109,0.0180,0.0488,0.0488,0.0040,0.3609,0.0040,0.0040,0.0040,0.0296,0.0180,0.0040,0.0040,0.0040,0.0180,0.0180,0.0040,0.0180,0.0180,0.3609",0.5
intrusion-detection,p20,70,5,5,1,1,12,"9,9,7,7,12,0,11,12,12,5,9,12,11,12,8,9,11,9,8,1","0.0060,0.0060,0.0162,0.0162,0.0013,0.5360,0.0022,0.0013,0.0013,0.0440,0.0060,0.0013,0.0022,0.0013,0.0098,0.0060,0.0022,0.0060,0.0098,0.3251",0.5
intrusion-detection,p20,100,5,5,1,1,17,"14,14,12,12,17,0,14,17,17,8,14,17,11,17,8,14,14,14,8,6","0.0008,0.0008,0.0022,0.0022,0.0002,0.8919,0.0008,0.0002,0.0002,0.0163,0.0008,0.0002,0.0036,0.0002,0.0163,0.0008,0.0008,0.0008,0.0163,0.0444",0.5
intrusion-detection,p20,10,6,4,7,0,2,"1,2,2,2,0,2,0,0,0,2,2,0,2,0,2,2,0,2,2,2","0.0505,0.0306,0.0306,0.0306,0.0832,0.0306,0.0832,0.0832,0.0832,0.0306,0.0306,0.0832,0.0306,0.0832,0.0306,0.0306,0.0832,0.0306,0.0306,0.0306",0.5
intrusion-detection,p20,30,6,4,4,0,5,"4,5,5,5,0,5,0,0,2,5,5,0,5,2,5,5,2,5,5,5","0.0217,0.0132,0.0132,0.0132,0.1607,0.0132,0.1607,0.1607,0.0591,0.0132,0.0132,0.1607,0.0132,0.0591,0.0132,0.0132,0.0591,0.0132,0.0132,0.0132",0.5
intrusion-detection,p20,50,6,6,1,1,8,"6,8,8,8,3,6,0,3,5,5,8,3,6,5,6,8,2,8,6,8","0.0187,0.0069,0.0069,0.0069,0.0839,0.0187,0.3758,0.0839,0.0309,0.0309,0.0069,0.0839,0.0187,0.0309,0.0187,0.0069,0.1383,0.0069,0.0187,0.0069",0.5
intrusion-detection,p20,70,6,6,1,1,11,"8,11,11,11,6,8,0,6,7,6,11,5,8,7,8,10,3,10,8,11","0.0112,0.0025,0.0025,0.0025,0.0303,0.0112,0.6096,0.0303,0.0184,0.0303,0.0025,0.0500,0.0112,0.0184,0.0112,0.0041,0.1360,0.0041,0.0112,0.0025",0.5
intrusion-detection,p20,100,6,6,1,1,15,"12,15,15,15,10,12,0,10,7,10,15,5,12,7,12,12,7,12,12,15","0.0020,0.0005,0.0005,0.0005,0.0056,0.0020,0.8244,0.0056,0.0249,0.0056,0.0005,0.0677,0.0020,0.0249,0.0020,0.0020,0.0249,0.0020,0.0020,0.0005",0.5
intrusion-detection,p20,10,7,4,7,0,2,"1,2,2,2,0,2,0,0,0,2,2,0,2,0,2,2,0,2,2,2","0.0505,0.0306,0.0306,0.0306,0.0832,0.0306,0.0832,0.0832,0.0832,0.0306,0.0306,0.0832,0.0306,0.0832,0.0306,0.0306,0.0832,0.0306,0.0306,0.0306",0.5
intrusion-detection,p20,30,7,4,2,0,6,"4,5,6,6,0,6,1,0,3,6,5,1,6,3,5,5,3,6,5,5","0.0281,0.0171,0.0104,0.0104,0.2079,0.0104,0.1261,0.2079,0.0464,0.0104,0.0171,0.1261,0.0104,0.0464,0.0171,0.0171,0.0464,0.0104,0.0171,0.0171",0.5
intrusion-detection,p20,50,7,4,2,0,9,"7,5,9,9,0,9,4,0,6,9,5,4,9,6,6,5,6,9,6,6","0.0104,0.0282,0.0038,0.0038,0.3433,0.0038,0.0465,0.3433,0.0171,0.0038,0.0282,0.0465,0.0038,0.0171,0.0171,0.0282,0.0171,0.0038,0.0171,0.0171",0.5
intrusion-detection,p20,70,7,7,1,1,12,"9,6,12,12,1,12,7,0,9,12,5,7,11,9,9,6,9,12,9,9","0.0057,0.0256,0.0013,0.0013,0.3122,0.0013,0.0155,0.5147,0.0057,0.0013,0.0423,0.0155,0.0021,0.0057,0.0057,0.0256,0.0057,0.0013,0.0057,0.0057",0.5
intrusion-detection,p20,100,7,7,1,1,17,"14,11,17,17,6,17,12,0,14,17,5,12,11,14,14,11,14,17,14,14","0.0008,0.0035,0.0002,0.0002,0.0431,0.0002,0.0021,0.8647,0.0008,0.0002,0.0710,0.0021,0.0035,0.0008,0.0008,0.0035,0.0008,0.0002,0.0008,0.0008",0.5
intrusion-detection,p20,10,8,6,6,0,2,"1,2,2,2,2,2,0,2,0,2,2,0,2,0,2,0,2,0,2,2","0.0533,0.0323,0.0323,0.0323,0.0323,0.0323,0.0878,0.0323,0.0878,0.0323,0.0323,0.0878,0.0323,0.0878,0.0323,0.0878,0.0323,0.0878,0.0323,0.0323",0.5
intrusion-detection,p20,30,8,6,4,0,5,"4,5,5,5,5,5,0,5,0,5,5,0,5,0,5,2,5,2,5,5","0.0228,0.0138,0.0138,0.0138,0.0138,0.0138,0.1684,0.0138,0.1684,0.0138,0.0138,0.1684,0.0138,0.1684,0.0138,0.0620,0.0138,0.0620,0.0138,0.0138",0.5
intrusion-detection,p20,50,8,8,1,1,8,"6,8,8,8,6,8,3,8,0,8,8,3,8,3,8,5,6,5,8,8","0.0228,0.0084,0.0084,0.0084,0.0228,0.0084,0.1021,0.0084,0.4578,0.0084,0.0084,0.1021,0.0084,0.1021,0.0084,0.0376,0.0228,0.0376,0.0084,0.0084",0.5
intrusion-detection,p20,70,8,8,1,1,12,"9,12,12,12,7,12,5,10,0,12,12,5,12,5,12,9,7,9,12,12","0.0081,0.0018,0.0018,0.0018,0.0220,0.0018,0.0599,0.0049,0.7291,0.0018,0.0018,0.0599,0.0018,0.0599,0.0018,0.0081,0.0220,0.0081,0.0018,0.0018",0.5
intrusion-detection,p20,100,8,8,1,1,16,"13,16,16,16,10,16,8,13,0,16,16,8,16,5,16,13,7,13,16,16","0.0013,0.0003,0.0003,0.0003,0.0058,0.0003,0.0157,0.0013,0.8584,0.0003,0.0003,0.0157,0.0003,0.0705,0.0003,0.0013,0.0259,0.0013,0.0003,0.0003",0.5
intrusion-detection,p20,10,9,5,7,0,2,"1,2,2,2,2,0,0,2,2,0,2,2,0,2,0,2,0,2,0,2","0.0505,0.0306,0.0306,0.0306,0.0306,0.0832,0.0832,0.0306,0.0306,0.0832,0.0306,0.0306,0.0832,0.0306,0.0832,0.0306,0.0832,0.0306,0.0832,0.0306",0.5
intrusion-detection,p20,30,9,9,1,1,6,"4,5,5,6,6,3,1,6,6,0,6,5,3,6,3,6,1,6,3,6","0.0344,0.0209,0.0209,0.0127,0.0127,0.0567,0.1541,0.0127,0.0127,0.2541,0.0127,0.0209,0.0567,0.0127,0.0567,0.0127,0.1541,0.0127,0.0567,0.0127",0.5
intrusion-detection,p20,50,9,9,1,1,9,"7,5,6,9,9,6,4,9,9,0,9,6,6,9,6,9,4,9,6,9","0.0169,0.0461,0.0279,0.0062,0.0062,0.0279,0.0760,0.0062,0.0062,0.5613,0.0062,0.0279,0.0279,0.0062,0.0279,0.0062,0.0760,0.0062,0.0279,0.0062",0.5
intrusion-detection,p20,70,9,9,1,1,12,"9,6,9,12,12,8,7,12,12,0,12,9,9,12,8,11,7,11,9,11","0.0090,0.0405,0.0090,0.0020,0.0020,0.0149,0.0246,0.0020,0.0020,0.8133,0.0020,0.0090,0.0090,0.0020,0.0149,0.0033,0.0246,0.0033,0.0090,0.0033",0.5
intrusion-detection,p20,100,9,9,1,1,17,"14,11,14,17,17,8,12,17,17,0,17,14,14,17,11,14,12,14,14,11","0.0009,0.0039,0.0009,0.0002,0.0002,0.0176,0.0024,0.0002,0.0002,0.9586,0.0002,0.0009,0.0009,0.0002,0.0039,0.0009,0.0024,0.0009,0.0009,0.0039",0.5
intrusion-detection,p20,10,10,0,3,0,2,"0,1,2,2,1,2,2,0,2,2,0,2,1,2,1,1,2,2,1,1","0.0915,0.0555,0.0337,0.0337,0.0555,0.0337,0.0337,0.0915,0.0337,0.0337,0.0915,0.0337,0.0555,0.0337,0.0555,0.0555,0.0337,0.0337,0.0555,0.0555",0.5
intrusion-detection,p20,30,10,10,1,1,6,"3,2,4,4,4,4,6,2,6,6,0,6,4,6,4,4,6,6,2,2","0.0559,0.0922,0.0339,0.0339,0.0339,0.0339,0.0125,0.0922,0.0125,0.0125,0.2506,0.0125,0.0339,0.0125,0.0339,0.0339,0.0125,0.0125,0.0922,0.0922",0.5
intrusion-detection,p20,50,10,10,1,1,9,"6,2,6,4,7,6,9,5,9,9,0,9,7,9,7,7,9,9,2,4","0.0204,0.1510,0.0204,0.0555,0.0124,0.0204,0.0046,0.0337,0.0046,0.0046,0.4104,0.0046,0.0124,0.0046,0.0124,0.0124,0.0046,0.0046,0.1510,0.0555",0.5
intrusion-detection,p20,70,10,10,1,1,13,"10,2,10,7,8,10,13,6,13,13,0,13,11,13,10,8,13,13,4,7","0.0040,0.2175,0.0040,0.0179,0.0108,0.0040,0.0009,0.0294,0.0009,0.0009,0.5912,0.0009,0.0024,0.0009,0.0040,0.0108,0.0009,0.0009,0.0800,0.0179",0.5
intrusion-detection,p20,100,10,10,1,1,18,"15,6,15,12,12,15,18,6,18,18,0,18,12,18,15,12,18,18,9,12","0.0005,0.0442,0.0005,0.0022,0.0022,0.0005,0.0001,0.0442,0.0001,0.0001,0.8880,0.0001,0.0022,0.0001,0.0005,0.0022,0.0001,0.0001,0.0099,0.0022",0.5
intrusion-detection,p20,10,11,0,2,0,2,"0,1,1,2,2,2,1,2,1,1,2,0,2,1,2,1,2,1,2,2","0.0950,0.0576,0.0576,0.0349,0.0349,0.0349,0.0576,0.0349,0.0576,0.0576,0.0349,0.0950,0.0349,0.0576,0.0349,0.0576,0.0349,0.0576,0.0349,0.0349",0.5
intrusion-detection,p20,30,11,11,1,1,5,"2,4,4,5,3,5,1,3,1,4,5,0,5,1,5,3,3,3,5,5","0.0696,0.0256,0.0256,0.0155,0.0422,0.0155,0.1148,0.0422,0.1148,0.0256,0.0155,0.1893,0.0155,0.1148,0.0155,0.0422,0.0422,0.0422,0.0155,0.0155",0.5
intrusion-detection,p20,50,11,11,1,1,8,"5,6,6,8,4,8,2,4,3,6,8,0,8,3,8,6,5,6,8,8","0.0313,0.0190,0.0190,0.0070,0.0515,0.0070,0.1401,0.0515,0.0850,0.0190,0.0070,0.3808,0.0070,0.0850,0.0070,0.0190,0.0313,0.0190,0.0070,0.0070",0.5
intrusion-detection,p20,70,11,11,1,1,11,"8,9,9,11,6,11,2,6,4,9,11,0,11,4,11,8,8,8,11,11","0.0098,0.0059,0.0059,0.0022,0.0266,0.0022,0.1964,0.0266,0.0722,0.0059,0.0022,0.5338,0.0022,0.0722,0.0022,0.0098,0.0098,0.0098,0.0022,0.0022",0.5
intrusion-detection,p20,100,11,11,1,1,15,"12,12,10,15,10,15,5,10,7,12,15,0,15,7,15,12,12,12,15,15","0.0021,0.0021,0.0057,0.0005,0.0057,0.0005,0.0695,0.0057,0.0256,0.0021,0.0005,0.8464,0.0005,0.0256,0.0005,0.0021,0.0021,0.0021,0.0005,0.0005",0.5
intrusion-detection,p20,10,12,0,2,0,2,"0,2,1,1,2,2,2,1,2,2,1,2,0,2,2,2,2,1,2,2","0.1019,0.0375,0.0618,0.0618,0.0375,0.0375,0.0375,0.0618,0.0375,0.0375,0.0618,0.0375,0.1019,0.0375,0.0375,0.0375,0.0375,0.0618,0.0375,0.0375",0.5
intrusion-detection,p20,30,12,12,1,1,6,"3,6,4,4,6,4,4,4,6,4,4,6,0,6,4,6,4,4,4,6","0.0729,0.0163,0.0442,0.0442,0.0163,0.0442,0.0442,0.0442,0.0163,0.0442,0.0442,0.0163,0.3268,0.0163,0.0442,0.0163,0.0442,0.0442,0.0442,0.0163",0.5
intrusion-detection,p20,50,12,12,1,1,9,"6,9,7,7,9,4,6,7,9,6,7,9,0,9,4,9,6,7,4,9","0.0271,0.0061,0.0165,0.0165,0.0061,0.0738,0.0271,0.0165,0.0061,0.0271,0.0165,0.0061,0.5453,0.0061,0.0738,0.0061,0.0271,0.0165,0.0738,0.0061",0.5
intrusion-detection,p20,70,12,12,1,1,12,"9,12,8,9,12,6,9,10,12,9,10,12,0,12,6,12,9,9,6,12","0.0088,0.0020,0.0145,0.0088,0.0020,0.0394,0.0088,0.0053,0.0020,0.0088,0.0053,0.0020,0.7904,0.0020,0.0394,0.0020,0.0088,0.0088,0.0394,0.0020",0.5
intrusion-detection,p20,100,12,12,1,1,17,"14,17,12,14,17,11,14,11,17,14,11,17,0,17,11,17,14,14,11,17","0.0009,0.0002,0.0024,0.0009,0.0002,0.0040,0.0009,0.0040,0.0002,0.0009,0.0040,0.0002,0.9711,0.0002,0.0040,0.0002,0.0009,0.0009,0.0040,0.0002",0.5
intrusion-detection,p20,10,13,0,5,0,2,"0,2,2,2,1,2,0,1,0,2,2,0,2,0,2,1,1,1,2,2","0.0854,0.0314,0.0314,0.0314,0.0518,0.0314,0.0854,0.0518,0.0854,0.0314,0.0314,0.0854,0.0314,0.0854,0.0314,0.0518,0.0518,0.0518,0.0314,0.0314",0.5
intrusion-detection,p20,30,13,6,4,0,5,"3,5,5,5,2,5,0,2,0,5,5,0,5,0,5,3,2,3,5,5","0.0338,0.0124,0.0124,0.0124,0.0558,0.0124,0.1517,0.0558,0.1517,0.0124,0.0124,0.1517,0.0124,0.1517,0.0124,0.0338,0.0558,0.0338,0.0124,0.0124",0.5
intrusion-detection,p20,50,13,8,2,0,7,"5,7,7,7,4,7,2,4,0,7,7,2,7,0,7,5,2,5,7,7","0.0209,0.0077,0.0077,0.0077,0.0345,0.0077,0.0938,0.0345,0.2549,0.0077,0.0077,0.0938,0.0077,0.2549,0.0077,0.0209,0.0938,0.0209,0.0077,0.0077",0.5
intrusion-detection,p20,70,13,13,1,1,10,"8,10,10,10,7,10,4,7,1,10,10,4,10,0,10,6,4,6,10,10","0.0081,0.0030,0.0030,0.0030,0.0134,0.0030,0.0599,0.0134,0.2686,0.0030,0.0030,0.0599,0.0030,0.4428,0.0030,0.0220,0.0599,0.0220,0.0030,0.0030",0.5
intrusion-detection,p20,100,13,13,1,1,14,"12,14,14,14,11,14,6,11,3,14,14,6,14,0,14,8,8,8,14,14","0.0018,0.0007,0.0007,0.0007,0.0029,0.0007,0.0356,0.0029,0.1597,0.0007,0.0007,0.0356,0.0007,0.7156,0.0007,0.0131,0.0131,0.0131,0.0007,0.0007",0.5
intrusion-detection,p20,10,14,0,4,0,2,"0,1,2,2,1,1,2,1,2,1,1,2,2,2,0,0,2,1,1,0","0.0848,0.0514,0.0312,0.0312,0.0514,0.0514,0.0312,0.0514,0.0312,0.0514,0.0514,0.0312,0.0312,0.0312,0.0848,0.0848,0.0312,0.0514,0.0514,0.0848",0.5
intrusion-detection,p20,30,14,14,1,1,5,"2,4,5,5,4,1,3,4,5,1,4,5,3,5,0,2,3,3,2,2","0.0665,0.0245,0.0148,0.0148,0.0245,0.1097,0.0404,0.0245,0.0148,0.1097,0.0245,0.0148,0.0404,0.0148,0.1809,0.0665,0.0404,0.0404,0.0665,0.0665",0.5
intrusion-detection,p20,50,14,14,1,1,8,"5,6,8,8,6,2,5,6,8,3,6,8,4,8,0,4,5,6,2,4","0.0278,0.0169,0.0062,0.0062,0.0169,0.1246,0.0278,0.0169,0.0062,0.0756,0.0169,0.0062,0.0459,0.0062,0.3388,0.0459,0.0278,0.0169,0.1246,0.0459",0.5
intrusion-detection,p20,70,14,14,1,1,12,"9,10,12,12,10,3,9,10,12,6,10,12,6,12,0,6,9,8,4,7","0.0068,0.0041,0.0015,0.0015,0.0041,0.1370,0.0068,0.0041,0.0015,0.0306,0.0041,0.0015,0.0306,0.0015,0.6139,0.0306,0.0068,0.0112,0.0831,0.0185",0.5
intrusion-detection,p20,100,14,14,1,1,16,"13,13,16,16,13,7,13,13,16,10,13,16,10,16,0,8,13,11,5,8","0.0013,0.0013,0.0003,0.0003,0.0013,0.0256,0.0013,0.0013,0.0003,0.0057,0.0013,0.0003,0.0057,0.0003,0.8484,0.0155,0.0013,0.0035,0.0696,0.0155",0.5
intrusion-detection,p20,10,15,0,4,0,2,"0,1,2,2,1,1,2,1,2,1,1,2,2,2,0,0,2,1,1,0","0.0848,0.0514,0.0312,0.0312,0.0514,0.0514,0.0312,0.0514,0.0312,0.0514,0.0514,0.0312,0.0312,0.0312,0.0848,0.0848,0.0312,0.0514,0.0514,0.0848",0.5
intrusion-detection,p20,30,15,15,1,1,6,"3,4,6,6,4,4,4,4,4,4,4,4,6,4,2,0,6,2,4,2","0.0556,0.0337,0.0124,0.0124,0.0337,0.0337,0.0337,0.0337,0.0337,0.0337,0.0337,0.0337,0.0124,0.0337,0.0916,0.2491,0.0124,0.0916,0.0337,0.0916",0.5
intrusion-detection,p20,50,15,15,1,1,9,"6,7,9,9,7,7,6,7,6,7,7,6,9,4,5,0,9,2,7,5","0.0235,0.0142,0.0052,0.0052,0.0142,0.0142,0.0235,0.0142,0.0235,0.0142,0.0142,0.0235,0.0052,0.0638,0.0387,0.4712,0.0052,0.1733,0.0142,0.0387",0.5
intrusion-detection,p20,70,15,15,1,1,12,"9,10,12,12,10,9,9,10,9,9,10,9,12,6,6,0,12,2,10,7","0.0069,0.0042,0.0015,0.0015,0.0042,0.0069,0.0069,0.0042,0.0069,0.0069,0.0042,0.0069,0.0015,0.0310,0.0310,0.6219,0.0015,0.2288,0.0042,0.0188",0.5
intrusion-detection,p20,100,15,15,1,1,17,"14,11,17,17,11,14,14,11,14,14,11,14,17,11,9,0,17,6,14,11","0.0008,0.0037,0.0002,0.0002,0.0037,0.0008,0.0008,0.0037,0.0008,0.0008,0.0037,0.0008,0.0002,0.0037,0.0102,0.9152,0.0002,0.0456,0.0008,0.0037",0.5
intrusion-detection,p20,10,16,0,2,0,2,"0,2,2,2,1,1,1,2,1,1,2,2,1,2,1,2,0,2,1,2","0.0950,0.0349,0.0349,0.0349,0.0576,0.0576,0.0576,0.0349,0.0576,0.0576,0.0349,0.0349,0.0576,0.0349,0.0576,0.0349,0.0950,0.0349,0.0576,0.0349",0.5
intrusion-detection,p20,30,16,16,1,1,6,"3,6,6,6,2,4,2,4,2,4,6,4,4,4,4,6,0,6,4,6","0.0594,0.0132,0.0132,0.0132,0.0979,0.0360,0.0979,0.0360,0.0979,0.0360,0.0132,0.0360,0.0360,0.0360,0.0360,0.0132,0.2661,0.0132,0.0360,0.0132",0.5
intrusion-detection,p20,50,16,16,1,1,9,"6,9,9,9,4,7,4,6,2,7,9,6,7,4,7,9,0,9,7,9","0.0231,0.0052,0.0052,0.0052,0.0629,0.0140,0.0629,0.0231,0.1709,0.0140,0.0052,0.0231,0.0140,0.0629,0.0140,0.0052,0.4647,0.0052,0.0140,0.0052",0.5
intrusion-detection,p20,70,16,16,1,1,12,"9,12,12,12,5,10,7,9,3,10,12,9,10,6,10,12,0,12,10,12","0.0076,0.0017,0.0017,0.0017,0.0559,0.0046,0.0205,0.0076,0.1518,0.0046,0.0017,0.0076,0.0046,0.0339,0.0046,0.0017,0.6805,0.0017,0.0046,0.0017",0.5
intrusion-detection,p20,100,16,16,1,1,17,"14,17,17,17,8,14,9,14,8,12,17,14,14,11,14,17,0,17,14,17","0.0009,0.0002,0.0002,0.0002,0.0172,0.0009,0.0105,0.0009,0.0172,0.0023,0.0002,0.0009,0.0009,0.0038,0.0009,0.0002,0.9415,0.0002,0.0009,0.0002",0.5
intrusion-detection,p20,10,17,0,2,0,2,"0,2,1,1,2,1,2,2,2,1,2,2,1,2,1,1,2,0,2,1","0.0950,0.0349,0.0576,0.0576,0.0349,0.0576,0.0349,0.0349,0.0349,0.0576,0.0349,0.0349,0.0576,0.0349,0.0576,0.0576,0.0349,0.0950,0.0349,0.0576",0.5
intrusion-detection,p20,30,17,17,1,1,6,"3,6,4,4,6,4,4,6,4,4,6,4,4,4,4,2,6,0,6,4","0.0660,0.0147,0.0401,0.0401,0.0147,0.0401,0.0401,0.0147,0.0401,0.0401,0.0147,0.0401,0.0401,0.0401,0.0401,0.1089,0.0147,0.2960,0.0147,0.0401",0.5
intrusion-detection,p20,50,17,17,1,1,9,"6,9,7,7,9,7,6,9,6,7,9,6,7,4,7,2,9,0,9,7","0.0251,0.0056,0.0152,0.0152,0.0056,0.0152,0.0251,0.0056,0.0251,0.0152,0.0056,0.0251,0.0152,0.0683,0.0152,0.1858,0.0056,0.5049,0.0056,0.0152",0.5
intrusion-detection,p20,70,17,17,1,1,12,"9,12,9,8,12,10,9,12,9,10,12,9,9,6,10,4,12,0,12,10","0.0085,0.0019,0.0085,0.0140,0.0019,0.0051,0.0085,0.0019,0.0085,0.0051,0.0019,0.0085,0.0085,0.0379,0.0051,0.1032,0.0019,0.7622,0.0019,0.0051",0.5
intrusion-detection,p20,100,17,17,1,1,17,"14,17,14,11,17,14,14,17,14,14,17,14,14,11,12,6,17,0,17,14","0.0009,0.0002,0.0009,0.0038,0.0002,0.0009,0.0009,0.0002,0.0009,0.0009,0.0002,0.0009,0.0009,0.0038,0.0023,0.0465,0.0002,0.9347,0.0002,0.0009",0.5
intrusion-detection,p20,10,18,0,3,0,2,"0,1,2,2,1,1,1,1,2,1,1,2,1,2,0,1,1,2,0,1","0.0842,0.0511,0.0310,0.0310,0.0511,0.0511,0.0511,0.0511,0.0310,0.0511,0.0511,0.0310,0.0511,0.0310,0.0842,0.0511,0.0511,0.0310,0.0842,0.0511",0.5
intrusion-detection,p20,30,18,18,1,1,6,"3,2,4,4,4,2,4,4,6,4,2,6,4,6,2,4,4,6,0,2","0.0498,0.0821,0.0302,0.0302,0.0302,0.0821,0.0302,0.0302,0.0111,0.0302,0.0821,0.0111,0.0302,0.0111,0.0821,0.0302,0.0302,0.0111,0.2232,0.0821",0.5
intrusion-detection,p20,50,18,18,1,1,9,"6,2,6,4,7,4,7,7,9,7,2,9,7,9,5,7,7,9,0,4","0.0193,0.1426,0.0193,0.0525,0.0117,0.0525,0.0117,0.0117,0.0043,0.0117,0.1426,0.0043,0.0117,0.0043,0.0318,0.0117,0.0117,0.0043,0.3877,0.0525",0.5
intrusion-detection,p20,70,18,18,1,1,12,"9,4,9,6,10,5,9,10,12,9,4,12,8,12,6,10,9,12,0,7","0.0070,0.0853,0.0070,0.0314,0.0042,0.0517,0.0070,0.0042,0.0016,0.0070,0.0853,0.0016,0.0115,0.0016,0.0314,0.0042,0.0070,0.0016,0.6303,0.0190",0.5
intrusion-detection,p20,100,18,18,1,1,17,"14,8,14,11,14,8,14,14,17,14,8,17,11,17,6,14,14,17,0,9","0.0008,0.0162,0.0008,0.0036,0.0008,0.0162,0.0008,0.0008,0.0002,0.0008,0.0162,0.0002,0.0036,0.0002,0.0440,0.0008,0.0008,0.0002,0.8833,0.0098",0.5
intrusion-detection,p20,10,19,0,4,0,2,"0,1,2,2,1,1,2,1,2,1,1,2,2,2,0,0,2,1,1,0","0.0848,0.0514,0.0312,0.0312,0.0514,0.0514,0.0312,0.0514,0.0312,0.0514,0.0514,0.0312,0.0312,0.0312,0.0848,0.0848,0.0312,0.0514,0.0514,0.0848",0.5
intrusion-detection,p20,30,19,19,1,1,5,"2,2,3,3,4,1,5,4,5,3,2,5,5,5,2,2,5,3,2,0","0.0673,0.0673,0.0408,0.0408,0.0247,0.1109,0.0150,0.0247,0.0150,0.0408,0.0673,0.0150,0.0150,0.0150,0.0673,0.0673,0.0150,0.0408,0.0673,0.1828",0.5
intrusion-detection,p20,50,19,19,1,1,8,"5,3,4,4,6,2,8,6,8,6,3,8,8,8,4,4,8,6,3,0","0.0276,0.0751,0.0456,0.0456,0.0168,0.1239,0.0062,0.0168,0.0062,0.0168,0.0751,0.0062,0.0062,0.0062,0.0456,0.0456,0.0062,0.0168,0.0751,0.3367",0.5
intrusion-detection,p20,70,19,19,1,1,12,"9,7,7,7,10,2,12,10,12,7,7,12,12,12,7,7,12,9,7,0","0.0067,0.0182,0.0182,0.0182,0.0041,0.2216,0.0015,0.0041,0.0015,0.0182,0.0182,0.0015,0.0015,0.0015,0.0182,0.0182,0.0015,0.0067,0.0182,0.6024",0.5
intrusion-detection,p20,100,19,19,1,1,16,"13,10,11,11,13,5,16,13,16,10,10,16,16,16,8,10,16,13,8,0","0.0013,0.0058,0.0035,0.0035,0.0013,0.0706,0.0003,0.0013,0.0003,0.0058,0.0058,0.0003,0.0003,0.0003,0.0158,0.0058,0.0003,0.0013,0.0158,0.8607",0.5
kitchen,kitchen_h0_r10_i2,10,0,0,1,1,2,"0,1,1","0.4519,0.2741,0.2741",0.5
kitchen,kitchen_h0_r10_i2,30,0,0,1,1,6,"0,5,5","0.8590,0.0705,0.0705",0.5
kitchen,kitchen_h0_r10_i2,50,0,0,1,1,10,"0,9,9","0.9783,0.0109,0.0109",0.5
kitchen,kitchen_h0_r10_i2,70,0,0,1,1,14,"0,13,13","0.9970,0.0015,0.0015",0.5
kitchen,kitchen_h0_r10_i2,100,0,0,1,1,19,"1,19,19","0.9998,0.0001,0.0001",0.5
kitchen,kitchen_h0_r10_i2,10,1,0,3,0,1,"0,0,0","0.3333,0.3333,0.3333",0.5
kitchen,kitchen_h0_r10_i2,30,1,1,2,1,2,"1,0,0","0.2327,0.3837,0.3837",0.5
kitchen,kitchen_h0_r10_i2,50,1,1,1,1,3,"2,0,1","0.1863,0.5065,0.3072",0.5
kitchen,kitchen_h0_r10_i2,70,1,1,1,1,5,"4,0,1","0.0777,0.5741,0.3482",0.5
kitchen,kitchen_h0_r10_i2,100,1,1,1,1,6,"5,0,2","0.0566,0.6897,0.2537",0.5
kitchen,kitchen_h0_r10_i2,10,2,0,2,0,1,"0,1,0","0.3837,0.2327,0.3837",0.5
kitchen,kitchen_h0_r10_i2,30,2,2,1,1,2,"1,1,0","0.2741,0.2741,0.4519",0.5
kitchen,kitchen_h0_r10_i2,50,2,2,1,1,3,"2,2,0","0.2119,0.2119,0.5761",0.5
kitchen,kitchen_h0_r10_i2,70,2,2,1,1,4,"4,4,1","0.1543,0.1543,0.6914",0.5
kitchen,kitchen_h0_r10_i2,100,2,2,1,1,5,"5,5,1","0.1065,0.1065,0.7870",0.5
kitchen,kitchen_h0_r10_i3,10,0,0,1,1,2,"0,1,1","0.4519,0.2741,0.2741",0.5
kitchen,kitchen_h0_r10_i3,30,0,0,1,1,6,"0,5,5","0.8590,0.0705,0.0705",0.5
kitchen,kitchen_h0_r10_i3,50,0,0,1,1,10,"0,9,9","0.9783,0.0109,0.0109",0.5
kitchen,kitchen_h0_r10_i3,70,0,0,1,1,14,"0,13,13","0.9970,0.0015,0.0015",0.5
kitchen,kitchen_h0_r10_i3,100,0,0,1,1,19,"1,19,19","0.9998,0.0001,0.0001",0.5
kitchen,kitchen_h0_r10_i3,10,1,0,3,0,1,"0,0,0","0.3333,0.3333,0.3333",0.5
kitchen,kitchen_h0_r10_i3,30,1,1,2,1,2,"1,0,0","0.2327,0.3837,0.3837",0.5
kitchen,kitchen_h0_r10_i3,50,1,1,1,1,3,"2,0,1","0.1863,0.5065,0.3072",0.5
kitchen,kitchen_h0_r10_i3,70,1,1,1,1,5,"4,0,1","0.0777,0.5741,0.3482",0.5
kitchen,kitchen_h0_r10_i3,100,1,1,1,1,6,"5,0,2","0.0566,0.6897,0.2537",0.5
kitchen,kitchen_h0_r10_i3,10,2,0,2,0,1,"0,1,0","0.3837,0.2327,0.3837",0.5
kitchen,kitchen_h0_r10_i3,30,2,2,1,1,2,"1,1,0","0.2741,0.2741,0.4519",0.5
kitchen,kitchen_h0_r10_i3,50,2,2,1,1,3,"2,2,0","0.2119,0.2119,0.5761",0.5
kitchen,kitchen_h0_r10_i3,70,2,2,1,1,4,"4,4,1","0.1543,0.1543,0.6914",0.5
kitchen,kitchen_h0_r10_i3,100,2,2,1,1,5,"5,5,1","0.1065,0.1065,0.7870",0.5
kitchen,kitchen_h0_r10_i4,10,0,0,1,1,2,"0,1,1","0.4519,0.2741,0.2741",0.5
kitchen,kitchen_h0_r10_i4,30,0,0,1,1,6,"0,5,5","0.8590,0.0705,0.0705",0.5
kitchen,kitchen_h0_r10_i4,50,0,0,1,1,10,"0,9,9","0.9783,0.0109,0.0109",0.5
kitchen,kitchen_h0_r10_i4,70,0,0,1,1,14,"0,13,13","0.9970,0.0015,0.0015",0.5
kitchen,kitchen_h0_r10_i4,100,0,0,1,1,19,"1,19,19","0.9998,0.0001,0.0001",0.5
kitchen,kitchen_h0_r10_i4,10,1,0,3,0,1,"0,0,0","0.3333,0.3333,0.3333",0.5
kitchen,kitchen_h0_r10_i4,30,1,1,2,1,2,"1,0,0","0.2327,0.3837,0.3837",0.5
kitchen,kitchen_h0_r10_i4,50,1,1,1,1,3,"2,0,1","0.1863,0.5065,0.3072",0.5
kitchen,kitchen_h0_r10_i4,70,1,1,1,1,5,"4,0,1","0.0777,0.5741,0.3482",0.5
kitchen,kitchen_h0_r10_i4,100,1,1,1,1,6,"5,0,2","0.0566,0.6897,0.2537",0.5
kitchen,kitchen_h0_r10_i4,10,2,0,2,0,1,"0,1,0","0.3837,0.2327,0.3837",0.5
kitchen,kitchen_h0_r10_i4,30,2,2,1,1,2,"1,1,0","0.2741,0.2741,0.4519",0.5
kitchen,kitchen_h0_r10_i4,50,2,2,1,1,3,"2,2,0","0.2119,0.2119,0.5761",0.5
kitchen,kitchen_h0_r10_i4,70,2,2,1,1,4,"4,4,1","0.1543,0.1543,0.6914",0.5
kitchen,kitchen_h0_r10_i4,100,2,2,1,1,5,"5,5,1","0.1065,0.1065,0.7870",0.5
kitchen,kitchen_h0_r10_i6,10,0,0,1,1,2,"0,1,1","0.4519,0.2741,0.2741",0.5
kitchen,kitchen_h0_r10_i6,30,0,0,1,1,6,"0,5,5","0.8590,0.0705,0.0705",0.5
kitchen,kitchen_h0_r10_i6,50,0,0,1,1,10,"0,9,9","0.9783,0.0109,0.0109",0.5
kitchen,kitchen_h0_r10_i6,70,0,0,1,1,14,"0,13,13","0.9970,0.0015,0.0015",0.5
kitchen,kitchen_h0_r10_i6,100,0,0,1,1,19,"1,19,19","0.9998,0.0001,0.0001",0.5
kitchen,kitchen_h0_r10_i6,10,1,0,3,0,1,"0,0,0","0.3333,0.3333,0.3333",0.5
kitchen,kitchen_h0_r10_i6,30,1,1,2,1,2,"1,0,0","0.2327,0.3837,0.3837",0.5
kitchen,kitchen_h0_r10_i6,50,1,1,1,1,3,"2,0,1","0.1863,0.5065,0.3072",0.5
kitchen,kitchen_h0_r10_i6,70,1,1,1,1,5,"4,0,1","0.0777,0.5741,0.3482",0.5
kitchen,kitchen_h0_r10_i6,100,1,1,1,1,6,"5,0,2","0.0566,0.6897,0.2537",0.5
kitchen,kitchen_h0_r10_i6,10,2,0,2,0,1,"0,1,0","0.3837,0.2327,0.3837",0.5
kitchen,kitchen_h0_r10_i6,30,2,2,1,1,2,"1,1,0","0.2741,0.2741,0.4519",0.5
kitchen,kitchen_h0_r10_i6,50,2,2,1,1,3,"2,2,0","0.2119,0.2119,0.5761",0.5
kitchen,kitchen_h0_r10_i6,70,2,2,1,1,4,"4,4,1","0.1543,0.1543,0.6914",0.5
kitchen,kitchen_h0_r10_i6,100,2,2,1,1,5,"5,5,1","0.1065,0.1065,0.7870",0.5
kitchen,kitchen_h0_r10_i7,10,0,0,1,1,2,"0,1,1","0.4519,0.2741,0.2741",0.5
kitchen,kitchen_h0_r10_i7,30,0,0,1,1,6,"0,5,5","0.8590,0.0705,0.0705",0.5
kitchen,kitchen_h0_r10_i7,50,0,0,1,1,10,"0,9,9","0.9783,0.0109,0.0109",0.5
kitchen,kitchen_h0_r10_i7,70,0,0,1,1,14,"0,13,13","0.9970,0.0015,0.0015",0.5
kitchen,kitchen_h0_r10_i7,100,0,0,1,1,19,"1,19,19","0.9998,0.0001,0.0001",0.5
kitchen,kitchen_h0_r10_i7,10,1,0,3,0,1,"0,0,0","0.3333,0.3333,0.3333",0.5
kitchen,kitchen_h0_r10_i7,30,1,1,2,1,2,"1,0,0","0.2327,0.3837,0.3837",0.5
kitchen,kitchen_h0_r10_i7,50,1,1,1,1,3,"2,0,1","0.1863,0.5065,0.3072",0.5
kitchen,kitchen_h0_r10_i7,70,1,1,1,1,5,"4,0,1","0.0777,0.5741,0.3482",0.5
kitchen,kitchen_h0_r10_i7,100,1,1,1,1,6,"5,0,2","0.0566,0.6897,0.2537",0.5
kitchen,kitchen_h0_r10_i7,10,2,0,2,0,1,"0,1,0","0.3837,0.2327,0.3837",0.5
kitchen,kitchen_h0_r10_i7,30,2,2,1,1,2,"1,1,0","0.2741,0.2741,0.4519",0.5
kitchen,kitchen_h0_r10_i7,50,2,2,1,1,3,"2,2,0","0.2119,0.2119,0.5761",0.5
kitchen,kitchen_h0_r10_i7,70,2,2,1,1,4,"4,4,1","0.1543,0.1543,0.6914",0.5
kitchen,kitchen_h0_r10_i7,100,2,2,1,1,5,"5,5,1","0.1065,0.1065,0.7870",0.5
kitchen,kitchen_h0_r10_i8,10,0,0,1,1,2,"0,1,1","0.4519,0.2741,0.2741",0.5
kitchen,kitchen_h0_r10_i8,30,0,0,1,1,6,"0,5,5","0.8590,0.0705,0.0705",0.5
kitchen,kitchen_h0_r10_i8,50,0,0,1,1,10,"0,9,9","0.9783,0.0109,0.0109",0.5
kitchen,kitchen_h0_r10_i8,70,0,0,1,1,14,"0,13,13","0.9970,0.0015,0.0015",0.5
kitchen,kitchen_h0_r10_i8,100,0,0,1,1,19,"1,19,19","0.9998,0.0001,0.0001",0.5
kitchen,kitchen_h0_r10_i8,10,1,0,3,0,1,"0,0,0","0.3333,0.3333,0.3333",0.5
kitchen,kitchen_h0_r10_i8,30,1,1,2,1,2,"1,0,0","0.2327,0.3837,0.3837",0.5
kitchen,kitchen_h0_r10_i8,50,1,1,1,1,3,"2,0,1","0.1863,0.5065,0.3072",0.5
kitchen,kitchen_h0_r10_i8,70,1,1,1,1,5,"4,0,1","0.0777,0.5741,0.3482",0.5
kitchen,kitchen_h0_r10_i8,100,1,1,1,1,6,"5,0,2","0.0566,0.6897,0.2537",0.5
kitchen,kitchen_h0_r10_i8,10,2,0,2,0,1,"0,1,0","0.3837,0.2327,0.3837",0.5
kitchen,kitchen_h0_r10_i8,30,2,2,1,1,2,"1,1,0","0.2741,0.2741,0.4519",0.5
kitchen,kitchen_h0_r10_i8,50,2,2,1,1,3,"2,2,0","0.2119,0.2119,0.5761",0.5
kitchen,kitchen_h0_r10_i8,70,2,2,1,1,4,"4,4,1","0.1543,0.1543,0.6914",0.5
kitchen,kitchen_h0_r10_i8,100,2,2,1,1,5,"5,5,1","0.1065,0.1065,0.7870",0.5
kitchen,kitchen_h0_r30_i0,10,0,0,1,1,2,"0,1,1","0.4519,0.2741,0.2741",0.5
kitchen,kitchen_h0_r30_i0,30,0,0,1,1,6,"0,5,5","0.8590,0.0705,0.0705",0.5
kitchen,kitchen_h0_r30_i0,50,0,0,1,1,10,"0,9,9","0.9783,0.0109,0.0109",0.5
kitchen,kitchen_h0_r30_i0,70,0,0,1,1,14,"0,13,13","0.9970,0.0015,0.0015",0.5
kitchen,kitchen_h0_r30_i0,100,0,0,1,1,19,"1,19,19","0.9998,0.0001,0.0001",0.5
kitchen,kitchen_h0_r30_i0,10,1,0,3,0,1,"0,0,0","0.3333,0.3333,0.3333",0.5
kitchen,kitchen_h0_r30_i0,30,1,1,2,1,2,"1,0,0","0.2327,0.3837,0.3837",0.5
kitchen,kitchen_h0_r30_i0,50,1,1,1,1,3,"2,0,1","0.1863,0.5065,0.3072",0.5
kitchen,kitchen_h0_r30_i0,70,1,1,1,1,5,"4,0,1","0.0777,0.5741,0.3482",0.5
kitchen,kitchen_h0_r30_i0,100,1,1,1,1,6,"5,0,2","0.0566,0.6897,0.2537",0.5
kitchen,kitchen_h0_r30_i0,10,2,0,2,0,1,"0,1,0","0.3837,0.2327,0.3837",0.5
kitchen,kitchen_h0_r30_i0,30,2,2,1,1,2,"1,1,0","0.2741,0.2741,0.4519",0.5
kitchen,kitchen_h0_r30_i0,50,2,2,1,1,3,"2,2,0","0.2119,0.2119,0.5761",0.5
kitchen,kitchen_h0_r30_i0,70,2,2,1,1,4,"4,4,1","0.1543,0.1543,0.6914",0.5
kitchen,kitchen_h0_r30_i0,100,2,2,1,1,5,"5,5,1","0.1065,0.1065,0.7870",0.5
kitchen,kitchen_h0_r30_i2,10,0,0,1,1,2,"0,1,1","0.4519,0.2741,0.2741",0.5
kitchen,kitchen_h0_r30_i2,30,0,0,1,1,6,"0,5,5","0.8590,0.0705,0.0705",0.5
kitchen,kitchen_h0_r30_i2,50,0,0,1,1,10,"0,9,9","0.9783,0.0109,0.0109",0.5
kitchen,kitchen_h0_r30_i2,70,0,0,1,1,14,"0,13,13","0.9970,0.0015,0.0015",0.5
kitchen,kitchen_h0_r30_i2,100,0,0,1,1,19,"1,19,19","0.9998,0.0001,0.0001",0.5
kitchen,kitchen_h0_r30_i2,10,1,0,3,0,1,"0,0,0","0.3333,0.3333,0.3333",0.5
kitchen,kitchen_h0_r30_i2,30,1,1,2,1,2,"1,0,0","0.2327,0.3837,0.3837",0.5
kitchen,kitchen_h0_r30_i2,50,1,1,1,1,3,"2,0,1","0.1863,0.5065,0.3072",0.5
kitchen,kitchen_h0_r30_i2,70,1,1,1,1,5,"4,0,1","0.0777,0.5741,0.3482",0.5
kitchen,kitchen_h0_r30_i2,100,1,1,1,1,6,"5,0,2","0.0566,0.6897,0.2537",0.5
kitchen,kitchen_h0_r30_i2,10,2,0,2,0,1,"0,1,0","0.3837,0.2327,0.3837",0.5
kitchen,kitchen_h0_r30_i2,30,2,2,1,1,2,"1,1,0","0.2741,0.2741,0.4519",0.5
kitchen,kitchen_h0_r30_i2,50,2,2,1,1,3,"2,2,0","0.2119,0.2119,0.5761",0.5
kitchen,kitchen_h0_r30_i2,70,2,2,1,1,4,"4,4,1","0.1543,0.1543,0.6914",0.5
kitchen,kitchen_h0_r30_i2,100,2,2,1,1,5,"5,5,1","0.1065,0.1065,0.7870",0.5
kitchen,kitchen_h0_r30_i3,10,0,0,1,1,2,"0,1,1","0.4519,0.2741,0.2741",0.5
kitchen,kitchen_h0_r30_i3,30,0,0,1,1,6,"0,5,5","0.8590,0.0705,0.0705",0.5
kitchen,kitchen_h0_r30_i3,50,0,0,1,1,10,"0,9,9","0.9783,0.0109,0.0109",0.5
kitchen,kitchen_h0_r30_i3,70,0,0,1,1,14,"0,13,13","0.9970,0.0015,0.0015",0.5
kitchen,kitchen_h0_r30_i3,100,0,0,1,1,19,"1,19,19","0.9998,0.0001,0.0001",0.5
kitchen,kitchen_h0_r30_i3,10,1,0,3,0,1,"0,0,0","0.3333,0.3333,0.3333",0.5
kitchen,kitchen_h0_r30_i3,30,1,1,2,1,2,"1,0,0","0.2327,0.3837,0.3837",0.5
kitchen,kitchen_h0_r30_i3,50,1,1,1,1,3,"2,0,1","0.1863,0.5065,0.3072",0.5
kitchen,kitchen_h0_r30_i3,70,1,1,1,1,5,"4,0,1","0.0777,0.5741,0.3482",0.5
kitchen,kitchen_h0_r30_i3,100,1,1,1,1,6,"5,0,2","0.0566,0.6897,0.2537",0.5
kitchen,kitchen_h0_r30_i3,10,2,0,2,0,1,"0,1,0","0.3837,0.2327,0.3837",0.5
kitchen,kitchen_h0_r30_i3,30,2,2,1,1,2,"1,1,0","0.2741,0.2741,0.4519",0.5
kitchen,kitchen_h0_r30_i3,50,2,2,1,1,3,"2,2,0","0.2119,0.2119,0.5761",0.5
kitchen,kitchen_h0_r30_i3,70,2,2,1,1,4,"4,4,1","0.1543,0.1543,0.6914",0.5
kitchen,kitchen_h0_r30_i3,100,2,2,1,1,5,"5,5,1","0.1065,0.1065,0.7870",0.5
kitchen,kitchen_h0_r50_i6,10,0,0,1,1,2,"0,1,1","0.4519,0.2741,0.2741",0.5
kitchen,kitchen_h0_r50_i6,30,0,0,1,1,6,"0,5,5","0.8590,0.0705,0.0705",0.5
kitchen,kitchen_h0_r50_i6,50,0,0,1,1,10,"0,9,9","0.9783,0.0109,0.0109",0.5
kitchen,kitchen_h0_r50_i6,70,0,0,1,1,14,"0,13,13","0.9970,0.0015,0.0015",0.5
kitchen,kitchen_h0_r50_i6,100,0,0,1,1,19,"1,19,19","0.9998,0.0001,0.0001",0.5
kitchen,kitchen_h0_r50_i6,10,1,0,3,0,1,"0,0,0","0.3333,0.3333,0.3333",0.5
kitchen,kitchen_h0_r50_i6,30,1,1,2,1,2,"1,0,0","0.2327,0.3837,0.3837",0.5
kitchen,kitchen_h0_r50_i6,50,1,1,1,1,3,"2,0,1","0.1863,0.5065,0.3072",0.5
kitchen,kitchen_h0_r50_i6,70,1,1,1,1,5,"4,0,1","0.0777,0.5741,0.3482",0.5
kitchen,kitchen_h0_r50_i6,100,1,1,1,1,6,"5,0,2","0.0566,0.6897,0.2537",0.5
kitchen,kitchen_h0_r50_i6,10,2,0,2,0,1,"0,1,0","0.3837,0.2327,0.3837",0.5
kitchen,kitchen_h0_r50_i6,30,2,2,1,1,2,"1,1,0","0.2741,0.2741,0.4519",0.5
kitchen,kitchen_h0_r50_i6,50,2,2,1,1,3,"2,2,0","0.2119,0.2119,0.5761",0.5
kitchen,kitchen_h0_r50_i6,70,2,2,1,1,4,"4,4,1","0.1543,0.1543,0.6914",0.5
kitchen,kitchen_h0_r50_i6,100,2,2,1,1,5,"5,5,1","0.1065,0.1065,0.7870",0.5
kitchen,kitchen_h0_r50_i7,10,0,0,1,1,2,"0,1,1","0.4519,0.2741,0.2741",0.5
kitchen,kitchen_h0_r50_i7,30,0,0,1,1,6,"0,5,5","0.8590,0.0705,0.0705",0.5
kitchen,kitchen_h0_r50_i7,50,0,0,1,1,10,"0,9,9","0.9783,0.0109,0.0109",0.5
kitchen,kitchen_h0_r50_i7,70,0,0,1,1,14,"0,13,13","0.9970,0.0015,0.0015",0.5
kitchen,kitchen_h0_r50_i7,100,0,0,1,1,19,"1,19,19","0.9998,0.0001,0.0001",0.5
kitchen,kitchen_h0_r50_i7,10,1,0,3,0,1,"0,0,0","0.3333,0.3333,0.3333",0.5
kitchen,kitchen_h0_r50_i7,30,1,1,2,1,2,"1,0,0","0.2327,0.3837,0.3837",0.5
kitchen,kitchen_h0_r50_i7,50,1,1,1,1,3,"2,0,1","0.1863,0.5065,0.3072",0.5
kitchen,kitchen_h0_r50_i7,70,1,1,1,1,5,"4,0,1","0.0777,0.5741,0.3482",0.5
kitchen,kitchen_h0_r50_i7,100,1,1,1,1,6,"5,0,2","0.0566,0.6897,0.2537",0.5
kitchen,kitchen_h0_r50_i7,10,2,0,2,0,1,"0,1,0","0.3837,0.2327,0.3837",0.5
kitchen,kitchen_h0_r50_i7,30,2,2,1,1,2,"1,1,0","0.2741,0.2741,0.4519",0.5
kitchen,kitchen_h0_r50_i7,50,2,2,1,1,3,"2,2,0","0.2119,0.2119,0.5761",0.5
kitchen,kitchen_h0_r50_i7,70,2,2,1,1,4,"4,4,1","0.1543,0.1543,0.6914",0.5
kitchen,kitchen_h0_r50_i7,100,2,2,1,1,5,"5,5,1","0.1065,0.1065,0.7870",0.5
kitchen,kitchen_h0_r50_i8,10,0,0,1,1,2,"0,1,1","0.4519,0.2741,0.2741",0.5
kitchen,kitchen_h0_r50_i8,30,0,0,1,1,6,"0,5,5","0.8590,0.0705,0.0705",0.5
kitchen,kitchen_h0_r50_i8,50,0,0,1,1,10,"0,9,9","0.9783,0.0109,0.0109",0.5
kitchen,kitchen_h0_r50_i8,70,0,0,1,1,14,"0,13,13","0.9970,0.0015,0.0015",0.5
kitchen,kitchen_h0_r50_i8,100,0,0,1,1,19,"1,19,19","0.9998,0.0001,0.0001",0.5
kitchen,kitchen_h0_r50_i8,10,1,0,3,0,1,"0,0,0","0.3333,0.3333,0.3333",0.5
kitchen,kitchen_h0_r50_i8,30,1,1,2,1,2,"1,0,0","0.2327,0.3837,0.3837",0.5
kitchen,kitchen_h0_r50_i8,50,1,1,1,1,3,"2,0,1","0.1863,0.5065,0.3072",0.5
kitchen,kitchen_h0_r50_i8,70,1,1,1,1,5,"4,0,1","0.0777,0.5741,0.3482",0.5
kitchen,kitchen_h0_r50_i8,100,1,1,1,1,6,"5,0,2","0.0566,0.6897,0.2537",0.5
kitchen,kitchen_h0_r50_i8,10,2,0,2,0,1,"0,1,0","0.3837,0.2327,0.3837",0.5
kitchen,kitchen_h0_r50_i8,30,2,2,1,1,2,"1,1,0","0.2741,0.2741,0.4519",0.5
kitchen,kitchen_h0_r50_i8,50,2,2,1,1,3,"2,2,0","0.2119,0.2119,0.5761",0.5
kitchen,kitchen_h0_r50_i8,70,2,2,1,1,4,"4,4,1","0.1543,0.1543,0.6914",0.5
kitchen,kitchen_h0_r50_i8,100,2,2,1,1,5,"5,5,1","0.1065,0.1065,0.7870",0.5
kitchen,kitchen_h0_r70_i2,10,0,0,1,1,2,"0,1,1","0.4519,0.2741,0.2741",0.5
kitchen,kitchen_h0_r70_i2,30,0,0,1,1,6,"0,5,5","0.8590,0.0705,0.0705",0.5
kitchen,kitchen_h0_r70_i2,50,0,0,1,1,10,"0,9,9","0.9783,0.0109,0.0109",0.5
kitchen,kitchen_h0_r70_i2,70,0,0,1,1,14,"0,13,13","0.9970,0.0015,0.0015",0.5
kitchen,kitchen_h0_r70_i2,100,0,0,1,1,19,"1,19,19","0.9998,0.0001,0.0001",0.5
kitchen,kitchen_h0_r70_i2,10,1,0,3,0,1,"0,0,0","0.3333,0.3333,0.3333",0.5
kitchen,kitchen_h0_r70_i2,30,1,1,2,1,2,"1,0,0","0.2327,0.3837,0.3837",0.5
kitchen,kitchen_h0_r70_i2,50,1,1,1,1,3,"2,0,1","0.1863,0.5065,0.3072",0.5
kitchen,kitchen_h0_r70_i2,70,1,1,1,1,5,"4,0,1","0.0777,0.5741,0.3482",0.5
kitchen,kitchen_h0_r70_i2,100,1,1,1,1,6,"5,0,2","0.0566,0.6897,0.2537",0.5
kitchen,kitchen_h0_r70_i2,10,2,0,2,0,1,"0,1,0","0.3837,0.2327,0.3837",0.5
kitchen,kitchen_h0_r70_i2,30,2,2,1,1,2,"1,1,0","0.2741,0.2741,0.4519",0.5
kitchen,kitchen_h0_r70_i2,50,2,2,1,1,3,"2,2,0","0.2119,0.2119,0.5761",0.5
kitchen,kitchen_h0_r70_i2,70,2,2,1,1,4,"4,4,1","0.1543,0.1543,0.6914",0.5
kitchen,kitchen_h0_r70_i2,100,2,2,1,1,5,"5,5,1","0.1065,0.1065,0.7870",0.5
kitchen,kitchen_h0_r70_i3,10,0,0,1,1,2,"0,1,1","0.4519,0.2741,0.2741",0.5
kitchen,kitchen_h0_r70_i3,30,0,0,1,1,6,"0,5,5","0.8590,0.0705,0.0705",0.5
kitchen,kitchen_h0_r70_i3,50,0,0,1,1,10,"0,9,9","0.9783,0.0109,0.0109",0.5
kitchen,kitchen_h0_r70_i3,70,0,0,1,1,14,"0,13,13","0.9970,0.0015,0.0015",0.5
kitchen,kitchen_h0_r70_i3,100,0,0,1,1,19,"1,19,19","0.9998,0.0001,0.0001",0.5
kitchen,kitchen_h0_r70_i3,10,1,0,3,0,1,"0,0,0","0.3333,0.3333,0.3333",0.5
kitchen,kitchen_h0_r70_i3,30,1,1,2,1,2,"1,0,0","0.2327,0.3837,0.3837",0.5
kitchen,kitchen_h0_r70_i3,50,1,1,1,1,3,"2,0,1","0.1863,0.5065,0.3072",0.5
kitchen,kitchen_h0_r70_i3,70,1,1,1,1,5,"4,0,1","0.0777,0.5741,0.3482",0.5
kitchen,kitchen_h0_r70_i3,100,1,1,1,1,6,"5,0,2","0.0566,0.6897,0.2537",0.5
kitchen,kitchen_h0_r70_i3,10,2,0,2,0,1,"0,1,0","0.3837,0.2327,0.3837",0.5
kitchen,kitchen_h0_r70_i3,30,2,2,1,1,2,"1,1,0","0.2741,0.2741,0.4519",0.5
kitchen,kitchen_h0_r70_i3,50,2,2,1,1,3,"2,2,0","0.2119,0.2119,0.5761",0.5
kitchen,kitchen_h0_r70_i3,70,2,2,1,1,4,"4,4,1","0.1543,0.1543,0.6914",0.5
kitchen,kitchen_h0_r70_i3,100,2,2,1,1,5,"5,5,1","0.1065,0.1065,0.7870",0.5
kitchen,kitchen_h0_r70_i5,10,0,0,1,1,2,"0,1,1","0.4519,0.2741,0.2741",0.5
kitchen,kitchen_h0_r70_i5,30,0,0,1,1,6,"0,5,5","0.8590,0.0705,0.0705",0.5
kitchen,kitchen_h0_r70_i5,50,0,0,1,1,10,"0,9,9","0.9783,0.0109,0.0109",0.5
kitchen,kitchen_h0_r70_i5,70,0,0,1,1,14,"0,13,13","0.9970,0.0015,0.0015",0.5
kitchen,kitchen_h0_r70_i5,100,0,0,1,1,19,"1,19,19","0.9998,0.0001,0.0001",0.5
kitchen,kitchen_h0_r70_i5,10,1,0,3,0,1,"0,0,0","0.3333,0.3333,0.3333",0.5
kitchen,kitchen_h0_r70_i5,30,1,1,2,1,2,"1,0,0","0.2327,0.3837,0.3837",0.5
kitchen,kitchen_h0_r70_i5,50,1,1,1,1,3,"2,0,1","0.1863,0.5065,0.3072",0.5
kitchen,kitchen_h0_r70_i5,70,1,1,1,1,5,"4,0,1","0.0777,0.5741,0.3482",0.5
kitchen,kitchen_h0_r70_i5,100,1,1,1,1,6,"5,0,2","0.0566,0.6897,0.2537",0.5
kitchen,kitchen_h0_r70_i5,10,2,0,2,0,1,"0,1,0","0.3837,0.2327,0.3837",0.5
kitchen,kitchen_h0_r70_i5,30,2,2,1,1,2,"1,1,0","0.2741,0.2741,0.4519",0.5
kitchen,kitchen_h0_r70_i5,50,2,2,1,1,3,"2,2,0","0.2119,0.2119,0.5761",0.5
kitchen,kitchen_h0_r70_i5,70,2,2,1,1,4,"4,4,1","0.1543,0.1543,0.6914",0.5
kitchen,kitchen_h0_r70_i5,100,2,2,1,1,5,"5,5,1","0.1065,0.1065,0.7870",0.5
kitchen,kitchen_h0_r70_i7,10,0,0,1,1,2,"0,1,1","0.4519,0.2741,0.2741",0.5
kitchen,kitchen_h0_r70_i7,30,0,0,1,1,6,"0,5,5","0.8590,0.0705,0.0705",0.5
kitchen,kitchen_h0_r70_i7,50,0,0,1,1,10,"0,9,9","0.9783,0.0109,0.0109",0.5
kitchen,kitchen_h0_r70_i7,70,0,0,1,1,14,"0,13,13","0.9970,0.0015,0.0015",0.5
kitchen,kitchen_h0_r70_i7,100,0,0,1,1,19,"1,19,19","0.9998,0.0001,0.0001",0.5
kitchen,kitchen_h0_r70_i7,10,1,0,3,0,1,"0,0,0","0.3333,0.3333,0.3333",0.5
kitchen,kitchen_h0_r70_i7,30,1,1,2,1,2,"1,0,0","0.2327,0.3837,0.3837",0.5
kitchen,kitchen_h0_r70_i7,50,1,1,1,1,3,"2,0,1","0.1863,0.5065,0.3072",0.5
kitchen,kitchen_h0_r70_i7,70,1,1,1,1,5,"4,0,1","0.0777,0.5741,0.3482",0.5
kitchen,kitchen_h0_r70_i7,100,1,1,1,1,6,"5,0,2","0.0566,0.6897,0.2537",0.5
kitchen,kitchen_h0_r70_i7,10,2,0,2,0,1,"0,1,0","0.3837,0.2327,0.3837",0.5
kitchen,kitchen_h0_r70_i7,30,2,2,1,1,2,"1,1,0","0.2741,0.2741,0.4519",0.5
kitchen,kitchen_h0_r70_i7,50,2,2,1,1,3,"2,2,0","0.2119,0.2119,0.5761",0.5
kitchen,kitchen_h0_r70_i7,70,2,2,1,1,4,"4,4,1","0.1543,0.1543,0.6914",0.5
kitchen,kitchen_h0_r70_i7,100,2,2,1,1,5,"5,5,1","0.1065,0.1065,0.7870",0.5
kitchen,kitchen_h0_r70_i8,10,0,0,1,1,2,"0,1,1","0.4519,0.2741,0.2741",0.5
kitchen,kitchen_h0_r70_i8,30,0,0,1,1,6,"0,5,5","0.8590,0.0705,0.0705",0.5
kitchen,kitchen_h0_r70_i8,50,0,0,1,1,10,"0,9,9","0.9783,0.0109,0.0109",0.5
kitchen,kitchen_h0_r70_i8,70,0,0,1,1,14,"0,13,13","0.9970,0.0015,0.0015",0.5
kitchen,kitchen_h0_r70_i8,100,0,0,1,1,19,"1,19,19","0.9998,0.0001,0.0001",0.5
kitchen,kitchen_h0_r70_i8,10,1,0,3,0,1,"0,0,0","0.3333,0.3333,0.3333",0.5
kitchen,kitchen_h0_r70_i8,30,1,1,2,1,2,"1,0,0","0.2327,0.3837,0.3837",0.5
kitchen,kitchen_h0_r70_i8,50,1,1,1,1,3,"2,0,1","0.1863,0.5065,0.3072",0.5
kitchen,kitchen_h0_r70_i8,70,1,1,1,1,5,"4,0,1","0.0777,0.5741,0.3482",0.5
kitchen,kitchen_h0_r70_i8,100,1,1,1,1,6,"5,0,2","0.0566,0.6897,0.2537",0.5
kitchen,kitchen_h0_r70_i8,10,2,0,2,0,1,"0,1,0","0.3837,0.2327,0.3837",0.5
kitchen,kitchen_h0_r70_i8,30,2,2,1,1,2,"1,1,0","0.2741,0.2741,0.4519",0.5
kitchen,kitchen_h0_r70_i8,50,2,2,1,1,3,"2,2,0","0.2119,0.2119,0.5761",0.5
kitchen,kitchen_h0_r70_i8,70,2,2,1,1,4,"4,4,1","0.1543,0.1543,0.6914",0.5
kitchen,kitchen_h0_r70_i8,100,2,2,1,1,5,"5,5,1","0.1065,0.1065,0.7870",0.5
kitchen,kitchen_h0_rfull_i0,10,0,0,1,1,2,"0,1,1","0.4519,0.2741,0.2741",0.5
kitchen,kitchen_h0_rfull_i0,30,0,0,1,1,6,"0,5,5","0.8590,0.0705,0.0705",0.5
kitchen,kitchen_h0_rfull_i0,50,0,0,1,1,10,"0,9,9","0.9783,0.0109,0.0109",0.5
kitchen,kitchen_h0_rfull_i0,70,0,0,1,1,14,"0,13,13","0.9970,0.0015,0.0015",0.5
kitchen,kitchen_h0_rfull_i0,100,0,0,1,1,19,"1,19,19","0.9998,0.0001,0.0001",0.5
kitchen,kitchen_h0_rfull_i0,10,1,0,3,0,1,"0,0,0","0.3333,0.3333,0.3333",0.5
kitchen,kitchen_h0_rfull_i0,30,1,1,2,1,2,"1,0,0","0.2327,0.3837,0.3837",0.5
kitchen,kitchen_h0_rfull_i0,50,1,1,1,1,3,"2,0,1","0.1863,0.5065,0.3072",0.5
kitchen,kitchen_h0_rfull_i0,70,1,1,1,1,5,"4,0,1","0.0777,0.5741,0.3482",0.5
kitchen,kitchen_h0_rfull_i0,100,1,1,1,1,6,"5,0,2","0.0566,0.6897,0.2537",0.5
kitchen,kitchen_h0_rfull_i0,10,2,0,2,0,1,"0,1,0","0.3837,0.2327,0.3837",0.5
kitchen,kitchen_h0_rfull_i0,30,2,2,1,1,2,"1,1,0","0.2741,0.2741,0.4519",0.5
kitchen,kitchen_h0_rfull_i0,50,2,2,1,1,3,"2,2,0","0.2119,0.2119,0.5761",0.5
kitchen,kitchen_h0_rfull_i0,70,2,2,1,1,4,"4,4,1","0.1543,0.1543,0.6914",0.5
kitchen,kitchen_h0_rfull_i0,100,2,2,1,1,5,"5,5,1","0.1065,0.1065,0.7870",0.5
kitchen,kitchen_h0_rfull_i1,10,0,0,1,1,2,"0,1,1","0.4519,0.2741,0.2741",0.5
kitchen,kitchen_h0_rfull_i1,30,0,0,1,1,6,"0,5,5","0.8590,0.0705,0.0705",0.5
kitchen,kitchen_h0_rfull_i1,50,0,0,1,1,10,"0,9,9","0.9783,0.0109,0.0109",0.5
kitchen,kitchen_h0_rfull_i1,70,0,0,1,1,14,"0,13,13","0.9970,0.0015,0.0015",0.5
kitchen,kitchen_h0_rfull_i1,100,0,0,1,1,19,"1,19,19","0.9998,0.0001,0.0001",0.5
kitchen,kitchen_h0_rfull_i1,10,1,0,3,0,1,"0,0,0","0.3333,0.3333,0.3333",0.5
kitchen,kitchen_h0_rfull_i1,30,1,1,2,1,2,"1,0,0","0.2327,0.3837,0.3837",0.5
kitchen,kitchen_h0_rfull_i1,50,1,1,1,1,3,"2,0,1","0.1863,0.5065,0.3072",0.5
kitchen,kitchen_h0_rfull_i1,70,1,1,1,1,5,"4,0,1","0.0777,0.5741,0.3482",0.5
kitchen,kitchen_h0_rfull_i1,100,1,1,1,1,6,"5,0,2","0.0566,0.6897,0.2537",0.5
kitchen,kitchen_h0_rfull_i1,10,2,0,2,0,1,"0,1,0","0.3837,0.2327,0.3837",0.5
kitchen,kitchen_h0_rfull_i1,30,2,2,1,1,2,"1,1,0","0.2741,0.2741,0.4519",0.5
kitchen,kitchen_h0_rfull_i1,50,2,2,1,1,3,"2,2,0","0.2119,0.2119,0.5761",0.5
kitchen,kitchen_h0_rfull_i1,70,2,2,1,1,4,"4,4,1","0.1543,0.1543,0.6914",0.5
kitchen,kitchen_h0_rfull_i1,100,2,2,1,1,5,"5,5,1","0.1065,0.1065,0.7870",0.5
kitchen,kitchen_h0_rfull_i2,10,0,0,1,1,2,"0,1,1","0.4519,0.2741,0.2741",0.5
kitchen,kitchen_h0_rfull_i2,30,0,0,1,1,6,"0,5,5","0.8590,0.0705,0.0705",0.5
kitchen,kitchen_h0_rfull_i2,50,0,0,1,1,10,"0,9,9","0.9783,0.0109,0.0109",0.5
kitchen,kitchen_h0_rfull_i2,70,0,0,1,1,14,"0,13,13","0.9970,0.0015,0.0015",0.5
kitchen,kitchen_h0_rfull_i2,100,0,0,1,1,19,"1,19,19","0.9998,0.0001,0.0001",0.5
kitchen,kitchen_h0_rfull_i2,10,1,0,3,0,1,"0,0,0","0.3333,0.3333,0.3333",0.5
kitchen,kitchen_h0_rfull_i2,30,1,1,2,1,2,"1,0,0","0.2327,0.3837,0.3837",0.5
kitchen,kitchen_h0_rfull_i2,50,1,1,1,1,3,"2,0,1","0.1863,0.5065,0.3072",0.5
kitchen,kitchen_h0_rfull_i2,70,1,1,1,1,5,"4,0,1","0.0777,0.5741,0.3482",0.5
kitchen,kitchen_h0_rfull_i2,100,1,1,1,1,6,"5,0,2","0.0566,0.6897,0.2537",0.5
kitchen,kitchen_h0_rfull_i2,10,2,0,2,0,1,"0,1,0","0.3837,0.2327,0.3837",0.5
kitchen,kitchen_h0_rfull_i2,30,2,2,1,1,2,"1,1,0","0.2741,0.2741,0.4519",0.5
kitchen,kitchen_h0_rfull_i2,50,2,2,1,1,3,"2,2,0","0.2119,0.2119,0.5761",0.5
kitchen,kitchen_h0_rfull_i2,70,2,2,1,1,4,"4,4,1","0.1543,0.1543,0.6914",0.5
kitchen,kitchen_h0_rfull_i2,100,2,2,1,1,5,"5,5,1","0.1065,0.1065,0.7870",0.5
kitchen,kitchen_h0_rfull_i4,10,0,0,1,1,2,"0,1,1","0.4519,0.2741,0.2741",0.5
kitchen,kitchen_h0_rfull_i4,30,0,0,1,1,6,"0,5,5","0.8590,0.0705,0.0705",0.5
kitchen,kitchen_h0_rfull_i4,50,0,0,1,1,10,"0,9,9","0.9783,0.0109,0.0109",0.5
kitchen,kitchen_h0_rfull_i4,70,0,0,1,1,14,"0,13,13","0.9970,0.0015,0.0015",0.5
kitchen,kitchen_h0_rfull_i4,100,0,0,1,1,19,"1,19,19","0.9998,0.0001,0.0001",0.5
kitchen,kitchen_h0_rfull_i4,10,1,0,3,0,1,"0,0,0","0.3333,0.3333,0.3333",0.5
kitchen,kitchen_h0_rfull_i4,30,1,1,2,1,2,"1,0,0","0.2327,0.3837,0.3837",0.5
kitchen,kitchen_h0_rfull_i4,50,1,1,1,1,3,"2,0,1","0.1863,0.5065,0.3072",0.5
kitchen,kitchen_h0_rfull_i4,70,1,1,1,1,5,"4,0,1","0.0777,0.5741,0.3482",0.5
kitchen,kitchen_h0_rfull_i4,100,1,1,1,1,6,"5,0,2","0.0566,0.6897,0.2537",0.5
kitchen,kitchen_h0_rfull_i4,10,2,0,2,0,1,"0,1,0","0.3837,0.2327,0.3837",0.5
kitchen,kitchen_h0_rfull_i4,30,2,2,1,1,2,"1,1,0","0.2741,0.2741,0.4519",0.5
kitchen,kitchen_h0_rfull_i4,50,2,2,1,1,3,"2,2,0","0.2119,0.2119,0.5761",0.5
kitchen,kitchen_h0_rfull_i4,70,2,2,1,1,4,"4,4,1","0.1543,0.1543,0.6914",0.5
kitchen,kitchen_h0_rfull_i4,100,2,2,1,1,5,"5,5,1","0.1065,0.1065,0.7870",0.5
kitchen,kitchen_h0_rfull_i6,10,0,0,1,1,2,"0,1,1","0.4519,0.2741,0.2741",0.5
kitchen,kitchen_h0_rfull_i6,30,0,0,1,1,6,"0,5,5","0.8590,0.0705,0.0705",0.5
kitchen,kitchen_h0_rfull_i6,50,0,0,1,1,10,"0,9,9","0.9783,0.0109,0.0109",0.5
kitchen,kitchen_h0_rfull_i6,70,0,0,1,1,14,"0,13,13","0.9970,0.0015,0.0015",0.5
kitchen,kitchen_h0_rfull_i6,100,0,0,1,1,19,"1,19,19","0.9998,0.0001,0.0001",0.5
kitchen,kitchen_h0_rfull_i6,10,1,0,3,0,1,"0,0,0","0.3333,0.3333,0.3333",0.5
kitchen,kitchen_h0_rfull_i6,30,1,1,2,1,2,"1,0,0","0.2327,0.3837,0.3837",0.5
kitchen,kitchen_h0_rfull_i6,50,1,1,1,1,3,"2,0,1","0.1863,0.5065,0.3072",0.5
kitchen,kitchen_h0_rfull_i6,70,1,1,1,1,5,"4,0,1","0.0777,0.5741,0.3482",0.5
kitchen,kitchen_h0_rfull_i6,100,1,1,1,1,6,"5,0,2","0.0566,0.6897,0.2537",0.5
kitchen,kitchen_h0_rfull_i6,10,2,0,2,0,1,"0,1,0","0.3837,0.2327,0.3837",0.5
kitchen,kitchen_h0_rfull_i6,30,2,2,1,1,2,"1,1,0","0.2741,0.2741,0.4519",0.5
kitchen,kitchen_h0_rfull_i6,50,2,2,1,1,3,"2,2,0","0.2119,0.2119,0.5761",0.5
kitchen,kitchen_h0_rfull_i6,70,2,2,1,1,4,"4,4,1","0.1543,0.1543,0.6914",0.5
kitchen,kitchen_h0_rfull_i6,100,2,2,1,1,5,"5,5,1","0.1065,0.1065,0.7870",0.5
kitchen,kitchen_h0_rfull_i7,10,0,0,1,1,2,"0,1,1","0.4519,0.2741,0.2741",0.5
kitchen,kitchen_h0_rfull_i7,30,0,0,1,1,6,"0,5,5","0.8590,0.0705,0.0705",0.5
kitchen,kitchen_h0_rfull_i7,50,0,0,1,1,10,"0,9,9","0.9783,0.0109,0.0109",0.5
kitchen,kitchen_h0_rfull_i7,70,0,0,1,1,14,"0,13,13","0.9970,0.0015,0.0015",0.5
kitchen,kitchen_h0_rfull_i7,100,0,0,1,1,19,"1,19,19","0.9998,0.0001,0.0001",0.5
kitchen,kitchen_h0_rfull_i7,10,1,0,3,0,1,"0,0,0","0.3333,0.3333,0.3333",0.5
kitchen,kitchen_h0_rfull_i7,30,1,1,2,1,2,"1,0,0","0.2327,0.3837,0.3837",0.5
kitchen,kitchen_h0_rfull_i7,50,1,1,1,1,3,"2,0,1","0.1863,0.5065,0.3072",0.5
kitchen,kitchen_h0_rfull_i7,70,1,1,1,1,5,"4,0,1","0.0777,0.5741,0.3482",0.5
kitchen,kitchen_h0_rfull_i7,100,1,1,1,1,6,"5,0,2","0.0566,0.6897,0.2537",0.5
kitchen,kitchen_h0_rfull_i7,10,2,0,2,0,1,"0,1,0","0.3837,0.2327,0.3837",0.5
kitchen,kitchen_h0_rfull_i7,30,2,2,1,1,2,"1,1,0","0.2741,0.2741,0.4519",0.5
kitchen,kitchen_h0_rfull_i7,50,2,2,1,1,3,"2,2,0","0.2119,0.2119,0.5761",0.5
kitchen,kitchen_h0_rfull_i7,70,2,2,1,1,4,"4,4,1","0.1543,0.1543,0.6914",0.5
kitchen,kitchen_h0_rfull_i7,100,2,2,1,1,5,"5,5,1","0.1065,0.1065,0.7870",0.5
kitchen,kitchen_h0_rfull_i8,10,0,0,1,1,2,"0,1,1","0.4519,0.2741,0.2741",0.5
kitchen,kitchen_h0_rfull_i8,30,0,0,1,1,6,"0,5,5","0.8590,0.0705,0.0705",0.5
kitchen,kitchen_h0_rfull_i8,50,0,0,1,1,10,"0,9,9","0.9783,0.0109,0.0109",0.5
kitchen,kitchen_h0_rfull_i8,70,0,0,1,1,14,"0,13,13","0.9970,0.0015,0.0015",0.5
kitchen,kitchen_h0_rfull_i8,100,0,0,1,1,19,"1,19,19","0.9998,0.0001,0.0001",0.5
kitchen,kitchen_h0_rfull_i8,10,1,0,3,0,1,"0,0,0","0.3333,0.3333,0.3333",0.5
kitchen,kitchen_h0_rfull_i8,30,1,1,2,1,2,"1,0,0","0.2327,0.3837,0.3837",0.5
kitchen,kitchen_h0_rfull_i8,50,1,1,1,1,3,"2,0,1","0.1863,0.5065,0.3072",0.5
kitchen,kitchen_h0_rfull_i8,70,1,1,1,1,5,"4,0,1","0.0777,0.5741,0.3482",0.5
kitchen,kitchen_h0_rfull_i8,100,1,1,1,1,6,"5,0,2","0.0566,0.6897,0.2537",0.5
kitchen,kitchen_h0_rfull_i8,10,2,0,2,0,1,"0,1,0","0.3837,0.2327,0.3837",0.5
kitchen,kitchen_h0_rfull_i8,30,2,2,1,1,2,"1,1,0","0.2741,0.2741,0.4519",0.5
kitchen,kitchen_h0_rfull_i8,50,2,2,1,1,3,"2,2,0","0.2119,0.2119,0.5761",0.5
kitchen,kitchen_h0_rfull_i8,70,2,2,1,1,4,"4,4,1","0.1543,0.1543,0.6914",0.5
kitchen,kitchen_h0_rfull_i8,100,2,2,1,1,5,"5,5,1","0.1065,0.1065,0.7870",0.5
kitchen,kitchen_h0_rfull_i9,10,0,0,1,1,2,"0,1,1","0.4519,0.2741,0.2741",0.5
kitchen,kitchen_h0_rfull_i9,30,0,0,1,1,6,"0,5,5","0.8590,0.0705,0.0705",0.5
kitchen,kitchen_h0_rfull_i9,50,0,0,1,1,10,"0,9,9","0.9783,0.0109,0.0109",0.5
kitchen,kitchen_h0_rfull_i9,70,0,0,1,1,14,"0,13,13","0.9970,0.0015,0.0015",0.5
kitchen,kitchen_h0_rfull_i9,100,0,0,1,1,19,"1,19,19","0.9998,0.0001,0.0001",0.5
kitchen,kitchen_h0_rfull_i9,10,1,0,3,0,1,"0,0,0","0.3333,0.3333,0.3333",0.5
kitchen,kitchen_h0_rfull_i9,30,1,1,2,1,2,"1,0,0","0.2327,0.3837,0.3837",0.5
kitchen,kitchen_h0_rfull_i9,50,1,1,1,1,3,"2,0,1","0.1863,0.5065,0.3072",0.5
kitchen,kitchen_h0_rfull_i9,70,1,1,1,1,5,"4,0,1","0.0777,0.5741,0.3482",0.5
kitchen,kitchen_h0_rfull_i9,100,1,1,1,1,6,"5,0,2","0.0566,0.6897,0.2537",0.5
kitchen,kitchen_h0_rfull_i9,10,2,0,2,0,1,"0,1,0","0.3837,0.2327,0.3837",0.5
kitchen,kitchen_h0_rfull_i9,30,2,2,1,1,2,"1,1,0","0.2741,0.2741,0.4519",0.5
kitchen,kitchen_h0_rfull_i9,50,2,2,1,1,3,"2,2,0","0.2119,0.2119,0.5761",0.5
kitchen,kitchen_h0_rfull_i9,70,2,2,1,1,4,"4,4,1","0.1543,0.1543,0.6914",0.5
kitchen,kitchen_h0_rfull_i9,100,2,2,1,1,5,"5,5,1","0.1065,0.1065,0.7870",0.5
kitchen,kitchen_h1_r10_i1,10,0,0,1,1,2,"0,1,1","0.4519,0.2741,0.2741",0.5
kitchen,kitchen_h1_r10_i1,30,0,0,1,1,6,"0,5,5","0.8590,0.0705,0.0705",0.5
kitchen,kitchen_h1_r10_i1,50,0,0,1,1,10,"0,9,9","0.9783,0.0109,0.0109",0.5
kitchen,kitchen_h1_r10_i1,70,0,0,1,1,14,"0,13,13","0.9970,0.0015,0.0015",0.5
kitchen,kitchen_h1_r10_i1,100,0,0,1,1,19,"1,19,19","0.9998,0.0001,0.0001",0.5
kitchen,kitchen_h1_r10_i1,10,1,0,3,0,1,"0,0,0","0.3333,0.3333,0.3333",0.5
kitchen,kitchen_h1_r10_i1,30,1,1,2,1,2,"1,0,0","0.2327,0.3837,0.3837",0.5
kitchen,kitchen_h1_r10_i1,50,1,1,1,1,3,"2,0,1","0.1863,0.5065,0.3072",0.5
kitchen,kitchen_h1_r10_i1,70,1,1,1,1,5,"4,0,1","0.0777,0.5741,0.3482",0.5
kitchen,kitchen_h1_r10_i1,100,1,1,1,1,6,"5,0,2","0.0566,0.6897,0.2537",0.5
kitchen,kitchen_h1_r10_i1,10,2,0,2,0,1,"0,1,0","0.3837,0.2327,0.3837",0.5
kitchen,kitchen_h1_r10_i1,30,2,2,1,1,2,"1,1,0","0.2741,0.2741,0.4519",0.5
kitchen,kitchen_h1_r10_i1,50,2,2,1,1,3,"2,2,0","0.2119,0.2119,0.5761",0.5
kitchen,kitchen_h1_r10_i1,70,2,2,1,1,4,"4,4,1","0.1543,0.1543,0.6914",0.5
kitchen,kitchen_h1_r10_i1,100,2,2,1,1,5,"5,5,1","0.1065,0.1065,0.7870",0.5
kitchen,kitchen_h1_r10_i5,10,0,0,1,1,2,"0,1,1","0.4519,0.2741,0.2741",0.5
kitchen,kitchen_h1_r10_i5,30,0,0,1,1,6,"0,5,5","0.8590,0.0705,0.0705",0.5
kitchen,kitchen_h1_r10_i5,50,0,0,1,1,10,"0,9,9","0.9783,0.0109,0.0109",0.5
kitchen,kitchen_h1_r10_i5,70,0,0,1,1,14,"0,13,13","0.9970,0.0015,0.0015",0.5
kitchen,kitchen_h1_r10_i5,100,0,0,1,1,19,"1,19,19","0.9998,0.0001,0.0001",0.5
kitchen,kitchen_h1_r10_i5,10,1,0,3,0,1,"0,0,0","0.3333,0.3333,0.3333",0.5
kitchen,kitchen_h1_r10_i5,30,1,1,2,1,2,"1,0,0","0.2327,0.3837,0.3837",0.5
kitchen,kitchen_h1_r10_i5,50,1,1,1,1,3,"2,0,1","0.1863,0.5065,0.3072",0.5
kitchen,kitchen_h1_r10_i5,70,1,1,1,1,5,"4,0,1","0.0777,0.5741,0.3482",0.5
kitchen,kitchen_h1_r10_i5,100,1,1,1,1,6,"5,0,2","0.0566,0.6897,0.2537",0.5
kitchen,kitchen_h1_r10_i5,10,2,0,2,0,1,"0,1,0","0.3837,0.2327,0.3837",0.5
kitchen,kitchen_h1_r10_i5,30,2,2,1,1,2,"1,1,0","0.2741,0.2741,0.4519",0.5
kitchen,kitchen_h1_r10_i5,50,2,2,1,1,3,"2,2,0","0.2119,0.2119,0.5761",0.5
kitchen,kitchen_h1_r10_i5,70,2,2,1,1,4,"4,4,1","0.1543,0.1543,0.6914",0.5
kitchen,kitchen_h1_r10_i5,100,2,2,1,1,5,"5,5,1","0.1065,0.1065,0.7870",0.5
kitchen,kitchen_h1_r10_i9,10,0,0,1,1,2,"0,1,1","0.4519,0.2741,0.2741",0.5
kitchen,kitchen_h1_r10_i9,30,0,0,1,1,6,"0,5,5","0.8590,0.0705,0.0705",0.5
kitchen,kitchen_h1_r10_i9,50,0,0,1,1,10,"0,9,9","0.9783,0.0109,0.0109",0.5
kitchen,kitchen_h1_r10_i9,70,0,0,1,1,14,"0,13,13","0.9970,0.0015,0.0015",0.5
kitchen,kitchen_h1_r10_i9,100,0,0,1,1,19,"1,19,19","0.9998,0.0001,0.0001",0.5
kitchen,kitchen_h1_r10_i9,10,1,0,3,0,1,"0,0,0","0.3333,0.3333,0.3333",0.5
kitchen,kitchen_h1_r10_i9,30,1,1,2,1,2,"1,0,0","0.2327,0.3837,0.3837",0.5
kitchen,kitchen_h1_r10_i9,50,1,1,1,1,3,"2,0,1","0.1863,0.5065,0.3072",0.5
kitchen,kitchen_h1_r10_i9,70,1,1,1,1,5,"4,0,1","0.0777,0.5741,0.3482",0.5
kitchen,kitchen_h1_r10_i9,100,1,1,1,1,6,"5,0,2","0.0566,0.6897,0.2537",0.5
kitchen,kitchen_h1_r10_i9,10,2,0,2,0,1,"0,1,0","0.3837,0.2327,0.3837",0.5
kitchen,kitchen_h1_r10_i9,30,2,2,1,1,2,"1,1,0","0.2741,0.2741,0.4519",0.5
kitchen,kitchen_h1_r10_i9,50,2,2,1,1,3,"2,2,0","0.2119,0.2119,0.5761",0.5
kitchen,kitchen_h1_r10_i9,70,2,2,1,1,4,"4,4,1","0.1543,0.1543,0.6914",0.5
kitchen,kitchen_h1_r10_i9,100,2,2,1,1,5,"5,5,1","0.1065,0.1065,0.7870",0.5
kitchen,kitchen_h1_r30_i1,10,0,0,1,1,2,"0,1,1","0.4519,0.2741,0.2741",0.5
kitchen,kitchen_h1_r30_i1,30,0,0,1,1,6,"0,5,5","0.8590,0.0705,0.0705",0.5
kitchen,kitchen_h1_r30_i1,50,0,0,1,1,10,"0,9,9","0.9783,0.0109,0.0109",0.5
kitchen,kitchen_h1_r30_i1,70,0,0,1,1,14,"0,13,13","0.9970,0.0015,0.0015",0.5
kitchen,kitchen_h1_r30_i1,100,0,0,1,1,19,"1,19,19","0.9998,0.0001,0.0001",0.5
kitchen,kitchen_h1_r30_i1,10,1,0,3,0,1,"0,0,0","0.3333,0.3333,0.3333",0.5
kitchen,kitchen_h1_r30_i1,30,1,1,2,1,2,"1,0,0","0.2327,0.3837,0.3837",0.5
kitchen,kitchen_h1_r30_i1,50,1,1,1,1,3,"2,0,1","0.1863,0.5065,0.3072",0.5
kitchen,kitchen_h1_r30_i1,70,1,1,1,1,5,"4,0,1","0.0777,0.5741,0.3482",0.5
kitchen,kitchen_h1_r30_i1,100,1,1,1,1,6,"5,0,2","0.0566,0.6897,0.2537",0.5
kitchen,kitchen_h1_r30_i1,10,2,0,2,0,1,"0,1,0","0.3837,0.2327,0.3837",0.5
kitchen,kitchen_h1_r30_i1,30,2,2,1,1,2,"1,1,0","0.2741,0.2741,0.4519",0.5
kitchen,kitchen_h1_r30_i1,50,2,2,1,1,3,"2,2,0","0.2119,0.2119,0.5761",0.5
kitchen,kitchen_h1_r30_i1,70,2,2,1,1,4,"4,4,1","0.1543,0.1543,0.6914",0.5
kitchen,kitchen_h1_r30_i1,100,2,2,1,1,5,"5,5,1","0.1065,0.1065,0.7870",0.5
kitchen,kitchen_h1_r30_i9,10,0,0,1,1,2,"0,1,1","0.4519,0.2741,0.2741",0.5
kitchen,kitchen_h1_r30_i9,30,0,0,1,1,6,"0,5,5","0.8590,0.0705,0.0705",0.5
kitchen,kitchen_h1_r30_i9,50,0,0,1,1,10,"0,9,9","0.9783,0.0109,0.0109",0.5
kitchen,kitchen_h1_r30_i9,70,0,0,1,1,14,"0,13,13","0.9970,0.0015,0.0015",0.5
kitchen,kitchen_h1_r30_i9,100,0,0,1,1,19,"1,19,19","0.9998,0.0001,0.0001",0.5
kitchen,kitchen_h1_r30_i9,10,1,0,3,0,1,"0,0,0","0.3333,0.3333,0.3333",0.5
kitchen,kitchen_h1_r30_i9,30,1,1,2,1,2,"1,0,0","0.2327,0.3837,0.3837",0.5
kitchen,kitchen_h1_r30_i9,50,1,1,1,1,3,"2,0,1","0.1863,0.5065,0.3072",0.5
kitchen,kitchen_h1_r30_i9,70,1,1,1,1,5,"4,0,1","0.0777,0.5741,0.3482",0.5
kitchen,kitchen_h1_r30_i9,100,1,1,1,1,6,"5,0,2","0.0566,0.6897,0.2537",0.5
kitchen,kitchen_h1_r30_i9,10,2,0,2,0,1,"0,1,0","0.3837,0.2327,0.3837",0.5
kitchen,kitchen_h1_r30_i9,30,2,2,1,1,2,"1,1,0","0.2741,0.2741,0.4519",0.5
kitchen,kitchen_h1_r30_i9,50,2,2,1,1,3,"2,2,0","0.2119,0.2119,0.5761",0.5
kitchen,kitchen_h1_r30_i9,70,2,2,1,1,4,"4,4,1","0.1543,0.1543,0.6914",0.5
kitchen,kitchen_h1_r30_i9,100,2,2,1,1,5,"5,5,1","0.1065,0.1065,0.7870",0.5
kitchen,kitchen_h1_r50_i2,10,0,0,1,1,2,"0,1,1","0.4519,0.2741,0.2741",0.5
kitchen,kitchen_h1_r50_i2,30,0,0,1,1,6,"0,5,5","0.8590,0.0705,0.0705",0.5
kitchen,kitchen_h1_r50_i2,50,0,0,1,1,10,"0,9,9","0.9783,0.0109,0.0109",0.5
kitchen,kitchen_h1_r50_i2,70,0,0,1,1,14,"0,13,13","0.9970,0.0015,0.0015",0.5
kitchen,kitchen_h1_r50_i2,100,0,0,1,1,19,"1,19,19","0.9998,0.0001,0.0001",0.5
kitchen,kitchen_h1_r50_i2,10,1,0,3,0,1,"0,0,0","0.3333,0.3333,0.3333",0.5
kitchen,kitchen_h1_r50_i2,30,1,1,2,1,2,"1,0,0","0.2327,0.3837,0.3837",0.5
kitchen,kitchen_h1_r50_i2,50,1,1,1,1,3,"2,0,1","0.1863,0.5065,0.3072",0.5
kitchen,kitchen_h1_r50_i2,70,1,1,1,1,5,"4,0,1","0.0777,0.5741,0.3482",0.5
kitchen,kitchen_h1_r50_i2,100,1,1,1,1,6,"5,0,2","0.0566,0.6897,0.2537",0.5
kitchen,kitchen_h1_r50_i2,10,2,0,2,0,1,"0,1,0","0.3837,0.2327,0.3837",0.5
kitchen,kitchen_h1_r50_i2,30,2,2,1,1,2,"1,1,0","0.2741,0.2741,0.4519",0.5
kitchen,kitchen_h1_r50_i2,50,2,2,1,1,3,"2,2,0","0.2119,0.2119,0.5761",0.5
kitchen,kitchen_h1_r50_i2,70,2,2,1,1,4,"4,4,1","0.1543,0.1543,0.6914",0.5
kitchen,kitchen_h1_r50_i2,100,2,2,1,1,5,"5,5,1","0.1065,0.1065,0.7870",0.5
kitchen,kitchen_h1_r50_i3,10,0,0,1,1,2,"0,1,1","0.4519,0.2741,0.2741",0.5
kitchen,kitchen_h1_r50_i3,30,0,0,1,1,6,"0,5,5","0.8590,0.0705,0.0705",0.5
kitchen,kitchen_h1_r50_i3,50,0,0,1,1,10,"0,9,9","0.9783,0.0109,0.0109",0.5
kitchen,kitchen_h1_r50_i3,70,0,0,1,1,14,"0,13,13","0.9970,0.0015,0.0015",0.5
kitchen,kitchen_h1_r50_i3,100,0,0,1,1,19,"1,19,19","0.9998,0.0001,0.0001",0.5
kitchen,kitchen_h1_r50_i3,10,1,0,3,0,1,"0,0,0","0.3333,0.3333,0.3333",0.5
kitchen,kitchen_h1_r50_i3,30,1,1,2,1,2,"1,0,0","0.2327,0.3837,0.3837",0.5
kitchen,kitchen_h1_r50_i3,50,1,1,1,1,3,"2,0,1","0.1863,0.5065,0.3072",0.5
kitchen,kitchen_h1_r50_i3,70,1,1,1,1,5,"4,0,1","0.0777,0.5741,0.3482",0.5
kitchen,kitchen_h1_r50_i3,100,1,1,1,1,6,"5,0,2","0.0566,0.6897,0.2537",0.5
kitchen,kitchen_h1_r50_i3,10,2,0,2,0,1,"0,1,0","0.3837,0.2327,0.3837",0.5
kitchen,kitchen_h1_r50_i3,30,2,2,1,1,2,"1,1,0","0.2741,0.2741,0.4519",0.5
kitchen,kitchen_h1_r50_i3,50,2,2,1,1,3,"2,2,0","0.2119,0.2119,0.5761",0.5
kitchen,kitchen_h1_r50_i3,70,2,2,1,1,4,"4,4,1","0.1543,0.1543,0.6914",0.5
kitchen,kitchen_h1_r50_i3,100,2,2,1,1,5,"5,5,1","0.1065,0.1065,0.7870",0.5
kitchen,kitchen_h1_r50_i4,10,0,0,1,1,2,"0,1,1","0.4519,0.2741,0.2741",0.5
kitchen,kitchen_h1_r50_i4,30,0,0,1,1,6,"0,5,5","0.8590,0.0705,0.0705",0.5
kitchen,kitchen_h1_r50_i4,50,0,0,1,1,10,"0,9,9","0.9783,0.0109,0.0109",0.5
kitchen,kitchen_h1_r50_i4,70,0,0,1,1,14,"0,13,13","0.9970,0.0015,0.0015",0.5
kitchen,kitchen_h1_r50_i4,100,0,0,1,1,19,"1,19,19","0.9998,0.0001,0.0001",0.5
kitchen,kitchen_h1_r50_i4,10,1,0,3,0,1,"0,0,0","0.3333,0.3333,0.3333",0.5
kitchen,kitchen_h1_r50_i4,30,1,1,2,1,2,"1,0,0","0.2327,0.3837,0.3837",0.5
kitchen,kitchen_h1_r50_i4,50,1,1,1,1,3,"2,0,1","0.1863,0.5065,0.3072",0.5
kitchen,kitchen_h1_r50_i4,70,1,1,1,1,5,"4,0,1","0.0777,0.5741,0.3482",0.5
kitchen,kitchen_h1_r50_i4,100,1,1,1,1,6,"5,0,2","0.0566,0.6897,0.2537",0.5
kitchen,kitchen_h1_r50_i4,10,2,0,2,0,1,"0,1,0","0.3837,0.2327,0.3837",0.5
kitchen,kitchen_h1_r50_i4,30,2,2,1,1,2,"1,1,0","0.2741,0.2741,0.4519",0.5
kitchen,kitchen_h1_r50_i4,50,2,2,1,1,3,"2,2,0","0.2119,0.2119,0.5761",0.5
kitchen,kitchen_h1_r50_i4,70,2,2,1,1,4,"4,4,1","0.1543,0.1543,0.6914",0.5
kitchen,kitchen_h1_r50_i4,100,2,2,1,1,5,"5,5,1","0.1065,0.1065,0.7870",0.5
kitchen,kitchen_h1_r50_i5,10,0,0,1,1,2,"0,1,1","0.4519,0.2741,0.2741",0.5
kitchen,kitchen_h1_r50_i5,30,0,0,1,1,6,"0,5,5","0.8590,0.0705,0.0705",0.5
kitchen,kitchen_h1_r50_i5,50,0,0,1,1,10,"0,9,9","0.9783,0.0109,0.0109",0.5
kitchen,kitchen_h1_r50_i5,70,0,0,1,1,14,"0,13,13","0.9970,0.0015,0.0015",0.5
kitchen,kitchen_h1_r50_i5,100,0,0,1,1,19,"1,19,19","0.9998,0.0001,0.0001",0.5
kitchen,kitchen_h1_r50_i5,10,1,0,3,0,1,"0,0,0","0.3333,0.3333,0.3333",0.5
kitchen,kitchen_h1_r50_i5,30,1,1,2,1,2,"1,0,0","0.2327,0.3837,0.3837",0.5
kitchen,kitchen_h1_r50_i5,50,1,1,1,1,3,"2,0,1","0.1863,0.5065,0.3072",0.5
kitchen,kitchen_h1_r50_i5,70,1,1,1,1,5,"4,0,1","0.0777,0.5741,0.3482",0.5
kitchen,kitchen_h1_r50_i5,100,1,1,1,1,6,"5,0,2","0.0566,0.6897,0.2537",0.5
kitchen,kitchen_h1_r50_i5,10,2,0,2,0,1,"0,1,0","0.3837,0.2327,0.3837",0.5
kitchen,kitchen_h1_r50_i5,30,2,2,1,1,2,"1,1,0","0.2741,0.2741,0.4519",0.5
kitchen,kitchen_h1_r50_i5,50,2,2,1,1,3,"2,2,0","0.2119,0.2119,0.5761",0.5
kitchen,kitchen_h1_r50_i5,70,2,2,1,1,4,"4,4,1","0.1543,0.1543,0.6914",0.5
kitchen,kitchen_h1_r50_i5,100,2,2,1,1,5,"5,5,1","0.1065,0.1065,0.7870",0.5
kitchen,kitchen_h1_r70_i9,10,0,0,1,1,2,"0,1,1","0.4519,0.2741,0.2741",0.5
kitchen,kitchen_h1_r70_i9,30,0,0,1,1,6,"0,5,5","0.8590,0.0705,0.0705",0.5
kitchen,kitchen_h1_r70_i9,50,0,0,1,1,10,"0,9,9","0.9783,0.0109,0.0109",0.5
kitchen,kitchen_h1_r70_i9,70,0,0,1,1,14,"0,13,13","0.9970,0.0015,0.0015",0.5
kitchen,kitchen_h1_r70_i9,100,0,0,1,1,19,"1,19,19","0.9998,0.0001,0.0001",0.5
kitchen,kitchen_h1_r70_i9,10,1,0,3,0,1,"0,0,0","0.3333,0.3333,0.3333",0.5
kitchen,kitchen_h1_r70_i9,30,1,1,2,1,2,"1,0,0","0.2327,0.3837,0.3837",0.5
kitchen,kitchen_h1_r70_i9,50,1,1,1,1,3,"2,0,1","0.1863,0.5065,0.3072",0.5
kitchen,kitchen_h1_r70_i9,70,1,1,1,1,5,"4,0,1","0.0777,0.5741,0.3482",0.5
kitchen,kitchen_h1_r70_i9,100,1,1,1,1,6,"5,0,2","0.0566,0.6897,0.2537",0.5
kitchen,kitchen_h1_r70_i9,10,2,0,2,0,1,"0,1,0","0.3837,0.2327,0.3837",0.5
kitchen,kitchen_h1_r70_i9,30,2,2,1,1,2,"1,1,0","0.2741,0.2741,0.4519",0.5
kitchen,kitchen_h1_r70_i9,50,2,2,1,1,3,"2,2,0","0.2119,0.2119,0.5761",0.5
kitchen,kitchen_h1_r70_i9,70,2,2,1,1,4,"4,4,1","0.1543,0.1543,0.6914",0.5
kitchen,kitchen_h1_r70_i9,100,2,2,1,1,5,"5,5,1","0.1065,0.1065,0.7870",0.5
kitchen,kitchen_h1_rfull_i3,10,0,0,1,1,2,"0,1,1","0.4519,0.2741,0.2741",0.5
kitchen,kitchen_h1_rfull_i3,30,0,0,1,1,6,"0,5,5","0.8590,0.0705,0.0705",0.5
kitchen,kitchen_h1_rfull_i3,50,0,0,1,1,10,"0,9,9","0.9783,0.0109,0.0109",0.5
kitchen,kitchen_h1_rfull_i3,70,0,0,1,1,14,"0,13,13","0.9970,0.0015,0.0015",0.5
kitchen,kitchen_h1_rfull_i3,100,0,0,1,1,19,"1,19,19","0.9998,0.0001,0.0001",0.5
kitchen,kitchen_h1_rfull_i3,10,1,0,3,0,1,"0,0,0","0.3333,0.3333,0.3333",0.5
kitchen,kitchen_h1_rfull_i3,30,1,1,2,1,2,"1,0,0","0.2327,0.3837,0.3837",0.5
kitchen,kitchen_h1_rfull_i3,50,1,1,1,1,3,"2,0,1","0.1863,0.5065,0.3072",0.5
kitchen,kitchen_h1_rfull_i3,70,1,1,1,1,5,"4,0,1","0.0777,0.5741,0.3482",0.5
kitchen,kitchen_h1_rfull_i3,100,1,1,1,1,6,"5,0,2","0.0566,0.6897,0.2537",0.5
kitchen,kitchen_h1_rfull_i3,10,2,0,2,0,1,"0,1,0","0.3837,0.2327,0.3837",0.5
kitchen,kitchen_h1_rfull_i3,30,2,2,1,1,2,"1,1,0","0.2741,0.2741,0.4519",0.5
kitchen,kitchen_h1_rfull_i3,50,2,2,1,1,3,"2,2,0","0.2119,0.2119,0.5761",0.5
kitchen,kitchen_h1_rfull_i3,70,2,2,1,1,4,"4,4,1","0.1543,0.1543,0.6914",0.5
kitchen,kitchen_h1_rfull_i3,100,2,2,1,1,5,"5,5,1","0.1065,0.1065,0.7870",0.5
kitchen,kitchen_h2_r10_i0,10,0,0,1,1,2,"0,1,1","0.4519,0.2741,0.2741",0.5
kitchen,kitchen_h2_r10_i0,30,0,0,1,1,6,"0,5,5","0.8590,0.0705,0.0705",0.5
kitchen,kitchen_h2_r10_i0,50,0,0,1,1,10,"0,9,9","0.9783,0.0109,0.0109",0.5
kitchen,kitchen_h2_r10_i0,70,0,0,1,1,14,"0,13,13","0.9970,0.0015,0.0015",0.5
kitchen,kitchen_h2_r10_i0,100,0,0,1,1,19,"1,19,19","0.9998,0.0001,0.0001",0.5
kitchen,kitchen_h2_r10_i0,10,1,0,3,0,1,"0,0,0","0.3333,0.3333,0.3333",0.5
kitchen,kitchen_h2_r10_i0,30,1,1,2,1,2,"1,0,0","0.2327,0.3837,0.3837",0.5
kitchen,kitchen_h2_r10_i0,50,1,1,1,1,3,"2,0,1","0.1863,0.5065,0.3072",0.5
kitchen,kitchen_h2_r10_i0,70,1,1,1,1,5,"4,0,1","0.0777,0.5741,0.3482",0.5
kitchen,kitchen_h2_r10_i0,100,1,1,1,1,6,"5,0,2","0.0566,0.6897,0.2537",0.5
kitchen,kitchen_h2_r10_i0,10,2,0,2,0,1,"0,1,0","0.3837,0.2327,0.3837",0.5
kitchen,kitchen_h2_r10_i0,30,2,2,1,1,2,"1,1,0","0.2741,0.2741,0.4519",0.5
kitchen,kitchen_h2_r10_i0,50,2,2,1,1,3,"2,2,0","0.2119,0.2119,0.5761",0.5
kitchen,kitchen_h2_r10_i0,70,2,2,1,1,4,"4,4,1","0.1543,0.1543,0.6914",0.5
kitchen,kitchen_h2_r10_i0,100,2,2,1,1,5,"5,5,1","0.1065,0.1065,0.7870",0.5
kitchen,kitchen_h2_r30_i4,10,0,0,1,1,2,"0,1,1","0.4519,0.2741,0.2741",0.5
kitchen,kitchen_h2_r30_i4,30,0,0,1,1,6,"0,5,5","0.8590,0.0705,0.0705",0.5
kitchen,kitchen_h2_r30_i4,50,0,0,1,1,10,"0,9,9","0.9783,0.0109,0.0109",0.5
kitchen,kitchen_h2_r30_i4,70,0,0,1,1,14,"0,13,13","0.9970,0.0015,0.0015",0.5
kitchen,kitchen_h2_r30_i4,100,0,0,1,1,19,"1,19,19","0.9998,0.0001,0.0001",0.5
kitchen,kitchen_h2_r30_i4,10,1,0,3,0,1,"0,0,0","0.3333,0.3333,0.3333",0.5
kitchen,kitchen_h2_r30_i4,30,1,1,2,1,2,"1,0,0","0.2327,0.3837,0.3837",0.5
kitchen,kitchen_h2_r30_i4,50,1,1,1,1,3,"2,0,1","0.1863,0.5065,0.3072",0.5
kitchen,kitchen_h2_r30_i4,70,1,1,1,1,5,"4,0,1","0.0777,0.5741,0.3482",0.5
kitchen,kitchen_h2_r30_i4,100,1,1,1,1,6,"5,0,2","0.0566,0.6897,0.2537",0.5
kitchen,kitchen_h2_r30_i4,10,2,0,2,0,1,"0,1,0","0.3837,0.2327,0.3837",0.5
kitchen,kitchen_h2_r30_i4,30,2,2,1,1,2,"1,1,0","0.2741,0.2741,0.4519",0.5
kitchen,kitchen_h2_r30_i4,50,2,2,1,1,3,"2,2,0","0.2119,0.2119,0.5761",0.5
kitchen,kitchen_h2_r30_i4,70,2,2,1,1,4,"4,4,1","0.1543,0.1543,0.6914",0.5
kitchen,kitchen_h2_r30_i4,100,2,2,1,1,5,"5,5,1","0.1065,0.1065,0.7870",0.5
kitchen,kitchen_h2_r30_i5,10,0,0,1,1,2,"0,1,1","0.4519,0.2741,0.2741",0.5
kitchen,kitchen_h2_r30_i5,30,0,0,1,1,6,"0,5,5","0.8590,0.0705,0.0705",0.5
kitchen,kitchen_h2_r30_i5,50,0,0,1,1,10,"0,9,9","0.9783,0.0109,0.0109",0.5
kitchen,kitchen_h2_r30_i5,70,0,0,1,1,14,"0,13,13","0.9970,0.0015,0.0015",0.5
kitchen,kitchen_h2_r30_i5,100,0,0,1,1,19,"1,19,19","0.9998,0.0001,0.0001",0.5
kitchen,kitchen_h2_r30_i5,10,1,0,3,0,1,"0,0,0","0.3333,0.3333,0.3333",0.5
kitchen,kitchen_h2_r30_i5,30,1,1,2,1,2,"1,0,0","0.2327,0.3837,0.3837",0.5
kitchen,kitchen_h2_r30_i5,50,1,1,1,1,3,"2,0,1","0.1863,0.5065,0.3072",0.5
kitchen,kitchen_h2_r30_i5,70,1,1,1,1,5,"4,0,1","0.0777,0.5741,0.3482",0.5
kitchen,kitchen_h2_r30_i5,100,1,1,1,1,6,"5,0,2","0.0566,0.6897,0.2537",0.5
kitchen,kitchen_h2_r30_i5,10,2,0,2,0,1,"0,1,0","0.3837,0.2327,0.3837",0.5
kitchen,kitchen_h2_r30_i5,30,2,2,1,1,2,"1,1,0","0.2741,0.2741,0.4519",0.5
kitchen,kitchen_h2_r30_i5,50,2,2,1,1,3,"2,2,0","0.2119,0.2119,0.5761",0.5
kitchen,kitchen_h2_r30_i5,70,2,2,1,1,4,"4,4,1","0.1543,0.1543,0.6914",0.5
kitchen,kitchen_h2_r30_i5,100,2,2,1,1,5,"5,5,1","0.1065,0.1065,0.7870",0.5
kitchen,kitchen_h2_r30_i6,10,0,0,1,1,2,"0,1,1","0.4519,0.2741,0.2741",0.5
kitchen,kitchen_h2_r30_i6,30,0,0,1,1,6,"0,5,5","0.8590,0.0705,0.0705",0.5
kitchen,kitchen_h2_r30_i6,50,0,0,1,1,10,"0,9,9","0.9783,0.0109,0.0109",0.5
kitchen,kitchen_h2_r30_i6,70,0,0,1,1,14,"0,13,13","0.9970,0.0015,0.0015",0.5
kitchen,kitchen_h2_r30_i6,100,0,0,1,1,19,"1,19,19","0.9998,0.0001,0.0001",0.5
kitchen,kitchen_h2_r30_i6,10,1,0,3,0,1,"0,0,0","0.3333,0.3333,0.3333",0.5
kitchen,kitchen_h2_r30_i6,30,1,1,2,1,2,"1,0,0","0.2327,0.3837,0.3837",0.5
kitchen,kitchen_h2_r30_i6,50,1,1,1,1,3,"2,0,1","0.1863,0.5065,0.3072",0.5
kitchen,kitchen_h2_r30_i6,70,1,1,1,1,5,"4,0,1","0.0777,0.5741,0.3482",0.5
kitchen,kitchen_h2_r30_i6,100,1,1,1,1,6,"5,0,2","0.0566,0.6897,0.2537",0.5
kitchen,kitchen_h2_r30_i6,10,2,0,2,0,1,"0,1,0","0.3837,0.2327,0.3837",0.5
kitchen,kitchen_h2_r30_i6,30,2,2,1,1,2,"1,1,0","0.2741,0.2741,0.4519",0.5
kitchen,kitchen_h2_r30_i6,50,2,2,1,1,3,"2,2,0","0.2119,0.2119,0.5761",0.5
kitchen,kitchen_h2_r30_i6,70,2,2,1,1,4,"4,4,1","0.1543,0.1543,0.6914",0.5
kitchen,kitchen_h2_r30_i6,100,2,2,1,1,5,"5,5,1","0.1065,0.1065,0.7870",0.5
kitchen,kitchen_h2_r30_i7,10,0,0,1,1,2,"0,1,1","0.4519,0.2741,0.2741",0.5
kitchen,kitchen_h2_r30_i7,30,0,0,1,1,6,"0,5,5","0.8590,0.0705,0.0705",0.5
kitchen,kitchen_h2_r30_i7,50,0,0,1,1,10,"0,9,9","0.9783,0.0109,0.0109",0.5
kitchen,kitchen_h2_r30_i7,70,0,0,1,1,14,"0,13,13","0.9970,0.0015,0.0015",0.5
kitchen,kitchen_h2_r30_i7,100,0,0,1,1,19,"1,19,19","0.9998,0.0001,0.0001",0.5
kitchen,kitchen_h2_r30_i7,10,1,0,3,0,1,"0,0,0","0.3333,0.3333,0.3333",0.5
kitchen,kitchen_h2_r30_i7,30,1,1,2,1,2,"1,0,0","0.2327,0.3837,0.3837",0.5
kitchen,kitchen_h2_r30_i7,50,1,1,1,1,3,"2,0,1","0.1863,0.5065,0.3072",0.5
kitchen,kitchen_h2_r30_i7,70,1,1,1,1,5,"4,0,1","0.0777,0.5741,0.3482",0.5
kitchen,kitchen_h2_r30_i7,100,1,1,1,1,6,"5,0,2","0.0566,0.6897,0.2537",0.5
kitchen,kitchen_h2_r30_i7,10,2,0,2,0,1,"0,1,0","0.3837,0.2327,0.3837",0.5
kitchen,kitchen_h2_r30_i7,30,2,2,1,1,2,"1,1,0","0.2741,0.2741,0.4519",0.5
kitchen,kitchen_h2_r30_i7,50,2,2,1,1,3,"2,2,0","0.2119,0.2119,0.5761",0.5
kitchen,kitchen_h2_r30_i7,70,2,2,1,1,4,"4,4,1","0.1543,0.1543,0.6914",0.5
kitchen,kitchen_h2_r30_i7,100,2,2,1,1,5,"5,5,1","0.1065,0.1065,0.7870",0.5
kitchen,kitchen_h2_r30_i8,10,0,0,1,1,2,"0,1,1","0.4519,0.2741,0.2741",0.5
kitchen,kitchen_h2_r30_i8,30,0,0,1,1,6,"0,5,5","0.8590,0.0705,0.0705",0.5
kitchen,kitchen_h2_r30_i8,50,0,0,1,1,10,"0,9,9","0.9783,0.0109,0.0109",0.5
kitchen,kitchen_h2_r30_i8,70,0,0,1,1,14,"0,13,13","0.9970,0.0015,0.0015",0.5
kitchen,kitchen_h2_r30_i8,100,0,0,1,1,19,"1,19,19","0.9998,0.0001,0.0001",0.5
kitchen,kitchen_h2_r30_i8,10,1,0,3,0,1,"0,0,0","0.3333,0.3333,0.3333",0.5
kitchen,kitchen_h2_r30_i8,30,1,1,2,1,2,"1,0,0","0.2327,0.3837,0.3837",0.5
kitchen,kitchen_h2_r30_i8,50,1,1,1,1,3,"2,0,1","0.1863,0.5065,0.3072",0.5
kitchen,kitchen_h2_r30_i8,70,1,1,1,1,5,"4,0,1","0.0777,0.5741,0.3482",0.5
kitchen,kitchen_h2_r30_i8,100,1,1,1,1,6,"5,0,2","0.0566,0.6897,0.2537",0.5
kitchen,kitchen_h2_r30_i8,10,2,0,2,0,1,"0,1,0","0.3837,0.2327,0.3837",0.5
kitchen,kitchen_h2_r30_i8,30,2,2,1,1,2,"1,1,0","0.2741,0.2741,0.4519",0.5
kitchen,kitchen_h2_r30_i8,50,2,2,1,1,3,"2,2,0","0.2119,0.2119,0.5761",0.5
kitchen,kitchen_h2_r30_i8,70,2,2,1,1,4,"4,4,1","0.1543,0.1543,0.6914",0.5
kitchen,kitchen_h2_r30_i8,100,2,2,1,1,5,"5,5,1","0.1065,0.1065,0.7870",0.5
kitchen,kitchen_h2_r50_i0,10,0,0,1,1,2,"0,1,1","0.4519,0.2741,0.2741",0.5
kitchen,kitchen_h2_r50_i0,30,0,0,1,1,6,"0,5,5","0.8590,0.0705,0.0705",0.5
kitchen,kitchen_h2_r50_i0,50,0,0,1,1,10,"0,9,9","0.9783,0.0109,0.0109",0.5
kitchen,kitchen_h2_r50_i0,70,0,0,1,1,14,"0,13,13","0.9970,0.0015,0.0015",0.5
kitchen,kitchen_h2_r50_i0,100,0,0,1,1,19,"1,19,19","0.9998,0.0001,0.0001",0.5
kitchen,kitchen_h2_r50_i0,10,1,0,3,0,1,"0,0,0","0.3333,0.3333,0.3333",0.5
kitchen,kitchen_h2_r50_i0,30,1,1,2,1,2,"1,0,0","0.2327,0.3837,0.3837",0.5
kitchen,kitchen_h2_r50_i0,50,1,1,1,1,3,"2,0,1","0.1863,0.5065,0.3072",0.5
kitchen,kitchen_h2_r50_i0,70,1,1,1,1,5,"4,0,1","0.0777,0.5741,0.3482",0.5
kitchen,kitchen_h2_r50_i0,100,1,1,1,1,6,"5,0,2","0.0566,0.6897,0.2537",0.5
kitchen,kitchen_h2_r50_i0,10,2,0,2,0,1,"0,1,0","0.3837,0.2327,0.3837",0.5
kitchen,kitchen_h2_r50_i0,30,2,2,1,1,2,"1,1,0","0.2741,0.2741,0.4519",0.5
kitchen,kitchen_h2_r50_i0,50,2,2,1,1,3,"2,2,0","0.2119,0.2119,0.5761",0.5
kitchen,kitchen_h2_r50_i0,70,2,2,1,1,4,"4,4,1","0.1543,0.1543,0.6914",0.5
kitchen,kitchen_h2_r50_i0,100,2,2,1,1,5,"5,5,1","0.1065,0.1065,0.7870",0.5
kitchen,kitchen_h2_r50_i1,10,0,0,1,1,2,"0,1,1","0.4519,0.2741,0.2741",0.5
kitchen,kitchen_h2_r50_i1,30,0,0,1,1,6,"0,5,5","0.8590,0.0705,0.0705",0.5
kitchen,kitchen_h2_r50_i1,50,0,0,1,1,10,"0,9,9","0.9783,0.0109,0.0109",0.5
kitchen,kitchen_h2_r50_i1,70,0,0,1,1,14,"0,13,13","0.9970,0.0015,0.0015",0.5
kitchen,kitchen_h2_r50_i1,100,0,0,1,1,19,"1,19,19","0.9998,0.0001,0.0001",0.5
kitchen,kitchen_h2_r50_i1,10,1,0,3,0,1,"0,0,0","0.3333,0.3333,0.3333",0.5
kitchen,kitchen_h2_r50_i1,30,1,1,2,1,2,"1,0,0","0.2327,0.3837,0.3837",0.5
kitchen,kitchen_h2_r50_i1,50,1,1,1,1,3,"2,0,1","0.1863,0.5065,0.3072",0.5
kitchen,kitchen_h2_r50_i1,70,1,1,1,1,5,"4,0,1","0.0777,0.5741,0.3482",0.5
kitchen,kitchen_h2_r50_i1,100,1,1,1,1,6,"5,0,2","0.0566,0.6897,0.2537",0.5
kitchen,kitchen_h2_r50_i1,10,2,0,2,0,1,"0,1,0","0.3837,0.2327,0.3837",0.5
kitchen,kitchen_h2_r50_i1,30,2,2,1,1,2,"1,1,0","0.2741,0.2741,0.4519",0.5
kitchen,kitchen_h2_r50_i1,50,2,2,1,1,3,"2,2,0","0.2119,0.2119,0.5761",0.5
kitchen,kitchen_h2_r50_i1,70,2,2,1,1,4,"4,4,1","0.1543,0.1543,0.6914",0.5
kitchen,kitchen_h2_r50_i1,100,2,2,1,1,5,"5,5,1","0.1065,0.1065,0.7870",0.5
kitchen,kitchen_h2_r50_i9,10,0,0,1,1,2,"0,1,1","0.4519,0.2741,0.2741",0.5
kitchen,kitchen_h2_r50_i9,30,0,0,1,1,6,"0,5,5","0.8590,0.0705,0.0705",0.5
kitchen,kitchen_h2_r50_i9,50,0,0,1,1,10,"0,9,9","0.9783,0.0109,0.0109",0.5
kitchen,kitchen_h2_r50_i9,70,0,0,1,1,14,"0,13,13","0.9970,0.0015,0.0015",0.5
kitchen,kitchen_h2_r50_i9,100,0,0,1,1,19,"1,19,19","0.9998,0.0001,0.0001",0.5
kitchen,kitchen_h2_r50_i9,10,1,0,3,0,1,"0,0,0","0.3333,0.3333,0.3333",0.5
kitchen,kitchen_h2_r50_i9,30,1,1,2,1,2,"1,0,0","0.2327,0.3837,0.3837",0.5
kitchen,kitchen_h2_r50_i9,50,1,1,1,1,3,"2,0,1","0.1863,0.5065,0.3072",0.5
kitchen,kitchen_h2_r50_i9,70,1,1,1,1,5,"4,0,1","0.0777,0.5741,0.3482",0.5
kitchen,kitchen_h2_r50_i9,100,1,1,1,1,6,"5,0,2","0.0566,0.6897,0.2537",0.5
kitchen,kitchen_h2_r50_i9,10,2,0,2,0,1,"0,1,0","0.3837,0.2327,0.3837",0.5
kitchen,kitchen_h2_r50_i9,30,2,2,1,1,2,"1,1,0","0.2741,0.2741,0.4519",0.5
kitchen,kitchen_h2_r50_i9,50,2,2,1,1,3,"2,2,0","0.2119,0.2119,0.5761",0.5
kitchen,kitchen_h2_r50_i9,70,2,2,1,1,4,"4,4,1","0.1543,0.1543,0.6914",0.5
kitchen,kitchen_h2_r50_i9,100,2,2,1,1,5,"5,5,1","0.1065,0.1065,0.7870",0.5
kitchen,kitchen_h2_r70_i0,10,0,0,1,1,2,"0,1,1","0.4519,0.2741,0.2741",0.5
kitchen,kitchen_h2_r70_i0,30,0,0,1,1,6,"0,5,5","0.8590,0.0705,0.0705",0.5
kitchen,kitchen_h2_r70_i0,50,0,0,1,1,10,"0,9,9","0.9783,0.0109,0.0109",0.5
kitchen,kitchen_h2_r70_i0,70,0,0,1,1,14,"0,13,13","0.9970,0.0015,0.0015",0.5
kitchen,kitchen_h2_r70_i0,100,0,0,1,1,19,"1,19,19","0.9998,0.0001,0.0001",0.5
kitchen,kitchen_h2_r70_i0,10,1,0,3,0,1,"0,0,0","0.3333,0.3333,0.3333",0.5
kitchen,kitchen_h2_r70_i0,30,1,1,2,1,2,"1,0,0","0.2327,0.3837,0.3837",0.5
kitchen,kitchen_h2_r70_i0,50,1,1,1,1,3,"2,0,1","0.1863,0.5065,0.3072",0.5
kitchen,kitchen_h2_r70_i0,70,1,1,1,1,5,"4,0,1","0.0777,0.5741,0.3482",0.5
kitchen,kitchen_h2_r70_i0,100,1,1,1,1,6,"5,0,2","0.0566,0.6897,0.2537",0.5
kitchen,kitchen_h2_r70_i0,10,2,0,2,0,1,"0,1,0","0.3837,0.2327,0.3837",0.5
kitchen,kitchen_h2_r70_i0,30,2,2,1,1,2,"1,1,0","0.2741,0.2741,0.4519",0.5
kitchen,kitchen_h2_r70_i0,50,2,2,1,1,3,"2,2,0","0.2119,0.2119,0.5761",0.5
kitchen,kitchen_h2_r70_i0,70,2,2,1,1,4,"4,4,1","0.1543,0.1543,0.6914",0.5
kitchen,kitchen_h2_r70_i0,100,2,2,1,1,5,"5,5,1","0.1065,0.1065,0.7870",0.5
kitchen,kitchen_h2_r70_i1,10,0,0,1,1,2,"0,1,1","0.4519,0.2741,0.2741",0.5
kitchen,kitchen_h2_r70_i1,30,0,0,1,1,6,"0,5,5","0.8590,0.0705,0.0705",0.5
kitchen,kitchen_h2_r70_i1,50,0,0,1,1,10,"0,9,9","0.9783,0.0109,0.0109",0.5
kitchen,kitchen_h2_r70_i1,70,0,0,1,1,14,"0,13,13","0.9970,0.0015,0.0015",0.5
kitchen,kitchen_h2_r70_i1,100,0,0,1,1,19,"1,19,19","0.9998,0.0001,0.0001",0.5
kitchen,kitchen_h2_r70_i1,10,1,0,3,0,1,"0,0,0","0.3333,0.3333,0.3333",0.5
kitchen,kitchen_h2_r70_i1,30,1,1,2,1,2,"1,0,0","0.2327,0.3837,0.3837",0.5
kitchen,kitchen_h2_r70_i1,50,1,1,1,1,3,"2,0,1","0.1863,0.5065,0.3072",0.5
kitchen,kitchen_h2_r70_i1,70,1,1,1,1,5,"4,0,1","0.0777,0.5741,0.3482",0.5
kitchen,kitchen_h2_r70_i1,100,1,1,1,1,6,"5,0,2","0.0566,0.6897,0.2537",0.5
kitchen,kitchen_h2_r70_i1,10,2,0,2,0,1,"0,1,0","0.3837,0.2327,0.3837",0.5
kitchen,kitchen_h2_r70_i1,30,2,2,1,1,2,"1,1,0","0.2741,0.2741,0.4519",0.5
kitchen,kitchen_h2_r70_i1,50,2,2,1,1,3,"2,2,0","0.2119,0.2119,0.5761",0.5
kitchen,kitchen_h2_r70_i1,70,2,2,1,1,4,"4,4,1","0.1543,0.1543,0.6914",0.5
kitchen,kitchen_h2_r70_i1,100,2,2,1,1,5,"5,5,1","0.1065,0.1065,0.7870",0.5
kitchen,kitchen_h2_r70_i4,10,0,0,1,1,2,"0,1,1","0.4519,0.2741,0.2741",0.5
kitchen,kitchen_h2_r70_i4,30,0,0,1,1,6,"0,5,5","0.8590,0.0705,0.0705",0.5
kitchen,kitchen_h2_r70_i4,50,0,0,1,1,10,"0,9,9","0.9783,0.0109,0.0109",0.5
kitchen,kitchen_h2_r70_i4,70,0,0,1,1,14,"0,13,13","0.9970,0.0015,0.0015",0.5
kitchen,kitchen_h2_r70_i4,100,0,0,1,1,19,"1,19,19","0.9998,0.0001,0.0001",0.5
kitchen,kitchen_h2_r70_i4,10,1,0,3,0,1,"0,0,0","0.3333,0.3333,0.3333",0.5
kitchen,kitchen_h2_r70_i4,30,1,1,2,1,2,"1,0,0","0.2327,0.3837,0.3837",0.5
kitchen,kitchen_h2_r70_i4,50,1,1,1,1,3,"2,0,1","0.1863,0.5065,0.3072",0.5
kitchen,kitchen_h2_r70_i4,70,1,1,1,1,5,"4,0,1","0.0777,0.5741,0.3482",0.5
kitchen,kitchen_h2_r70_i4,100,1,1,1,1,6,"5,0,2","0.0566,0.6897,0.2537",0.5
kitchen,kitchen_h2_r70_i4,10,2,0,2,0,1,"0,1,0","0.3837,0.2327,0.3837",0.5
kitchen,kitchen_h2_r70_i4,30,2,2,1,1,2,"1,1,0","0.2741,0.2741,0.4519",0.5
kitchen,kitchen_h2_r70_i4,50,2,2,1,1,3,"2,2,0","0.2119,0.2119,0.5761",0.5
kitchen,kitchen_h2_r70_i4,70,2,2,1,1,4,"4,4,1","0.1543,0.1543,0.6914",0.5
kitchen,kitchen_h2_r70_i4,100,2,2,1,1,5,"5,5,1","0.1065,0.1065,0.7870",0.5
kitchen,kitchen_h2_r70_i6,10,0,0,1,1,2,"0,1,1","0.4519,0.2741,0.2741",0.5
kitchen,kitchen_h2_r70_i6,30,0,0,1,1,6,"0,5,5","0.8590,0.0705,0.0705",0.5
kitchen,kitchen_h2_r70_i6,50,0,0,1,1,10,"0,9,9","0.9783,0.0109,0.0109",0.5
kitchen,kitchen_h2_r70_i6,70,0,0,1,1,14,"0,13,13","0.9970,0.0015,0.0015",0.5
kitchen,kitchen_h2_r70_i6,100,0,0,1,1,19,"1,19,19","0.9998,0.0001,0.0001",0.5
kitchen,kitchen_h2_r70_i6,10,1,0,3,0,1,"0,0,0","0.3333,0.3333,0.3333",0.5
kitchen,kitchen_h2_r70_i6,30,1,1,2,1,2,"1,0,0","0.2327,0.3837,0.3837",0.5
kitchen,kitchen_h2_r70_i6,50,1,1,1,1,3,"2,0,1","0.1863,0.5065,0.3072",0.5
kitchen,kitchen_h2_r70_i6,70,1,1,1,1,5,"4,0,1","0.0777,0.5741,0.3482",0.5
kitchen,kitchen_h2_r70_i6,100,1,1,1,1,6,"5,0,2","0.0566,0.6897,0.2537",0.5
kitchen,kitchen_h2_r70_i6,10,2,0,2,0,1,"0,1,0","0.3837,0.2327,0.3837",0.5
kitchen,kitchen_h2_r70_i6,30,2,2,1,1,2,"1,1,0","0.2741,0.2741,0.4519",0.5
kitchen,kitchen_h2_r70_i6,50,2,2,1,1,3,"2,2,0","0.2119,0.2119,0.5761",0.5
kitchen,kitchen_h2_r70_i6,70,2,2,1,1,4,"4,4,1","0.1543,0.1543,0.6914",0.5
kitchen,kitchen_h2_r70_i6,100,2,2,1,1,5,"5,5,1","0.1065,0.1065,0.7870",0.5
kitchen,kitchen_h2_rfull_i5,10,0,0,1,1,2,"0,1,1","0.4519,0.2741,0.2741",0.5
kitchen,kitchen_h2_rfull_i5,30,0,0,1,1,6,"0,5,5","0.8590,0.0705,0.0705",0.5
kitchen,kitchen_h2_rfull_i5,50,0,0,1,1,10,"0,9,9","0.9783,0.0109,0.0109",0.5
kitchen,kitchen_h2_rfull_i5,70,0,0,1,1,14,"0,13,13","0.9970,0.0015,0.0015",0.5
kitchen,kitchen_h2_rfull_i5,100,0,0,1,1,19,"1,19,19","0.9998,0.0001,0.0001",0.5
kitchen,kitchen_h2_rfull_i5,10,1,0,3,0,1,"0,0,0","0.3333,0.3333,0.3333",0.5
kitchen,kitchen_h2_rfull_i5,30,1,1,2,1,2,"1,0,0","0.2327,0.3837,0.3837",0.5
kitchen,kitchen_h2_rfull_i5,50,1,1,1,1,3,"2,0,1","0.1863,0.5065,0.3072",0.5
kitchen,kitchen_h2_rfull_i5,70,1,1,1,1,5,"4,0,1","0.0777,0.5741,0.3482",0.5
kitchen,kitchen_h2_rfull_i5,100,1,1,1,1,6,"5,0,2","0.0566,0.6897,0.2537",0.5
kitchen,kitchen_h2_rfull_i5,10,2,0,2,0,1,"0,1,0","0.3837,0.2327,0.3837",0.5
kitchen,kitchen_h2_rfull_i5,30,2,2,1,1,2,"1,1,0","0.2741,0.2741,0.4519",0.5
kitchen,kitchen_h2_rfull_i5,50,2,2,1,1,3,"2,2,0","0.2119,0.2119,0.5761",0.5
kitchen,kitchen_h2_rfull_i5,70,2,2,1,1,4,"4,4,1","0.1543,0.1543,0.6914",0.5
kitchen,kitchen_h2_rfull_i5,100,2,2,1,1,5,"5,5,1","0.1065,0.1065,0.7870",0.5
logistics,p01,10,0,0,2,1,2,"0,2,2,0","0.3655,0.1345,0.1345,0.3655",0.5
logistics,p01,30,0,0,1,1,6,"0,5,5,1","0.5647,0.0464,0.0464,0.3425",0.5
logistics,p01,50,0,0,1,1,10,"0,8,8,2","0.7120,0.0130,0.0130,0.2619",0.5
logistics,p01,70,0,0,1,1,14,"0,11,11,3","0.8121,0.0033,0.0033,0.1812",0.5
logistics,p01,100,0,0,1,1,19,"0,15,14,7","0.9693,0.0005,0.0009,0.0293",0.5
logistics,p01,10,1,1,2,1,2,"2,0,0,2","0.1345,0.3655,0.3655,0.1345",0.5
logistics,p01,30,1,1,1,1,6,"5,0,3,5","0.0592,0.7208,0.1608,0.0592",0.5
logistics,p01,50,1,1,1,1,10,"8,0,4,8","0.0156,0.8533,0.1155,0.0156",0.5
logistics,p01,70,1,1,1,1,14,"11,0,7,11","0.0039,0.9630,0.0291,0.0039",0.5
logistics,p01,100,1,1,1,1,19,"15,0,11,15","0.0006,0.9948,0.0041,0.0006",0.5
logistics,p01,10,2,1,2,0,2,"2,0,0,2","0.1345,0.3655,0.3655,0.1345",0.5
logistics,p01,30,2,2,1,1,6,"6,2,0,4","0.0321,0.2369,0.6439,0.0871",0.5
logistics,p01,50,2,2,1,1,10,"8,4,0,5","0.0148,0.1095,0.8092,0.0664",0.5
logistics,p01,70,2,2,1,1,14,"12,8,0,8","0.0024,0.0176,0.9624,0.0176",0.5
logistics,p01,100,2,2,1,1,19,"15,12,0,11","0.0005,0.0025,0.9929,0.0041",0.5
logistics,p01,10,3,2,2,0,2,"2,2,0,0","0.1345,0.1345,0.3655,0.3655",0.5
logistics,p01,30,3,3,1,1,6,"2,5,3,0","0.2199,0.0491,0.1334,0.5977",0.5
logistics,p01,50,3,3,1,1,10,"3,8,4,0","0.1621,0.0133,0.0983,0.7263",0.5
logistics,p01,70,3,3,1,1,14,"3,11,8,0","0.1791,0.0033,0.0147,0.8029",0.5
logistics,p01,100,3,3,1,1,20,"8,16,11,0","0.0179,0.0003,0.0040,0.9778",0.5
logistics,p02,10,0,0,3,1,2,"0,2,0,1,1,0,1","0.1928,0.0709,0.1928,0.1169,0.1169,0.1928,0.1169",0.5
logistics,p02,30,0,0,2,1,6,"0,4,1,3,4,0,4","0.3091,0.0418,0.1875,0.0690,0.0418,0.3091,0.0418",0.5
logistics,p02,50,0,0,2,1,10,"0,5,2,4,7,0,7","0.3780,0.0310,0.1390,0.0512,0.0114,0.3780,0.0114",0.5
logistics,p02,70,0,0,2,1,14,"0,8,6,7,11,0,11","0.4747,0.0087,0.0236,0.0143,0.0019,0.4747,0.0019",0.5
logistics,p02,100,0,0,1,1,19,"0,11,9,10,15,3,14","0.8022,0.0033,0.0089,0.0054,0.0004,0.1790,0.0007",0.5
logistics,p02,10,1,1,1,1,2,"1,0,2,1,2,1,2","0.1546,0.2549,0.0938,0.1546,0.0938,0.1546,0.0938",0.5
logistics,p02,30,1,1,1,1,6,"3,0,5,3,6,3,6","0.1205,0.5402,0.0443,0.1205,0.0269,0.1205,0.0269",0.5
logistics,p02,50,1,1,1,1,9,"5,0,7,5,8,5,8","0.0625,0.7616,0.0230,0.0625,0.0139,0.0625,0.0139",0.5
logistics,p02,70,1,1,1,1,13,"8,0,11,8,11,8,11","0.0172,0.9370,0.0038,0.0172,0.0038,0.0172,0.0038",0.5
logistics,p02,100,1,1,1,1,18,"11,0,15,8,15,8,15","0.0039,0.9593,0.0005,0.0176,0.0005,0.0176,0.0005",0.5
logistics,p02,10,2,0,3,0,2,"0,2,0,1,1,0,1","0.1928,0.0709,0.1928,0.1169,0.1169,0.1928,0.1169",0.5
logistics,p02,30,2,2,1,1,6,"2,5,0,4,3,2,3","0.1533,0.0342,0.4168,0.0564,0.0930,0.1533,0.0930",0.5
logistics,p02,50,2,2,1,1,10,"3,7,0,6,5,3,5","0.1320,0.0179,0.5916,0.0295,0.0486,0.1320,0.0486",0.5
logistics,p02,70,2,2,1,1,14,"6,11,0,9,9,6,9","0.0438,0.0036,0.8795,0.0098,0.0098,0.0438,0.0098",0.5
logistics,p02,100,2,2,1,1,20,"10,16,0,14,14,11,13","0.0066,0.0003,0.9857,0.0009,0.0009,0.0040,0.0015",0.5
logistics,p02,10,3,0,4,0,2,"0,0,1,0,2,0,2","0.1872,0.1872,0.1135,0.1872,0.0689,0.1872,0.0689",0.5
logistics,p02,30,3,3,1,1,6,"1,2,3,0,3,1,3","0.1866,0.1132,0.0686,0.3077,0.0686,0.1866,0.0686",0.5
logistics,p02,50,3,3,1,1,10,"4,5,6,0,3,4,3","0.0732,0.0444,0.0269,0.5409,0.1207,0.0732,0.1207",0.5
logistics,p02,70,3,3,1,1,14,"7,8,9,0,6,7,6","0.0254,0.0154,0.0093,0.8408,0.0419,0.0254,0.0419",0.5
logistics,p02,100,3,3,1,1,19,"10,8,13,0,10,7,10","0.0063,0.0171,0.0014,0.9344,0.0063,0.0282,0.0063",0.5
logistics,p02,10,4,3,3,0,2,"1,2,1,0,0,1,0","0.1169,0.0709,0.1169,0.1928,0.1928,0.1169,0.1928",0.5
logistics,p02,30,4,4,2,1,6,"4,5,3,3,0,4,0","0.0484,0.0293,0.0797,0.0797,0.3573,0.0484,0.3573",0.5
logistics,p02,50,4,4,2,1,10,"6,7,5,3,0,6,0","0.0204,0.0124,0.0337,0.0916,0.4107,0.0204,0.4107",0.5
logistics,p02,70,4,4,2,1,14,"10,10,9,6,0,10,0","0.0032,0.0032,0.0053,0.0239,0.4805,0.0032,0.4805",0.5
logistics,p02,100,4,4,1,1,20,"15,15,14,11,0,15,3","0.0004,0.0004,0.0007,0.0033,0.8131,0.0004,0.1814",0.5
logistics,p02,10,5,0,3,0,2,"0,1,1,0,1,0,1","0.1843,0.1118,0.1118,0.1843,0.1118,0.1843,0.1118",0.5
logistics,p02,30,5,0,2,0,6,"0,4,1,3,4,0,4","0.3091,0.0418,0.1875,0.0690,0.0418,0.3091,0.0418",0.5
logistics,p02,50,5,0,2,0,10,"0,5,2,4,7,0,7","0.3780,0.0310,0.1390,0.0512,0.0114,0.3780,0.0114",0.5
logistics,p02,70,5,0,2,0,14,"0,8,6,7,11,0,11","0.4747,0.0087,0.0236,0.0143,0.0019,0.4747,0.0019",0.5
logistics,p02,100,5,5,1,1,19,"3,8,10,7,15,0,15","0.1744,0.0143,0.0053,0.0236,0.0004,0.7816,0.0004",0.5
logistics,p02,10,6,3,3,0,2,"1,2,1,0,0,1,0","0.1169,0.0709,0.1169,0.1928,0.1928,0.1169,0.1928",0.5
logistics,p02,30,6,4,2,0,6,"4,5,3,2,0,4,0","0.0460,0.0279,0.0758,0.1250,0.3397,0.0460,0.3397",0.5
logistics,p02,50,6,4,2,0,10,"6,7,5,3,0,6,0","0.0204,0.0124,0.0337,0.0916,0.4107,0.0204,0.4107",0.5
logistics,p02,70,6,4,2,0,14,"10,10,9,6,0,10,0","0.0032,0.0032,0.0053,0.0239,0.4805,0.0032,0.4805",0.5
logistics,p02,100,6,6,1,1,20,"14,15,13,11,3,15,0","0.0007,0.0004,0.0012,0.0033,0.1813,0.0004,0.8125",0.5
logistics,p03,10,0,0,1,1,2,"0,2,2,2,2","0.4046,0.1488,0.1488,0.1488,0.1488",0.5
logistics,p03,30,0,0,1,1,6,"0,5,5,5,5","0.7528,0.0618,0.0618,0.0618,0.0618",0.5
logistics,p03,50,0,0,1,1,10,"0,8,8,5,7","0.8704,0.0159,0.0159,0.0714,0.0263",0.5
logistics,p03,70,0,0,1,1,14,"0,11,12,7,11","0.9608,0.0039,0.0024,0.0290,0.0039",0.5
logistics,p03,100,0,0,1,1,19,"0,16,16,11,16","0.9949,0.0003,0.0003,0.0041,0.0003",0.5
logistics,p03,10,1,1,2,1,2,"2,0,1,2,0","0.1101,0.2992,0.1815,0.1101,0.2992",0.5
logistics,p03,30,1,1,2,1,5,"4,0,3,4,0","0.0543,0.4010,0.0895,0.0543,0.4010",0.5
logistics,p03,50,1,1,2,1,7,"5,0,5,5,0","0.0365,0.4452,0.0365,0.0365,0.4452",0.5
logistics,p03,70,1,1,1,1,10,"7,0,8,7,1","0.0179,0.5934,0.0109,0.0179,0.3599",0.5
logistics,p03,100,1,1,1,1,14,"10,0,12,10,6","0.0063,0.9383,0.0023,0.0063,0.0467",0.5
logistics,p03,10,2,2,2,1,2,"2,1,0,2,0","0.1101,0.1815,0.2992,0.1101,0.2992",0.5
logistics,p03,30,2,2,2,1,4,"4,3,0,4,0","0.0543,0.0895,0.4010,0.0543,0.4010",0.5
logistics,p03,50,2,2,2,1,7,"5,6,0,5,0","0.0371,0.0225,0.4517,0.0371,0.4517",0.5
logistics,p03,70,2,2,1,1,10,"8,9,0,8,2","0.0129,0.0078,0.7064,0.0129,0.2599",0.5
logistics,p03,100,2,2,1,1,13,"10,12,0,11,6","0.0063,0.0023,0.9407,0.0038,0.0468",0.5
logistics,p03,10,3,1,2,0,2,"2,0,2,0,2","0.1185,0.3222,0.1185,0.3222,0.1185",0.5
logistics,p03,30,3,3,1,1,6,"4,4,4,0,4","0.0878,0.0878,0.0878,0.6488,0.0878",0.5
logistics,p03,50,3,3,1,1,10,"5,8,8,0,7","0.0714,0.0159,0.0159,0.8704,0.0263",0.5
logistics,p03,70,3,3,1,1,14,"7,11,12,0,11","0.0290,0.0039,0.0024,0.9608,0.0039",0.5
logistics,p03,100,3,3,1,1,19,"11,21,16,0,15","0.0041,0.0000,0.0003,0.9950,0.0006",0.5
logistics,p03,10,4,4,1,1,2,"2,1,1,2,0","0.1248,0.2057,0.2057,0.1248,0.3391",0.5
logistics,p03,30,4,4,1,1,6,"6,3,2,6,0","0.0294,0.1320,0.2176,0.0294,0.5915",0.5
logistics,p03,50,4,4,1,1,10,"8,3,5,8,0","0.0136,0.1663,0.0612,0.0136,0.7452",0.5
logistics,p03,70,4,4,1,1,14,"12,6,9,12,0","0.0023,0.0467,0.0104,0.0023,0.9382",0.5
logistics,p03,100,4,4,1,1,19,"16,11,12,15,0","0.0003,0.0041,0.0025,0.0005,0.9926",0.5
logistics,p04,10,0,0,4,1,2,"0,2,2,0,2,2,0,1,0,2","0.1551,0.0571,0.0571,0.1551,0.0571,0.0571,0.1551,0.0941,0.1551,0.0571",0.5
logistics,p04,30,0,0,2,1,6,"0,6,6,2,6,4,2,4,0,4","0.3038,0.0151,0.0151,0.1118,0.0151,0.0411,0.1118,0.0411,0.3038,0.0411",0.5
logistics,p04,50,0,0,2,1,10,"0,9,8,5,8,4,4,4,0,4","0.3744,0.0042,0.0069,0.0307,0.0069,0.0507,0.0507,0.0507,0.3744,0.0507",0.5
logistics,p04,70,0,0,2,1,14,"0,13,11,8,12,7,7,4,0,6","0.4402,0.0007,0.0018,0.0081,0.0011,0.0133,0.0133,0.0596,0.4402,0.0219",0.5
logistics,p04,100,0,0,1,1,19,"0,17,15,11,16,10,10,9,3,9","0.7911,0.0002,0.0004,0.0032,0.0003,0.0053,0.0053,0.0088,0.1765,0.0088",0.5
logistics,p04,10,1,1,1,1,2,"2,0,2,1,1,1,2,1,2,2","0.0699,0.1899,0.0699,0.1152,0.1152,0.1152,0.0699,0.1152,0.0699,0.0699",0.5
logistics,p04,30,1,1,1,1,6,"6,0,6,3,3,3,6,3,6,6","0.0232,0.4670,0.0232,0.1042,0.1042,0.1042,0.0232,0.1042,0.0232,0.0232",0.5
logistics,p04,50,1,1,1,1,9,"8,0,8,4,4,4,8,4,8,8","0.0112,0.6124,0.0112,0.0829,0.0829,0.0829,0.0112,0.0829,0.0112,0.0112",0.5
logistics,p04,70,1,1,1,1,13,"12,0,12,7,7,8,12,7,12,12","0.0022,0.8918,0.0022,0.0269,0.0269,0.0163,0.0022,0.0269,0.0022,0.0022",0.5
logistics,p04,100,1,1,1,1,18,"16,0,16,10,10,11,16,12,16,16","0.0003,0.9787,0.0003,0.0066,0.0066,0.0040,0.0003,0.0024,0.0003,0.0003",0.5
logistics,p04,10,2,2,2,1,2,"2,2,0,2,2,2,2,2,2,0","0.0744,0.0744,0.2023,0.0744,0.0744,0.0744,0.0744,0.0744,0.0744,0.2023",0.5
logistics,p04,30,2,2,1,1,6,"5,6,0,5,5,6,4,5,5,1","0.0365,0.0221,0.4441,0.0365,0.0365,0.0221,0.0601,0.0365,0.0365,0.2693",0.5
logistics,p04,50,2,2,1,1,10,"8,9,0,8,5,9,4,8,8,4","0.0126,0.0077,0.6905,0.0126,0.0567,0.0077,0.0934,0.0126,0.0126,0.0934",0.5
logistics,p04,70,2,2,1,1,14,"12,13,0,12,8,12,7,11,12,7","0.0023,0.0014,0.9139,0.0023,0.0167,0.0023,0.0276,0.0037,0.0023,0.0276",0.5
logistics,p04,100,2,2,1,1,19,"16,17,0,16,11,16,10,16,15,10","0.0003,0.0002,0.9807,0.0003,0.0040,0.0003,0.0066,0.0003,0.0005,0.0066",0.5
logistics,p04,10,3,0,4,0,2,"0,2,2,0,2,2,0,1,0,2","0.1551,0.0571,0.0571,0.1551,0.0571,0.0571,0.1551,0.0941,0.1551,0.0571",0.5
logistics,p04,30,3,3,1,1,6,"3,3,6,0,6,6,3,3,3,6","0.0964,0.0964,0.0215,0.4320,0.0215,0.0215,0.0964,0.0964,0.0964,0.0215",0.5
logistics,p04,50,3,3,1,1,9,"4,4,8,0,8,8,4,4,4,8","0.0773,0.0773,0.0105,0.5714,0.0105,0.0105,0.0773,0.0773,0.0773,0.0105",0.5
logistics,p04,70,3,3,1,1,13,"7,7,11,0,12,12,7,6,7,11","0.0255,0.0255,0.0035,0.8448,0.0021,0.0021,0.0255,0.0421,0.0255,0.0035",0.5
logistics,p04,100,3,3,1,1,18,"10,10,15,0,16,16,10,11,10,15","0.0065,0.0065,0.0005,0.9682,0.0003,0.0003,0.0065,0.0040,0.0065,0.0005",0.5
logistics,p04,10,4,4,1,1,2,"2,1,1,2,0,1,1,2,2,2","0.0699,0.1152,0.1152,0.0699,0.1899,0.1152,0.1152,0.0699,0.0699,0.0699",0.5
logistics,p04,30,4,4,1,1,6,"6,2,4,6,0,2,4,5,6,6","0.0218,0.1608,0.0592,0.0218,0.4371,0.1608,0.0592,0.0359,0.0218,0.0218",0.5
logistics,p04,50,4,4,1,1,9,"8,4,4,8,0,4,4,7,8,8","0.0111,0.0823,0.0823,0.0111,0.6080,0.0823,0.0823,0.0184,0.0111,0.0111",0.5
logistics,p04,70,4,4,1,1,13,"12,7,7,12,0,8,7,11,12,12","0.0022,0.0269,0.0269,0.0022,0.8905,0.0163,0.0269,0.0036,0.0022,0.0022",0.5
logistics,p04,100,4,4,1,1,18,"16,10,10,16,0,11,10,16,15,16","0.0003,0.0066,0.0066,0.0003,0.9745,0.0040,0.0066,0.0003,0.0005,0.0003",0.5
logistics,p04,10,5,1,3,0,2,"2,0,2,2,0,0,2,1,2,2","0.0633,0.1720,0.0633,0.0633,0.1720,0.1720,0.0633,0.1043,0.0633,0.0633",0.5
logistics,p04,30,5,5,1,1,6,"4,2,6,6,2,0,6,4,4,4","0.0558,0.1516,0.0205,0.0205,0.1516,0.4121,0.0205,0.0558,0.0558,0.0558",0.5
logistics,p04,50,5,5,1,1,10,"4,5,8,9,4,0,8,4,4,4","0.0749,0.0454,0.0101,0.0061,0.0749,0.5536,0.0101,0.0749,0.0749,0.0749",0.5
logistics,p04,70,5,5,1,1,14,"7,9,11,13,8,0,12,6,7,4","0.0235,0.0087,0.0032,0.0012,0.0143,0.7794,0.0019,0.0388,0.0235,0.1055",0.5
logistics,p04,100,5,5,1,1,19,"10,12,15,17,11,0,16,11,11,7","0.0064,0.0024,0.0005,0.0002,0.0039,0.9499,0.0003,0.0039,0.0039,0.0287",0.5
logistics,p04,10,6,0,4,0,2,"0,2,2,0,2,2,0,1,0,2","0.1551,0.0571,0.0571,0.1551,0.0571,0.0571,0.1551,0.0941,0.1551,0.0571",0.5
logistics,p04,30,6,6,1,1,6,"2,6,4,2,4,6,0,5,2,6","0.1412,0.0191,0.0519,0.1412,0.0519,0.0191,0.3838,0.0315,0.1412,0.0191",0.5
logistics,p04,50,6,6,1,1,9,"4,8,4,4,4,8,0,7,4,8","0.0768,0.0104,0.0768,0.0768,0.0768,0.0104,0.5676,0.0171,0.0768,0.0104",0.5
logistics,p04,70,6,6,1,1,13,"7,12,6,7,7,12,0,10,7,11","0.0255,0.0021,0.0420,0.0255,0.0255,0.0021,0.8429,0.0057,0.0255,0.0034",0.5
logistics,p04,100,6,6,1,1,18,"10,16,9,10,10,16,0,15,7,15","0.0063,0.0003,0.0104,0.0063,0.0063,0.0003,0.9405,0.0005,0.0284,0.0005",0.5
logistics,p04,10,7,7,1,1,2,"1,1,2,1,2,1,2,0,1,1","0.1056,0.1056,0.0641,0.1056,0.0641,0.1056,0.0641,0.1741,0.1056,0.1056",0.5
logistics,p04,30,7,7,1,1,6,"2,3,6,3,6,2,6,0,2,2","0.1199,0.0727,0.0162,0.0727,0.0162,0.1199,0.0162,0.3260,0.1199,0.1199",0.5
logistics,p04,50,7,7,1,1,9,"3,4,8,4,8,3,8,0,3,3","0.1006,0.0610,0.0083,0.0610,0.0083,0.1006,0.0083,0.4508,0.1006,0.1006",0.5
logistics,p04,70,7,7,1,1,13,"4,7,12,6,12,5,11,0,4,5","0.0888,0.0198,0.0016,0.0327,0.0016,0.0539,0.0027,0.6562,0.0888,0.0539",0.5
logistics,p04,100,7,7,1,1,18,"7,12,15,10,17,11,15,0,7,10","0.0279,0.0023,0.0005,0.0062,0.0002,0.0038,0.0005,0.9244,0.0279,0.0062",0.5
logistics,p04,10,8,0,4,0,2,"0,2,2,0,2,2,0,1,0,2","0.1551,0.0571,0.0571,0.1551,0.0571,0.0571,0.1551,0.0941,0.1551,0.0571",0.5
logistics,p04,30,8,0,2,0,6,"0,6,6,2,6,4,2,3,0,4","0.2960,0.0147,0.0147,0.1089,0.0147,0.0401,0.1089,0.0660,0.2960,0.0401",0.5
logistics,p04,50,8,0,2,0,10,"0,8,9,4,9,4,5,3,0,4","0.3634,0.0067,0.0040,0.0492,0.0040,0.0492,0.0298,0.0811,0.3634,0.0492",0.5
logistics,p04,70,8,0,2,0,14,"0,12,12,7,13,7,8,3,0,6","0.4241,0.0011,0.0011,0.0128,0.0006,0.0128,0.0078,0.0946,0.4241,0.0211",0.5
logistics,p04,100,8,8,1,1,19,"3,16,15,10,16,11,8,8,0,10","0.1745,0.0003,0.0004,0.0053,0.0003,0.0032,0.0143,0.0143,0.7821,0.0053",0.5
logistics,p04,10,9,2,2,0,2,"2,2,0,2,2,2,2,1,2,0","0.0710,0.0710,0.1930,0.0710,0.0710,0.0710,0.0710,0.1171,0.0710,0.1930",0.5
logistics,p04,30,9,9,1,1,6,"4,5,2,6,5,3,6,4,4,0","0.0599,0.0363,0.1627,0.0220,0.0363,0.0987,0.0220,0.0599,0.0599,0.4423",0.5
logistics,p04,50,9,9,1,1,10,"5,9,4,10,8,4,9,5,5,0","0.0525,0.0071,0.0865,0.0043,0.0117,0.0865,0.0071,0.0525,0.0525,0.6393",0.5
logistics,p04,70,9,9,1,1,14,"6,12,6,13,11,4,12,5,6,0","0.0361,0.0018,0.0361,0.0011,0.0030,0.0983,0.0018,0.0596,0.0361,0.7260",0.5
logistics,p04,100,9,9,1,1,20,"11,17,10,18,16,7,17,12,12,0","0.0039,0.0002,0.0064,0.0001,0.0003,0.0288,0.0002,0.0024,0.0024,0.9553",0.5
logistics,p05,10,0,0,2,1,2,"0,2,2,1,2,1,1,1,0,1","0.1630,0.0600,0.0600,0.0988,0.0600,0.0988,0.0988,0.0988,0.1630,0.0988",0.5
logistics,p05,30,0,0,2,1,6,"0,6,6,2,6,4,2,3,0,4","0.2960,0.0147,0.0147,0.1089,0.0147,0.0401,0.1089,0.0660,0.2960,0.0401",0.5
logistics,p05,50,0,0,2,1,9,"0,8,8,4,8,4,4,3,0,4","0.3547,0.0065,0.0065,0.0480,0.0065,0.0480,0.0480,0.0791,0.3547,0.0480",0.5
logistics,p05,70,0,0,2,1,13,"0,12,12,7,12,7,7,3,0,7","0.4253,0.0011,0.0011,0.0128,0.0011,0.0128,0.0128,0.0949,0.4253,0.0128",0.5
logistics,p05,100,0,0,1,1,18,"0,16,16,10,16,10,10,8,3,10","0.7878,0.0003,0.0003,0.0053,0.0003,0.0053,0.0053,0.0144,0.1758,0.0053",0.5
logistics,p05,10,1,1,1,1,2,"2,0,2,1,1,1,2,1,2,2","0.0699,0.1899,0.0699,0.1152,0.1152,0.1152,0.0699,0.1152,0.0699,0.0699",0.5
logistics,p05,30,1,1,1,1,6,"6,0,6,4,2,2,6,3,6,6","0.0212,0.4268,0.0212,0.0578,0.1570,0.1570,0.0212,0.0952,0.0212,0.0212",0.5
logistics,p05,50,1,1,1,1,9,"8,0,8,4,4,4,8,3,8,8","0.0106,0.5812,0.0106,0.0787,0.0787,0.0787,0.0106,0.1297,0.0106,0.0106",0.5
logistics,p05,70,1,1,1,1,13,"12,0,12,7,7,8,12,6,12,12","0.0022,0.8765,0.0022,0.0265,0.0265,0.0161,0.0022,0.0436,0.0022,0.0022",0.5
logistics,p05,100,1,1,1,1,18,"16,0,16,10,10,11,16,11,16,16","0.0003,0.9772,0.0003,0.0066,0.0066,0.0040,0.0003,0.0040,0.0003,0.0003",0.5
logistics,p05,10,2,2,1,1,2,"2,2,0,2,1,2,1,2,2,1","0.0732,0.0732,0.1989,0.0732,0.1207,0.0732,0.1207,0.0732,0.0732,0.1207",0.5
logistics,p05,30,2,2,1,1,6,"6,6,0,6,4,6,4,5,6,2","0.0253,0.0253,0.5077,0.0253,0.0687,0.0253,0.0687,0.0417,0.0253,0.1868",0.5
logistics,p05,50,2,2,1,1,9,"8,8,0,8,4,8,4,7,8,4","0.0120,0.0120,0.6545,0.0120,0.0886,0.0120,0.0886,0.0198,0.0120,0.0886",0.5
logistics,p05,70,2,2,1,1,13,"12,12,0,12,7,11,7,10,12,7","0.0022,0.0022,0.8998,0.0022,0.0272,0.0037,0.0272,0.0061,0.0022,0.0272",0.5
logistics,p05,100,2,2,1,1,18,"16,16,0,16,10,15,10,15,15,10","0.0003,0.0003,0.9776,0.0003,0.0066,0.0005,0.0066,0.0005,0.0005,0.0066",0.5
logistics,p05,10,3,3,1,1,2,"1,1,2,0,2,2,1,1,1,2","0.1102,0.1102,0.0668,0.1817,0.0668,0.0668,0.1102,0.1102,0.1102,0.0668",0.5
logistics,p05,30,3,3,1,1,6,"2,4,6,0,6,6,2,3,2,6","0.1382,0.0509,0.0187,0.3758,0.0187,0.0187,0.1382,0.0838,0.1382,0.0187",0.5
logistics,p05,50,3,3,1,1,9,"4,4,8,0,8,8,4,3,4,8","0.0736,0.0736,0.0100,0.5441,0.0100,0.0100,0.0736,0.1214,0.0736,0.0100",0.5
logistics,p05,70,3,3,1,1,13,"7,7,12,0,12,12,7,5,7,12","0.0249,0.0249,0.0020,0.8245,0.0020,0.0020,0.0249,0.0677,0.0249,0.0020",0.5
logistics,p05,100,3,3,1,1,18,"10,10,16,0,16,16,10,10,10,16","0.0065,0.0065,0.0003,0.9662,0.0003,0.0003,0.0065,0.0065,0.0065,0.0003",0.5
logistics,p05,10,4,4,1,1,2,"2,1,1,2,0,1,1,2,2,2","0.0699,0.1152,0.1152,0.0699,0.1899,0.1152,0.1152,0.0699,0.0699,0.0699",0.5
logistics,p05,30,4,4,1,1,6,"6,2,4,6,0,2,4,5,6,6","0.0218,0.1608,0.0592,0.0218,0.4371,0.1608,0.0592,0.0359,0.0218,0.0218",0.5
logistics,p05,50,4,4,1,1,9,"8,4,4,8,0,4,4,7,8,8","0.0111,0.0823,0.0823,0.0111,0.6080,0.0823,0.0823,0.0184,0.0111,0.0111",0.5
logistics,p05,70,4,4,1,1,13,"12,7,7,12,0,8,7,11,12,12","0.0022,0.0269,0.0269,0.0022,0.8905,0.0163,0.0269,0.0036,0.0022,0.0022",0.5
logistics,p05,100,4,4,1,1,18,"16,10,10,16,0,11,10,16,15,16","0.0003,0.0066,0.0066,0.0003,0.9745,0.0040,0.0066,0.0003,0.0005,0.0003",0.5
logistics,p05,10,5,5,1,1,2,"1,1,2,2,1,0,2,1,1,1","0.1056,0.1056,0.0641,0.0641,0.1056,0.1741,0.0641,0.1056,0.1056,0.1056",0.5
logistics,p05,30,5,5,1,1,6,"2,4,6,6,4,0,6,1,2,2","0.1175,0.0432,0.0159,0.0159,0.0432,0.3195,0.0159,0.1938,0.1175,0.1175",0.5
logistics,p05,50,5,5,1,1,9,"4,4,8,8,4,0,8,3,4,4","0.0692,0.0692,0.0094,0.0094,0.0692,0.5116,0.0094,0.1141,0.0692,0.0692",0.5
logistics,p05,70,5,5,1,1,13,"7,8,11,12,8,0,12,5,7,4","0.0228,0.0138,0.0031,0.0019,0.0138,0.7556,0.0019,0.0620,0.0228,0.1023",0.5
logistics,p05,100,5,5,1,1,18,"10,11,15,16,11,0,16,10,11,7","0.0064,0.0039,0.0005,0.0003,0.0039,0.9459,0.0003,0.0064,0.0039,0.0286",0.5
logistics,p05,10,6,6,1,1,2,"1,2,1,1,1,2,0,2,1,2","0.1102,0.0668,0.1102,0.1102,0.1102,0.0668,0.1817,0.0668,0.1102,0.0668",0.5
logistics,p05,30,6,6,1,1,6,"2,6,4,2,4,6,0,5,2,6","0.1412,0.0191,0.0519,0.1412,0.0519,0.0191,0.3838,0.0315,0.1412,0.0191",0.5
logistics,p05,50,6,6,1,1,9,"4,8,4,4,4,8,0,7,4,8","0.0768,0.0104,0.0768,0.0768,0.0768,0.0104,0.5676,0.0171,0.0768,0.0104",0.5
logistics,p05,70,6,6,1,1,13,"7,12,7,7,7,12,0,10,7,12","0.0259,0.0021,0.0259,0.0259,0.0259,0.0021,0.8583,0.0058,0.0259,0.0021",0.5
logistics,p05,100,6,6,1,1,18,"10,16,10,10,10,16,0,15,7,16","0.0064,0.0003,0.0064,0.0064,0.0064,0.0003,0.9445,0.0005,0.0285,0.0003",0.5
logistics,p05,10,7,0,5,0,2,"0,2,2,2,2,0,2,0,0,0","0.1462,0.0538,0.0538,0.0538,0.0538,0.1462,0.0538,0.1462,0.1462,0.1462",0.5
logistics,p05,30,7,7,1,1,6,"3,3,6,3,6,3,6,0,3,3","0.0897,0.0897,0.0200,0.0897,0.0200,0.0897,0.0200,0.4019,0.0897,0.0897",0.5
logistics,p05,50,7,7,1,1,9,"4,4,8,4,8,4,8,0,4,4","0.0725,0.0725,0.0098,0.0725,0.0098,0.0725,0.0098,0.5356,0.0725,0.0725",0.5
logistics,p05,70,7,7,1,1,13,"6,6,12,7,11,5,12,0,6,6","0.0377,0.0377,0.0019,0.0229,0.0031,0.0622,0.0019,0.7573,0.0377,0.0377",0.5
logistics,p05,100,7,7,1,1,18,"9,11,16,11,16,11,16,0,9,12","0.0107,0.0039,0.0003,0.0039,0.0003,0.0039,0.0003,0.9634,0.0107,0.0024",0.5
logistics,p05,10,8,0,2,0,2,"0,2,2,1,2,1,1,1,0,1","0.1630,0.0600,0.0600,0.0988,0.0600,0.0988,0.0988,0.0988,0.1630,0.0988",0.5
logistics,p05,30,8,0,2,0,6,"0,6,6,2,6,4,2,3,0,4","0.2960,0.0147,0.0147,0.1089,0.0147,0.0401,0.1089,0.0660,0.2960,0.0401",0.5
logistics,p05,50,8,0,2,0,9,"0,8,8,4,8,4,4,3,0,4","0.3547,0.0065,0.0065,0.0480,0.0065,0.0480,0.0480,0.0791,0.3547,0.0480",0.5
logistics,p05,70,8,0,2,0,13,"0,12,12,7,12,7,7,3,0,7","0.4253,0.0011,0.0011,0.0128,0.0011,0.0128,0.0128,0.0949,0.4253,0.0128",0.5
logistics,p05,100,8,8,1,1,18,"3,16,15,10,15,11,7,8,0,11","0.1732,0.0003,0.0004,0.0052,0.0004,0.0032,0.0234,0.0142,0.7764,0.0032",0.5
logistics,p05,10,9,9,1,1,2,"1,2,1,2,2,1,2,1,1,0","0.1102,0.0668,0.1102,0.0668,0.0668,0.1102,0.0668,0.1102,0.1102,0.1817",0.5
logistics,p05,30,9,9,1,1,6,"4,6,2,6,6,4,6,3,4,0","0.0616,0.0227,0.1675,0.0227,0.0227,0.0616,0.0227,0.1016,0.0616,0.4553",0.5
logistics,p05,50,9,9,1,1,9,"4,8,4,8,8,4,8,3,4,0","0.0736,0.0100,0.0736,0.0100,0.0100,0.0736,0.0100,0.1214,0.0736,0.5441",0.5
logistics,p05,70,9,9,1,1,13,"7,12,7,12,12,4,12,5,7,0","0.0229,0.0019,0.0229,0.0019,0.0019,0.1027,0.0019,0.0623,0.0229,0.7588",0.5
logistics,p05,100,9,9,1,1,18,"10,16,10,16,16,7,16,10,11,0","0.0064,0.0003,0.0064,0.0003,0.0003,0.0286,0.0003,0.0064,0.0039,0.9471",0.5
