domain,instance,obs_pct,true_idx,predicted_idx,spread,correct,obs_count,deltas,posterior,beta
block-words,p02,10,0,0,14,1,1,"0,0,0,0,0,0,0,1,1,0,0,0,1,0,1,1,0,0,0,1","0.0617,0.0617,0.0617,0.0617,0.0617,0.0617,0.0617,0.0227,0.0227,0.0617,0.0617,0.0617,0.0227,0.0617,0.0227,0.0227,0.0617,0.0617,0.0617,0.0227",1.0
block-words,p02,30,0,0,10,1,3,"0,0,0,0,0,0,0,5,3,0,0,0,5,5,5,5,3,2,2,5","0.0961,0.0961,0.0961,0.0961,0.0961,0.0961,0.0961,0.0006,0.0048,0.0961,0.0961,0.0961,0.0006,0.0006,0.0006,0.0006,0.0048,0.0130,0.0130,0.0006",1.0
block-words,p02,50,0,0,8,1,4,"0,0,0,0,0,0,0,5,5,0,2,2,8,6,6,7,5,4,4,8","0.1200,0.1200,0.1200,0.1200,0.1200,0.1200,0.1200,0.0008,0.0008,0.1200,0.0162,0.0162,0.0000,0.0003,0.0003,0.0001,0.0008,0.0022,0.0022,0.0000",1.0
block-words,p02,70,0,0,1,1,6,"0,4,4,3,4,4,4,10,10,2,4,4,10,8,8,10,10,8,8,12","0.7605,0.0139,0.0139,0.0379,0.0139,0.0139,0.0139,0.0000,0.0000,0.1029,0.0139,0.0139,0.0000,0.0003,0.0003,0.0000,0.0000,0.0003,0.0003,0.0000",1.0
block-words,p02,100,0,0,1,1,8,"0,6,6,6,6,6,8,12,14,4,6,6,12,8,10,10,10,8,8,14","0.9642,0.0024,0.0024,0.0024,0.0024,0.0024,0.0003,0.0000,0.0000,0.0177,0.0024,0.0024,0.0000,0.0003,0.0000,0.0000,0.0000,0.0003,0.0003,0.0000",1.0
block-words,p02,10,1,0,10,0,2,"0,0,0,0,0,0,0,3,2,0,0,0,4,4,4,4,2,2,2,3","0.0933,0.0933,0.0933,0.0933,0.0933,0.0933,0.0933,0.0046,0.0126,0.0933,0.0933,0.0933,0.0017,0.0017,0.0017,0.0017,0.0126,0.0126,0.0126,0.0046",1.0
block-words,p02,30,1,1,9,1,4,"2,0,0,0,0,0,0,5,4,0,0,0,8,8,8,8,4,6,6,5","0.0147,0.1088,0.1088,0.1088,0.1088,0.1088,0.1088,0.0007,0.0020,0.1088,0.1088,0.1088,0.0000,0.0000,0.0000,0.0000,0.0020,0.0003,0.0003,0.0007",1.0
block-words,p02,50,1,1,9,1,6,"4,0,0,0,0,0,0,6,6,0,0,0,8,8,8,8,6,8,6,6","0.0020,0.1107,0.1107,0.1107,0.1107,0.1107,0.1107,0.0003,0.0003,0.1107,0.1107,0.1107,0.0000,0.0000,0.0000,0.0000,0.0003,0.0000,0.0003,0.0003",1.0
block-words,p02,70,1,1,3,1,9,"8,0,0,1,0,1,5,9,8,5,4,4,8,11,9,8,10,9,7,8","0.0001,0.2639,0.2639,0.0971,0.2639,0.0971,0.0018,0.0000,0.0001,0.0018,0.0048,0.0048,0.0001,0.0000,0.0000,0.0001,0.0000,0.0000,0.0002,0.0001",1.0
block-words,p02,100,1,1,1,1,12,"14,0,3,6,4,6,14,14,14,8,9,10,10,14,12,13,16,14,12,14","0.0000,0.9314,0.0464,0.0023,0.0171,0.0023,0.0000,0.0000,0.0000,0.0003,0.0001,0.0000,0.0000,0.0000,0.0000,0.0000,0.0000,0.0000,0.0000,0.0000",1.0
block-words,p02,10,2,0,14,0,1,"0,0,0,0,0,0,0,1,1,0,0,0,1,0,1,1,0,0,0,1","0.0617,0.0617,0.0617,0.0617,0.0617,0.0617,0.0617,0.0227,0.0227,0.0617,0.0617,0.0617,0.0227,0.0617,0.0227,0.0227,0.0617,0.0617,0.0617,0.0227",1.0
block-words,p02,30,2,0,10,0,3,"0,0,0,0,0,0,0,5,3,0,0,0,5,5,5,5,3,2,2,5","0.0961,0.0961,0.0961,0.0961,0.0961,0.0961,0.0961,0.0006,0.0048,0.0961,0.0961,0.0961,0.0006,0.0006,0.0006,0.0006,0.0048,0.0130,0.0130,0.0006",1.0
block-words,p02,50,2,1,9,0,5,"2,0,0,0,0,0,0,5,5,0,0,0,8,8,8,8,4,6,6,5","0.0147,0.1089,0.1089,0.1089,0.1089,0.1089,0.1089,0.0007,0.0007,0.1089,0.1089,0.1089,0.0000,0.0000,0.0000,0.0000,0.0020,0.0003,0.0003,0.0007",1.0
block-words,p02,70,2,1,5,0,7,"4,0,0,0,0,0,1,7,7,1,1,1,8,8,8,8,7,8,6,7","0.0028,0.1539,0.1539,0.1539,0.1539,0.1539,0.0566,0.0001,0.0001,0.0566,0.0566,0.0566,0.0001,0.0001,0.0001,0.0001,0.0001,0.0001,0.0004,0.0001",1.0
block-words,p02,100,2,1,3,0,10,"10,0,0,3,0,4,6,10,10,6,6,6,10,12,10,10,12,12,10,10","0.0000,0.3248,0.3248,0.0162,0.3248,0.0059,0.0008,0.0000,0.0000,0.0008,0.0008,0.0008,0.0000,0.0000,0.0000,0.0000,0.0000,0.0000,0.0000,0.0000",1.0
block-words,p02,10,3,0,14,0,1,"0,0,0,0,0,0,0,1,1,0,0,0,1,0,1,1,0,0,0,1","0.0617,0.0617,0.0617,0.0617,0.0617,0.0617,0.0617,0.0227,0.0227,0.0617,0.0617,0.0617,0.0227,0.0617,0.0227,0.0227,0.0617,0.0617,0.0617,0.0227",1.0
block-words,p02,30,3,0,10,0,3,"0,0,0,0,0,0,0,5,3,0,0,0,5,5,5,5,3,2,2,5","0.0961,0.0961,0.0961,0.0961,0.0961,0.0961,0.0961,0.0006,0.0048,0.0961,0.0961,0.0961,0.0006,0.0006,0.0006,0.0006,0.0048,0.0130,0.0130,0.0006",1.0
block-words,p02,50,3,1,9,0,4,"2,0,0,0,0,0,0,5,4,0,0,0,8,8,8,8,4,6,6,5","0.0147,0.1088,0.1088,0.1088,0.1088,0.1088,0.1088,0.0007,0.0020,0.1088,0.1088,0.1088,0.0000,0.0000,0.0000,0.0000,0.0020,0.0003,0.0003,0.0007",1.0
block-words,p02,70,3,1,9,0,6,"4,0,0,0,0,0,0,6,6,0,0,0,8,8,8,8,6,8,6,6","0.0020,0.1107,0.1107,0.1107,0.1107,0.1107,0.1107,0.0003,0.0003,0.1107,0.1107,0.1107,0.0000,0.0000,0.0000,0.0000,0.0003,0.0000,0.0003,0.0003",1.0
block-words,p02,100,3,1,5,0,8,"6,0,0,0,0,0,3,8,8,4,4,4,8,10,8,8,10,8,6,8","0.0005,0.1956,0.1956,0.1956,0.1956,0.1956,0.0097,0.0001,0.0001,0.0036,0.0036,0.0036,0.0001,0.0000,0.0001,0.0001,0.0000,0.0001,0.0005,0.0001",1.0
block-words,p02,10,4,0,10,0,2,"0,0,0,0,0,0,0,2,2,0,0,0,4,4,4,4,2,2,2,2","0.0919,0.0919,0.0919,0.0919,0.0919,0.0919,0.0919,0.0124,0.0124,0.0919,0.0919,0.0919,0.0017,0.0017,0.0017,0.0017,0.0124,0.0124,0.0124,0.0124",1.0
block-words,p02,30,4,1,7,0,4,"2,0,0,0,0,0,2,6,6,2,0,0,7,6,7,6,6,4,4,6","0.0181,0.1341,0.1341,0.1341,0.1341,0.1341,0.0181,0.0003,0.0003,0.0181,0.1341,0.1341,0.0001,0.0003,0.0001,0.0003,0.0003,0.0025,0.0025,0.0003",1.0
block-words,p02,50,4,1,7,0,6,"4,0,0,0,0,0,2,8,8,2,0,0,8,6,8,6,8,6,4,8","0.0025,0.1367,0.1367,0.1367,0.1367,0.1367,0.0185,0.0000,0.0000,0.0185,0.1367,0.1367,0.0000,0.0003,0.0000,0.0003,0.0000,0.0003,0.0025,0.0000",1.0
block-words,p02,70,4,1,3,0,9,"8,0,0,1,0,1,9,9,8,5,4,4,8,11,9,8,10,9,7,8","0.0001,0.2644,0.2644,0.0973,0.2644,0.0973,0.0000,0.0000,0.0001,0.0018,0.0048,0.0048,0.0001,0.0000,0.0000,0.0001,0.0000,0.0000,0.0002,0.0001",1.0
block-words,p02,100,4,4,1,1,12,"14,4,3,6,0,6,12,12,13,8,9,6,12,14,12,12,15,14,12,14","0.0000,0.0170,0.0463,0.0023,0.9293,0.0023,0.0000,0.0000,0.0000,0.0003,0.0001,0.0023,0.0000,0.0000,0.0000,0.0000,0.0000,0.0000,0.0000,0.0000",1.0
block-words,p02,10,5,0,14,0,1,"0,0,0,0,0,0,0,1,1,0,0,0,1,0,1,1,0,0,0,1","0.0617,0.0617,0.0617,0.0617,0.0617,0.0617,0.0617,0.0227,0.0227,0.0617,0.0617,0.0617,0.0227,0.0617,0.0227,0.0227,0.0617,0.0617,0.0617,0.0227",1.0
block-words,p02,30,5,0,10,0,3,"0,0,0,0,0,0,0,3,3,0,0,0,5,5,5,5,3,2,2,3","0.0953,0.0953,0.0953,0.0953,0.0953,0.0953,0.0953,0.0047,0.0047,0.0953,0.0953,0.0953,0.0006,0.0006,0.0006,0.0006,0.0047,0.0129,0.0129,0.0047",1.0
block-words,p02,50,5,0,8,0,5,"0,0,0,0,0,0,0,5,7,0,2,2,8,6,6,8,6,4,4,7","0.1201,0.1201,0.1201,0.1201,0.1201,0.1201,0.1201,0.0008,0.0001,0.1201,0.0163,0.0163,0.0000,0.0003,0.0003,0.0000,0.0003,0.0022,0.0022,0.0001",1.0
block-words,p02,70,5,1,5,0,7,"4,0,0,0,0,0,1,7,7,1,2,2,8,7,7,8,8,6,4,8","0.0030,0.1653,0.1653,0.1653,0.1653,0.1653,0.0608,0.0002,0.0002,0.0608,0.0224,0.0224,0.0001,0.0002,0.0002,0.0001,0.0001,0.0004,0.0030,0.0001",1.0
block-words,p02,100,5,5,1,1,10,"10,4,4,3,4,0,6,10,10,6,6,6,10,12,10,10,12,10,8,10","0.0000,0.0164,0.0164,0.0446,0.0164,0.8966,0.0022,0.0000,0.0000,0.0022,0.0022,0.0022,0.0000,0.0000,0.0000,0.0000,0.0000,0.0000,0.0003,0.0000",1.0
block-words,p02,10,6,6,12,1,1,"1,1,1,1,1,1,0,0,0,0,0,0,0,0,0,0,0,1,1,0","0.0246,0.0246,0.0246,0.0246,0.0246,0.0246,0.0669,0.0669,0.0669,0.0669,0.0669,0.0669,0.0669,0.0669,0.0669,0.0669,0.0669,0.0246,0.0246,0.0669",1.0
block-words,p02,30,6,6,1,1,3,"4,4,2,2,2,2,0,1,1,2,2,2,3,2,3,3,4,2,2,5","0.0055,0.0055,0.0410,0.0410,0.0410,0.0410,0.3030,0.1115,0.1115,0.0410,0.0410,0.0410,0.0151,0.0410,0.0151,0.0151,0.0055,0.0410,0.0410,0.0020",1.0
block-words,p02,50,6,6,1,1,5,"4,4,2,2,2,2,0,5,3,2,2,2,7,7,7,7,7,4,4,9","0.0088,0.0088,0.0650,0.0650,0.0650,0.0650,0.4803,0.0032,0.0239,0.0650,0.0650,0.0650,0.0004,0.0004,0.0004,0.0004,0.0004,0.0088,0.0088,0.0001",1.0
block-words,p02,70,6,6,1,1,7,"7,6,4,4,4,4,0,7,5,4,4,4,9,9,9,9,9,6,7,11","0.0008,0.0022,0.0160,0.0160,0.0160,0.0160,0.8747,0.0008,0.0059,0.0160,0.0160,0.0160,0.0001,0.0001,0.0001,0.0001,0.0001,0.0022,0.0008,0.0000",1.0
block-words,p02,100,6,6,1,1,10,"10,8,6,6,6,6,0,10,10,6,6,6,12,12,12,12,14,10,8,14","0.0000,0.0003,0.0024,0.0024,0.0024,0.0024,0.9821,0.0000,0.0000,0.0024,0.0024,0.0024,0.0000,0.0000,0.0000,0.0000,0.0000,0.0000,0.0003,0.0000",1.0
block-words,p02,10,7,6,12,0,1,"1,1,1,1,1,1,0,0,0,0,0,0,0,0,0,0,0,1,1,0","0.0246,0.0246,0.0246,0.0246,0.0246,0.0246,0.0669,0.0669,0.0669,0.0669,0.0669,0.0669,0.0669,0.0669,0.0669,0.0669,0.0669,0.0246,0.0246,0.0669",1.0
block-words,p02,30,7,6,3,0,2,"4,3,2,2,2,2,0,0,0,2,2,2,2,2,2,2,4,2,2,4","0.0038,0.0102,0.0278,0.0278,0.0278,0.0278,0.2056,0.2056,0.2056,0.0278,0.0278,0.0278,0.0278,0.0278,0.0278,0.0278,0.0038,0.0278,0.0278,0.0038",1.0
block-words,p02,50,7,6,3,0,2,"4,3,2,2,2,2,0,0,0,2,2,2,2,2,2,2,4,2,2,4","0.0038,0.0102,0.0278,0.0278,0.0278,0.0278,0.2056,0.2056,0.2056,0.0278,0.0278,0.0278,0.0278,0.0278,0.0278,0.0278,0.0038,0.0278,0.0278,0.0038",1.0
block-words,p02,70,7,7,1,1,3,"5,5,3,3,2,2,1,0,1,3,3,2,2,2,2,2,5,2,2,4","0.0021,0.0021,0.0156,0.0156,0.0424,0.0424,0.1153,0.3133,0.1153,0.0156,0.0156,0.0424,0.0424,0.0424,0.0424,0.0424,0.0021,0.0424,0.0424,0.0057",1.0
block-words,p02,100,7,7,1,1,4,"6,6,4,4,4,4,4,0,4,6,6,6,4,4,4,4,8,4,4,4","0.0020,0.0020,0.0146,0.0146,0.0146,0.0146,0.0146,0.7995,0.0146,0.0020,0.0020,0.0020,0.0146,0.0146,0.0146,0.0146,0.0003,0.0146,0.0146,0.0146",1.0
block-words,p02,10,8,6,12,0,1,"1,1,1,1,1,1,0,0,0,0,0,0,0,0,0,0,0,1,1,0","0.0246,0.0246,0.0246,0.0246,0.0246,0.0246,0.0669,0.0669,0.0669,0.0669,0.0669,0.0669,0.0669,0.0669,0.0669,0.0669,0.0669,0.0246,0.0246,0.0669",1.0
block-words,p02,30,8,6,3,0,2,"4,3,2,2,2,2,0,0,0,2,2,2,2,2,2,2,4,2,2,4","0.0038,0.0102,0.0278,0.0278,0.0278,0.0278,0.2056,0.2056,0.2056,0.0278,0.0278,0.0278,0.0278,0.0278,0.0278,0.0278,0.0038,0.0278,0.0278,0.0038",1.0
block-words,p02,50,8,6,3,0,2,"4,3,2,2,2,2,0,0,0,2,2,2,2,2,2,2,4,2,2,4","0.0038,0.0102,0.0278,0.0278,0.0278,0.0278,0.2056,0.2056,0.2056,0.0278,0.0278,0.0278,0.0278,0.0278,0.0278,0.0278,0.0038,0.0278,0.0278,0.0038",1.0
block-words,p02,70,8,8,1,1,3,"6,4,2,3,2,3,1,1,0,3,2,2,2,3,3,2,4,3,3,4","0.0008,0.0062,0.0458,0.0169,0.0458,0.0169,0.1245,0.1245,0.3386,0.0169,0.0458,0.0458,0.0458,0.0169,0.0169,0.0458,0.0062,0.0169,0.0169,0.0062",1.0
block-words,p02,100,8,8,1,1,4,"8,6,4,4,4,4,4,4,0,6,2,2,2,6,6,2,4,4,4,6","0.0002,0.0014,0.0107,0.0107,0.0107,0.0107,0.0107,0.0107,0.5818,0.0014,0.0787,0.0787,0.0787,0.0014,0.0014,0.0787,0.0107,0.0107,0.0107,0.0014",1.0
block-words,p02,10,9,0,14,0,1,"0,0,0,0,0,0,0,1,1,0,0,0,1,0,1,1,0,0,0,1","0.0617,0.0617,0.0617,0.0617,0.0617,0.0617,0.0617,0.0227,0.0227,0.0617,0.0617,0.0617,0.0227,0.0617,0.0227,0.0227,0.0617,0.0617,0.0617,0.0227",1.0
block-words,p02,30,9,0,10,0,3,"0,0,0,0,0,0,0,5,3,0,0,0,5,5,5,5,3,2,2,5","0.0961,0.0961,0.0961,0.0961,0.0961,0.0961,0.0961,0.0006,0.0048,0.0961,0.0961,0.0961,0.0006,0.0006,0.0006,0.0006,0.0048,0.0130,0.0130,0.0006",1.0
block-words,p02,50,9,1,9,0,5,"2,0,0,0,0,0,0,5,5,0,0,0,6,6,6,6,4,4,4,5","0.0147,0.1085,0.1085,0.1085,0.1085,0.1085,0.1085,0.0007,0.0007,0.1085,0.1085,0.1085,0.0003,0.0003,0.0003,0.0003,0.0020,0.0020,0.0020,0.0007",1.0
block-words,p02,70,9,9,3,1,7,"5,1,1,1,1,1,4,6,6,0,0,0,6,6,6,6,6,7,5,6","0.0014,0.0752,0.0752,0.0752,0.0752,0.0752,0.0037,0.0005,0.0005,0.2044,0.2044,0.2044,0.0005,0.0005,0.0005,0.0005,0.0005,0.0002,0.0014,0.0005",1.0
block-words,p02,100,9,9,1,1,10,"10,6,6,6,6,6,10,12,12,0,4,4,12,12,8,12,14,10,10,12","0.0000,0.0024,0.0024,0.0024,0.0024,0.0024,0.0000,0.0000,0.0000,0.9528,0.0175,0.0175,0.0000,0.0000,0.0003,0.0000,0.0000,0.0000,0.0000,0.0000",1.0
block-words,p02,10,10,0,14,0,1,"0,0,0,0,0,0,0,1,1,0,0,0,1,0,1,1,0,0,0,1","0.0617,0.0617,0.0617,0.0617,0.0617,0.0617,0.0617,0.0227,0.0227,0.0617,0.0617,0.0617,0.0227,0.0617,0.0227,0.0227,0.0617,0.0617,0.0617,0.0227",1.0
block-words,p02,30,10,0,10,0,3,"0,0,0,0,0,0,0,5,3,0,0,0,5,5,5,5,3,2,2,5","0.0961,0.0961,0.0961,0.0961,0.0961,0.0961,0.0961,0.0006,0.0048,0.0961,0.0961,0.0961,0.0006,0.0006,0.0006,0.0006,0.0048,0.0130,0.0130,0.0006",1.0
block-words,p02,50,10,1,9,0,5,"2,0,0,0,0,0,0,5,5,0,0,0,6,6,6,6,4,4,4,5","0.0147,0.1085,0.1085,0.1085,0.1085,0.1085,0.1085,0.0007,0.0007,0.1085,0.1085,0.1085,0.0003,0.0003,0.0003,0.0003,0.0020,0.0020,0.0020,0.0007",1.0
block-words,p02,70,10,9,3,0,7,"5,1,1,1,1,1,4,6,6,0,0,0,6,6,6,6,6,7,5,6","0.0014,0.0752,0.0752,0.0752,0.0752,0.0752,0.0037,0.0005,0.0005,0.2044,0.2044,0.2044,0.0005,0.0005,0.0005,0.0005,0.0005,0.0002,0.0014,0.0005",1.0
block-words,p02,100,10,10,2,1,10,"12,6,6,6,6,6,10,12,8,4,0,0,8,12,12,8,6,10,10,10","0.0000,0.0012,0.0012,0.0012,0.0012,0.0012,0.0000,0.0000,0.0002,0.0090,0.4915,0.4915,0.0002,0.0000,0.0000,0.0002,0.0012,0.0000,0.0000,0.0000",1.0
block-words,p02,10,11,0,10,0,2,"0,0,0,0,0,0,0,2,2,0,0,0,4,4,4,4,2,2,2,2","0.0919,0.0919,0.0919,0.0919,0.0919,0.0919,0.0919,0.0124,0.0124,0.0919,0.0919,0.0919,0.0017,0.0017,0.0017,0.0017,0.0124,0.0124,0.0124,0.0124",1.0
block-words,p02,30,11,1,9,0,4,"2,0,0,0,0,0,0,4,4,0,0,0,6,6,6,6,4,4,4,4","0.0146,0.1080,0.1080,0.1080,0.1080,0.1080,0.1080,0.0020,0.0020,0.1080,0.1080,0.1080,0.0003,0.0003,0.0003,0.0003,0.0020,0.0020,0.0020,0.0020",1.0
block-words,p02,50,11,1,9,0,6,"4,0,0,0,0,0,0,6,6,0,0,0,6,6,6,6,6,6,4,6","0.0020,0.1104,0.1104,0.1104,0.1104,0.1104,0.1104,0.0003,0.0003,0.1104,0.1104,0.1104,0.0003,0.0003,0.0003,0.0003,0.0003,0.0003,0.0020,0.0003",1.0
block-words,p02,70,11,10,2,0,9,"10,4,4,5,4,5,7,9,8,1,0,0,8,9,9,8,6,9,9,8","0.0000,0.0075,0.0075,0.0028,0.0075,0.0028,0.0004,0.0001,0.0001,0.1507,0.4096,0.4096,0.0001,0.0001,0.0001,0.0001,0.0010,0.0001,0.0001,0.0001",1.0
block-words,p02,100,11,11,1,1,12,"16,10,9,8,6,8,12,14,11,6,3,0,14,14,14,14,9,12,12,14","0.0000,0.0000,0.0001,0.0003,0.0023,0.0003,0.0000,0.0000,0.0000,0.0023,0.0472,0.9472,0.0000,0.0000,0.0000,0.0000,0.0001,0.0000,0.0000,0.0000",1.0
block-words,p02,10,12,4,11,0,1,"1,1,1,1,0,0,1,0,1,1,1,0,0,0,0,0,1,0,0,0","0.0257,0.0257,0.0257,0.0257,0.0699,0.0699,0.0257,0.0699,0.0257,0.0257,0.0257,0.0699,0.0699,0.0699,0.0699,0.0699,0.0257,0.0699,0.0699,0.0699",1.0
block-words,p02,30,12,12,4,1,3,"3,3,3,3,3,3,2,2,2,2,2,2,0,0,0,0,2,1,1,2","0.0081,0.0081,0.0081,0.0081,0.0081,0.0081,0.0221,0.0221,0.0221,0.0221,0.0221,0.0221,0.1635,0.1635,0.1635,0.1635,0.0221,0.0601,0.0601,0.0221",1.0
block-words,p02,50,12,12,4,1,4,"4,4,4,4,5,5,4,4,4,4,4,4,0,0,0,0,4,4,4,4","0.0043,0.0043,0.0043,0.0043,0.0016,0.0016,0.0043,0.0043,0.0043,0.0043,0.0043,0.0043,0.2342,0.2342,0.2342,0.2342,0.0043,0.0043,0.0043,0.0043",1.0
block-words,p02,70,12,12,2,1,6,"8,6,6,6,8,8,8,8,4,8,4,4,0,4,4,0,4,6,6,6","0.0002,0.0012,0.0012,0.0012,0.0002,0.0002,0.0002,0.0002,0.0086,0.0002,0.0086,0.0086,0.4702,0.0086,0.0086,0.4702,0.0086,0.0012,0.0012,0.0012",1.0
block-words,p02,100,12,12,1,1,8,"12,6,9,8,12,10,12,12,12,10,7,8,0,6,6,3,12,8,8,10","0.0000,0.0023,0.0001,0.0003,0.0000,0.0000,0.0000,0.0000,0.0000,0.0000,0.0009,0.0003,0.9436,0.0023,0.0023,0.0470,0.0000,0.0003,0.0003,0.0000",1.0
block-words,p02,10,13,4,11,0,1,"1,1,1,1,0,0,1,0,1,1,1,0,0,0,0,0,1,0,0,0","0.0257,0.0257,0.0257,0.0257,0.0699,0.0699,0.0257,0.0699,0.0257,0.0257,0.0257,0.0699,0.0699,0.0699,0.0699,0.0699,0.0257,0.0699,0.0699,0.0699",1.0
block-words,p02,30,13,12,6,0,2,"2,2,2,2,2,2,2,2,2,2,2,2,0,0,0,0,2,0,0,2","0.0171,0.0171,0.0171,0.0171,0.0171,0.0171,0.0171,0.0171,0.0171,0.0171,0.0171,0.0171,0.1267,0.1267,0.1267,0.1267,0.0171,0.1267,0.1267,0.0171",1.0
block-words,p02,50,13,12,4,0,3,"3,3,3,3,3,3,2,2,2,2,2,2,0,0,0,0,2,1,1,2","0.0081,0.0081,0.0081,0.0081,0.0081,0.0081,0.0221,0.0221,0.0221,0.0221,0.0221,0.0221,0.1635,0.1635,0.1635,0.1635,0.0221,0.0601,0.0601,0.0221",1.0
block-words,p02,70,13,13,1,1,5,"4,4,4,4,6,6,4,5,5,4,4,4,1,0,1,1,4,4,4,5","0.0079,0.0079,0.0079,0.0079,0.0011,0.0011,0.0079,0.0029,0.0029,0.0079,0.0079,0.0079,0.1579,0.4291,0.1579,0.1579,0.0079,0.0079,0.0079,0.0029",1.0
block-words,p02,100,13,13,1,1,6,"4,4,4,4,6,6,6,8,8,4,4,4,4,0,4,4,6,4,4,8","0.0149,0.0149,0.0149,0.0149,0.0020,0.0020,0.0020,0.0003,0.0003,0.0149,0.0149,0.0149,0.0149,0.8125,0.0149,0.0149,0.0020,0.0149,0.0149,0.0003",1.0
block-words,p02,10,14,4,11,0,1,"1,1,1,1,0,0,1,0,1,1,1,0,0,0,0,0,1,0,0,0","0.0257,0.0257,0.0257,0.0257,0.0699,0.0699,0.0257,0.0699,0.0257,0.0257,0.0257,0.0699,0.0699,0.0699,0.0699,0.0699,0.0257,0.0699,0.0699,0.0699",1.0
block-words,p02,30,14,12,6,0,2,"2,2,2,2,2,2,2,2,2,2,2,2,0,0,0,0,2,0,0,2","0.0171,0.0171,0.0171,0.0171,0.0171,0.0171,0.0171,0.0171,0.0171,0.0171,0.0171,0.0171,0.1267,0.1267,0.1267,0.1267,0.0171,0.1267,0.1267,0.0171",1.0
block-words,p02,50,14,12,4,0,3,"3,3,3,3,3,3,2,2,2,2,2,2,0,0,0,0,2,1,1,2","0.0081,0.0081,0.0081,0.0081,0.0081,0.0081,0.0221,0.0221,0.0221,0.0221,0.0221,0.0221,0.1635,0.1635,0.1635,0.1635,0.0221,0.0601,0.0601,0.0221",1.0
block-words,p02,70,14,12,2,0,5,"4,4,5,5,7,7,6,6,6,4,5,5,0,1,0,1,6,5,5,6","0.0064,0.0064,0.0024,0.0024,0.0003,0.0003,0.0009,0.0009,0.0009,0.0064,0.0024,0.0024,0.3515,0.1293,0.3515,0.1293,0.0009,0.0024,0.0024,0.0009",1.0
block-words,p02,100,14,14,1,1,6,"6,6,6,6,8,8,8,8,8,4,8,8,4,4,0,4,8,6,6,8","0.0023,0.0023,0.0023,0.0023,0.0003,0.0003,0.0003,0.0003,0.0003,0.0168,0.0003,0.0003,0.0168,0.0168,0.9165,0.0168,0.0003,0.0023,0.0023,0.0003",1.0
block-words,p02,10,15,4,11,0,1,"1,1,1,1,0,0,1,0,1,1,1,0,0,0,0,0,1,0,0,0","0.0257,0.0257,0.0257,0.0257,0.0699,0.0699,0.0257,0.0699,0.0257,0.0257,0.0257,0.0699,0.0699,0.0699,0.0699,0.0699,0.0257,0.0699,0.0699,0.0699",1.0
block-words,p02,30,15,12,6,0,2,"2,2,2,2,2,2,2,2,2,2,2,2,0,0,0,0,2,0,0,2","0.0171,0.0171,0.0171,0.0171,0.0171,0.0171,0.0171,0.0171,0.0171,0.0171,0.0171,0.0171,0.1267,0.1267,0.1267,0.1267,0.0171,0.1267,0.1267,0.0171",1.0
block-words,p02,50,15,12,4,0,3,"3,3,3,3,3,3,2,2,2,2,2,2,0,0,0,0,2,1,1,2","0.0081,0.0081,0.0081,0.0081,0.0081,0.0081,0.0221,0.0221,0.0221,0.0221,0.0221,0.0221,0.1635,0.1635,0.1635,0.1635,0.0221,0.0601,0.0601,0.0221",1.0
block-words,p02,70,15,12,2,0,5,"6,4,4,5,6,7,5,5,4,5,4,4,0,1,1,0,4,5,5,4","0.0009,0.0063,0.0063,0.0023,0.0009,0.0003,0.0023,0.0023,0.0063,0.0023,0.0063,0.0063,0.3436,0.1264,0.1264,0.3436,0.0063,0.0023,0.0023,0.0063",1.0
block-words,p02,100,15,12,2,0,6,"8,6,6,6,8,8,8,8,4,8,4,4,0,4,4,0,4,6,6,6","0.0002,0.0012,0.0012,0.0012,0.0002,0.0002,0.0002,0.0002,0.0086,0.0002,0.0086,0.0086,0.4702,0.0086,0.0086,0.4702,0.0086,0.0012,0.0012,0.0012",1.0
block-words,p02,10,16,0,14,0,1,"0,0,0,0,0,0,0,1,1,0,0,0,1,0,1,1,0,0,0,1","0.0617,0.0617,0.0617,0.0617,0.0617,0.0617,0.0617,0.0227,0.0227,0.0617,0.0617,0.0617,0.0227,0.0617,0.0227,0.0227,0.0617,0.0617,0.0617,0.0227",1.0
block-words,p02,30,16,0,12,0,2,"0,0,0,0,0,0,2,4,4,0,0,0,3,2,3,2,0,0,0,4","0.0796,0.0796,0.0796,0.0796,0.0796,0.0796,0.0108,0.0015,0.0015,0.0796,0.0796,0.0796,0.0040,0.0108,0.0040,0.0108,0.0796,0.0796,0.0796,0.0015",1.0
block-words,p02,50,16,9,4,0,3,"1,1,1,1,1,1,2,4,4,0,0,0,4,2,4,2,0,1,1,4","0.0494,0.0494,0.0494,0.0494,0.0494,0.0494,0.0182,0.0025,0.0025,0.1344,0.1344,0.1344,0.0025,0.0182,0.0025,0.0182,0.1344,0.0494,0.0494,0.0025",1.0
block-words,p02,70,16,10,3,0,5,"8,4,4,5,4,5,5,7,6,1,0,0,6,5,7,4,0,3,5,6","0.0001,0.0052,0.0052,0.0019,0.0052,0.0019,0.0019,0.0003,0.0007,0.1041,0.2829,0.2829,0.0007,0.0019,0.0003,0.0052,0.2829,0.0141,0.0019,0.0007",1.0
block-words,p02,100,16,10,3,0,6,"10,6,6,6,6,6,8,10,6,4,0,0,6,8,10,4,0,4,6,8","0.0000,0.0008,0.0008,0.0008,0.0008,0.0008,0.0001,0.0000,0.0008,0.0060,0.3251,0.3251,0.0008,0.0001,0.0000,0.0060,0.3251,0.0060,0.0008,0.0001",1.0
block-words,p02,10,17,4,11,0,1,"1,1,1,1,0,0,1,0,1,1,1,0,0,0,0,0,1,0,0,0","0.0257,0.0257,0.0257,0.0257,0.0699,0.0699,0.0257,0.0699,0.0257,0.0257,0.0257,0.0699,0.0699,0.0699,0.0699,0.0699,0.0257,0.0699,0.0699,0.0699",1.0
block-words,p02,30,17,13,3,0,3,"2,2,2,2,2,2,2,3,3,2,2,2,1,0,1,1,2,0,0,3","0.0236,0.0236,0.0236,0.0236,0.0236,0.0236,0.0236,0.0087,0.0087,0.0236,0.0236,0.0236,0.0641,0.1742,0.0641,0.0641,0.0236,0.1742,0.1742,0.0087",1.0
block-words,p02,50,17,17,2,1,4,"2,2,2,2,2,2,2,4,4,2,2,2,2,2,2,2,4,0,0,4","0.0341,0.0341,0.0341,0.0341,0.0341,0.0341,0.0341,0.0046,0.0046,0.0341,0.0341,0.0341,0.0341,0.0341,0.0341,0.0341,0.0046,0.2520,0.2520,0.0046",1.0
block-words,p02,70,17,17,2,1,6,"4,2,2,2,2,2,2,7,6,2,2,4,6,6,6,6,6,0,0,7","0.0058,0.0432,0.0432,0.0432,0.0432,0.0432,0.0432,0.0003,0.0008,0.0432,0.0432,0.0058,0.0008,0.0008,0.0008,0.0008,0.0008,0.3189,0.3189,0.0003",1.0
block-words,p02,100,17,17,1,1,8,"8,6,6,6,6,6,4,10,8,6,6,8,8,8,8,8,8,0,4,10","0.0003,0.0023,0.0023,0.0023,0.0023,0.0023,0.0173,0.0000,0.0003,0.0023,0.0023,0.0003,0.0003,0.0003,0.0003,0.0003,0.0003,0.9463,0.0173,0.0000",1.0
block-words,p02,10,18,4,11,0,1,"1,1,1,1,0,0,1,0,1,1,1,0,0,0,0,0,1,0,0,0","0.0257,0.0257,0.0257,0.0257,0.0699,0.0699,0.0257,0.0699,0.0257,0.0257,0.0257,0.0699,0.0699,0.0699,0.0699,0.0699,0.0257,0.0699,0.0699,0.0699",1.0
block-words,p02,30,18,13,3,0,3,"2,2,2,2,2,2,2,3,3,2,2,2,1,0,1,1,2,0,0,3","0.0236,0.0236,0.0236,0.0236,0.0236,0.0236,0.0236,0.0087,0.0087,0.0236,0.0236,0.0236,0.0641,0.1742,0.0641,0.0641,0.0236,0.1742,0.1742,0.0087",1.0
block-words,p02,50,18,17,2,0,4,"4,2,2,2,2,2,2,4,5,2,2,2,4,2,2,3,4,0,0,6","0.0051,0.0374,0.0374,0.0374,0.0374,0.0374,0.0374,0.0051,0.0019,0.0374,0.0374,0.0374,0.0051,0.0374,0.0374,0.0137,0.0051,0.2762,0.2762,0.0007",1.0
block-words,p02,70,18,17,2,0,6,"6,2,2,2,2,2,2,7,7,2,2,4,8,6,6,8,6,0,0,9","0.0008,0.0435,0.0435,0.0435,0.0435,0.0435,0.0435,0.0003,0.0003,0.0435,0.0435,0.0059,0.0001,0.0008,0.0008,0.0001,0.0008,0.3212,0.3212,0.0000",1.0
block-words,p02,100,18,18,1,1,8,"8,4,4,4,4,4,4,10,8,4,4,6,8,8,8,8,8,4,0,10","0.0003,0.0157,0.0157,0.0157,0.0157,0.0157,0.0157,0.0000,0.0003,0.0157,0.0157,0.0021,0.0003,0.0003,0.0003,0.0003,0.0003,0.0157,0.8549,0.0000",1.0
block-words,p02,10,19,1,10,0,1,"2,0,0,1,0,1,1,1,0,1,0,0,0,1,1,0,0,1,1,0","0.0101,0.0744,0.0744,0.0274,0.0744,0.0274,0.0274,0.0274,0.0744,0.0274,0.0744,0.0744,0.0744,0.0274,0.0274,0.0744,0.0744,0.0274,0.0274,0.0744",1.0
block-words,p02,30,19,19,1,1,2,"4,2,2,2,2,2,4,4,4,3,2,2,2,2,3,2,4,2,2,0","0.0065,0.0481,0.0481,0.0481,0.0481,0.0481,0.0065,0.0065,0.0065,0.0177,0.0481,0.0481,0.0481,0.0481,0.0177,0.0481,0.0065,0.0481,0.0481,0.3552",1.0
block-words,p02,50,19,19,1,1,3,"5,3,3,3,3,3,4,4,4,4,2,2,2,2,4,2,4,3,3,0","0.0031,0.0232,0.0232,0.0232,0.0232,0.0232,0.0086,0.0086,0.0086,0.0086,0.0632,0.0632,0.0632,0.0632,0.0086,0.0632,0.0086,0.0232,0.0232,0.4669",1.0
block-words,p02,70,19,19,1,1,5,"9,7,7,5,6,4,7,6,7,7,5,4,4,4,6,4,7,4,4,0","0.0001,0.0008,0.0008,0.0058,0.0021,0.0159,0.0008,0.0021,0.0008,0.0008,0.0058,0.0159,0.0159,0.0159,0.0021,0.0159,0.0008,0.0159,0.0159,0.8660",1.0
block-words,p02,100,19,19,1,1,6,"10,8,8,6,8,6,10,6,10,10,8,8,6,6,8,6,10,6,6,0","0.0000,0.0003,0.0003,0.0024,0.0003,0.0024,0.0000,0.0024,0.0000,0.0000,0.0003,0.0003,0.0024,0.0024,0.0003,0.0024,0.0000,0.0024,0.0024,0.9784",1.0
block-words,p03,10,0,0,7,1,2,"0,0,0,2,2,2,2,0,2,2,2,2,2,2,2,2,2,0,0,0","0.1142,0.1142,0.1142,0.0155,0.0155,0.0155,0.0155,0.1142,0.0155,0.0155,0.0155,0.0155,0.0155,0.0155,0.0155,0.0155,0.0155,0.1142,0.1142,0.1142",1.0
block-words,p03,30,0,0,3,1,5,"0,0,0,7,7,2,7,1,5,5,7,7,5,6,7,6,6,5,2,1","0.2471,0.2471,0.2471,0.0002,0.0002,0.0334,0.0002,0.0909,0.0017,0.0017,0.0002,0.0002,0.0017,0.0006,0.0002,0.0006,0.0006,0.0017,0.0334,0.0909",1.0
block-words,p03,50,0,0,2,1,7,"0,0,1,11,10,3,10,4,6,6,10,10,6,8,8,11,11,6,4,4","0.4027,0.4027,0.1481,0.0000,0.0000,0.0200,0.0000,0.0074,0.0010,0.0010,0.0000,0.0000,0.0010,0.0001,0.0001,0.0000,0.0000,0.0010,0.0074,0.0074",1.0
block-words,p03,70,0,0,2,1,10,"0,0,5,12,14,14,12,4,6,6,10,12,6,10,8,16,18,12,10,4","0.4875,0.4875,0.0033,0.0000,0.0000,0.0000,0.0000,0.0089,0.0012,0.0012,0.0000,0.0000,0.0012,0.0000,0.0002,0.0000,0.0000,0.0000,0.0000,0.0089",1.0
block-words,p03,100,0,0,1,1,14,"0,3,10,14,18,22,16,10,14,8,16,18,12,16,14,20,20,16,14,10","0.9521,0.0474,0.0000,0.0000,0.0000,0.0000,0.0000,0.0000,0.0000,0.0003,0.0000,0.0000,0.0000,0.0000,0.0000,0.0000,0.0000,0.0000,0.0000,0.0000",1.0
block-words,p03,10,1,0,7,0,2,"0,0,0,2,2,2,2,0,2,2,2,2,2,2,2,2,2,0,0,0","0.1142,0.1142,0.1142,0.0155,0.0155,0.0155,0.0155,0.1142,0.0155,0.0155,0.0155,0.0155,0.0155,0.0155,0.0155,0.0155,0.0155,0.1142,0.1142,0.1142",1.0
block-words,p03,30,1,0,5,0,4,"0,0,0,6,6,2,6,0,4,4,6,6,4,6,5,6,6,3,2,0","0.1851,0.1851,0.1851,0.0005,0.0005,0.0251,0.0005,0.1851,0.0034,0.0034,0.0005,0.0005,0.0034,0.0005,0.0012,0.0005,0.0005,0.0092,0.0251,0.1851",1.0
block-words,p03,50,1,0,3,0,6,"0,0,0,10,10,2,10,4,6,6,10,10,6,8,8,10,10,6,4,4","0.3124,0.3124,0.3124,0.0000,0.0000,0.0423,0.0000,0.0057,0.0008,0.0008,0.0000,0.0000,0.0008,0.0001,0.0001,0.0000,0.0000,0.0008,0.0057,0.0057",1.0
block-words,p03,70,1,0,2,0,9,"0,0,5,12,12,14,12,4,6,6,10,12,6,10,8,14,15,9,5,4","0.4859,0.4859,0.0033,0.0000,0.0000,0.0000,0.0000,0.0089,0.0012,0.0012,0.0000,0.0000,0.0012,0.0000,0.0002,0.0000,0.0000,0.0001,0.0033,0.0089",1.0
block-words,p03,100,1,0,2,0,12,"0,0,8,14,16,18,12,6,10,8,12,14,8,12,10,18,18,14,9,6","0.4985,0.4985,0.0002,0.0000,0.0000,0.0000,0.0000,0.0012,0.0000,0.0002,0.0000,0.0000,0.0002,0.0000,0.0000,0.0000,0.0000,0.0000,0.0001,0.0012",1.0
block-words,p03,10,2,0,15,0,1,"0,0,0,0,1,0,0,0,1,1,0,0,1,0,0,1,0,0,0,0","0.0594,0.0594,0.0594,0.0594,0.0218,0.0594,0.0594,0.0594,0.0218,0.0218,0.0594,0.0594,0.0218,0.0594,0.0594,0.0218,0.0594,0.0594,0.0594,0.0594",1.0
block-words,p03,30,2,0,7,0,2,"0,0,0,2,2,2,2,0,2,2,2,2,2,2,2,2,2,0,0,0","0.1142,0.1142,0.1142,0.0155,0.0155,0.0155,0.0155,0.1142,0.0155,0.0155,0.0155,0.0155,0.0155,0.0155,0.0155,0.0155,0.0155,0.1142,0.1142,0.1142",1.0
block-words,p03,50,2,0,5,0,3,"0,0,0,4,4,2,4,0,3,3,4,4,3,3,3,4,4,1,1,0","0.1600,0.1600,0.1600,0.0029,0.0029,0.0217,0.0029,0.1600,0.0080,0.0080,0.0029,0.0029,0.0080,0.0080,0.0080,0.0029,0.0029,0.0589,0.0589,0.1600",1.0
block-words,p03,70,2,0,3,0,5,"0,0,0,7,7,2,7,1,5,5,7,7,5,6,7,6,6,5,2,1","0.2471,0.2471,0.2471,0.0002,0.0002,0.0334,0.0002,0.0909,0.0017,0.0017,0.0002,0.0002,0.0017,0.0006,0.0002,0.0006,0.0006,0.0017,0.0334,0.0909",1.0
block-words,p03,100,2,0,3,0,6,"0,0,0,10,10,2,10,4,6,6,10,10,6,8,8,10,10,6,4,4","0.3124,0.3124,0.3124,0.0000,0.0000,0.0423,0.0000,0.0057,0.0008,0.0008,0.0000,0.0000,0.0008,0.0001,0.0001,0.0000,0.0000,0.0008,0.0057,0.0057",1.0
block-words,p03,10,3,0,15,0,1,"0,0,0,0,1,0,0,0,1,1,0,0,1,0,0,1,0,0,0,0","0.0594,0.0594,0.0594,0.0594,0.0218,0.0594,0.0594,0.0594,0.0218,0.0218,0.0594,0.0594,0.0218,0.0594,0.0594,0.0218,0.0594,0.0594,0.0594,0.0594",1.0
block-words,p03,30,3,3,3,1,3,"2,2,3,0,4,2,4,2,2,2,0,0,2,2,2,4,1,1,1,2","0.0243,0.0243,0.0090,0.1798,0.0033,0.0243,0.0033,0.0243,0.0243,0.0243,0.1798,0.1798,0.0243,0.0243,0.0243,0.0033,0.0661,0.0661,0.0661,0.0243",1.0
block-words,p03,50,3,3,3,1,4,"2,2,4,0,6,2,4,2,2,2,0,0,2,2,2,6,4,4,4,2","0.0304,0.0304,0.0041,0.2247,0.0006,0.0304,0.0041,0.0304,0.0304,0.0304,0.2247,0.2247,0.0304,0.0304,0.0304,0.0006,0.0041,0.0041,0.0041,0.0304",1.0
block-words,p03,70,3,3,3,1,6,"6,6,8,0,8,6,6,6,6,4,0,0,4,4,4,8,8,7,6,6","0.0008,0.0008,0.0001,0.3231,0.0001,0.0008,0.0008,0.0008,0.0008,0.0059,0.3231,0.3231,0.0059,0.0059,0.0059,0.0001,0.0001,0.0003,0.0008,0.0008",1.0
block-words,p03,100,3,3,1,1,8,"6,9,10,0,10,10,10,10,10,4,4,4,8,8,8,10,8,8,6,10","0.0023,0.0001,0.0000,0.9416,0.0000,0.0000,0.0000,0.0000,0.0000,0.0172,0.0172,0.0172,0.0003,0.0003,0.0003,0.0000,0.0003,0.0003,0.0023,0.0000",1.0
block-words,p03,10,4,0,16,0,1,"0,0,1,0,0,0,0,0,0,0,0,0,0,0,0,0,1,1,1,0","0.0572,0.0572,0.0211,0.0572,0.0572,0.0572,0.0572,0.0572,0.0572,0.0572,0.0572,0.0572,0.0572,0.0572,0.0572,0.0572,0.0211,0.0211,0.0211,0.0572",1.0
block-words,p03,30,4,4,7,1,2,"2,2,4,2,0,2,2,2,0,0,2,2,0,0,0,0,4,2,2,2","0.0159,0.0159,0.0021,0.0159,0.1173,0.0159,0.0159,0.0159,0.1173,0.1173,0.0159,0.0159,0.1173,0.1173,0.1173,0.1173,0.0021,0.0159,0.0159,0.0159",1.0
block-words,p03,50,4,4,6,1,3,"2,2,5,2,0,4,2,2,2,0,2,2,0,0,0,0,5,3,3,2","0.0184,0.0184,0.0009,0.0184,0.1361,0.0025,0.0184,0.0184,0.0184,0.1361,0.0184,0.0184,0.1361,0.1361,0.1361,0.1361,0.0009,0.0068,0.0068,0.0184",1.0
block-words,p03,70,4,4,1,1,5,"4,4,7,5,0,7,4,4,4,2,4,4,2,2,2,1,7,4,4,4","0.0087,0.0087,0.0004,0.0032,0.4758,0.0004,0.0087,0.0087,0.0087,0.0644,0.0087,0.0087,0.0644,0.0644,0.0644,0.1750,0.0004,0.0087,0.0087,0.0087",1.0
block-words,p03,100,4,4,1,1,6,"6,6,8,8,0,10,6,4,6,4,6,4,2,4,4,4,8,6,4,4","0.0019,0.0019,0.0003,0.0003,0.7705,0.0000,0.0019,0.0141,0.0019,0.0141,0.0019,0.0141,0.1043,0.0141,0.0141,0.0141,0.0003,0.0019,0.0141,0.0141",1.0
block-words,p03,10,5,0,16,0,1,"0,0,1,0,0,0,0,0,0,0,0,0,0,0,0,0,1,1,1,0","0.0572,0.0572,0.0211,0.0572,0.0572,0.0572,0.0572,0.0572,0.0572,0.0572,0.0572,0.0572,0.0572,0.0572,0.0572,0.0572,0.0211,0.0211,0.0211,0.0572",1.0
block-words,p03,30,5,0,11,0,3,"0,0,2,0,3,0,0,0,1,1,0,0,1,0,0,3,2,2,2,0","0.0785,0.0785,0.0106,0.0785,0.0039,0.0785,0.0785,0.0785,0.0289,0.0289,0.0785,0.0785,0.0289,0.0785,0.0785,0.0039,0.0106,0.0106,0.0106,0.0785",1.0
block-words,p03,50,5,5,4,1,4,"2,2,4,2,6,0,0,2,4,4,2,2,4,0,0,6,4,2,2,2","0.0255,0.0255,0.0034,0.0255,0.0005,0.1882,0.1882,0.0255,0.0034,0.0034,0.0255,0.0255,0.0034,0.1882,0.1882,0.0005,0.0034,0.0255,0.0255,0.0255",1.0
block-words,p03,70,5,5,1,1,6,"2,2,4,6,10,0,8,2,6,6,6,6,6,4,3,10,8,5,4,2","0.0811,0.0811,0.0110,0.0015,0.0000,0.5994,0.0002,0.0811,0.0015,0.0015,0.0015,0.0015,0.0015,0.0110,0.0298,0.0000,0.0002,0.0040,0.0110,0.0811",1.0
block-words,p03,100,5,5,1,1,8,"2,2,4,10,14,0,12,6,8,8,10,10,8,6,6,14,12,8,6,6","0.1039,0.1039,0.0141,0.0000,0.0000,0.7675,0.0000,0.0019,0.0003,0.0003,0.0000,0.0000,0.0003,0.0019,0.0019,0.0000,0.0000,0.0003,0.0019,0.0019",1.0
block-words,p03,10,6,0,15,0,1,"0,0,1,1,0,1,0,0,0,0,0,0,0,0,0,1,1,0,0,0","0.0594,0.0594,0.0218,0.0218,0.0594,0.0218,0.0594,0.0594,0.0594,0.0594,0.0594,0.0594,0.0594,0.0594,0.0594,0.0218,0.0218,0.0594,0.0594,0.0594",1.0
block-words,p03,30,6,6,6,1,3,"4,4,5,4,4,4,0,2,0,0,2,4,0,0,0,4,5,3,1,2","0.0026,0.0026,0.0010,0.0026,0.0026,0.0026,0.1436,0.0194,0.1436,0.1436,0.0194,0.0026,0.1436,0.1436,0.1436,0.0026,0.0010,0.0071,0.0528,0.0194",1.0
block-words,p03,50,6,6,6,1,4,"4,4,6,4,6,4,0,2,0,0,2,4,0,0,0,6,6,4,2,2","0.0027,0.0027,0.0004,0.0027,0.0004,0.0027,0.1501,0.0203,0.1501,0.1501,0.0203,0.0027,0.1501,0.1501,0.1501,0.0004,0.0004,0.0027,0.0203,0.0203",1.0
block-words,p03,70,6,6,1,1,6,"4,4,8,6,8,8,0,4,4,2,4,6,2,2,2,8,8,8,5,4","0.0110,0.0110,0.0002,0.0015,0.0002,0.0002,0.6006,0.0110,0.0110,0.0813,0.0110,0.0015,0.0813,0.0813,0.0813,0.0002,0.0002,0.0002,0.0040,0.0110",1.0
block-words,p03,100,6,6,1,1,8,"10,10,10,8,12,8,0,6,8,6,6,8,6,2,2,12,10,8,6,6","0.0000,0.0000,0.0000,0.0003,0.0000,0.0003,0.7768,0.0019,0.0003,0.0019,0.0019,0.0003,0.0019,0.1051,0.1051,0.0000,0.0000,0.0003,0.0019,0.0019",1.0
block-words,p03,10,7,0,7,0,2,"0,0,0,2,2,2,2,0,2,2,2,2,2,2,2,2,2,0,0,0","0.1142,0.1142,0.1142,0.0155,0.0155,0.0155,0.0155,0.1142,0.0155,0.0155,0.0155,0.0155,0.0155,0.0155,0.0155,0.0155,0.0155,0.1142,0.1142,0.1142",1.0
block-words,p03,30,7,0,4,0,5,"0,0,1,7,6,3,6,0,4,4,6,6,4,6,6,7,7,4,2,0","0.2153,0.2153,0.0792,0.0002,0.0005,0.0107,0.0005,0.2153,0.0039,0.0039,0.0005,0.0005,0.0039,0.0005,0.0005,0.0002,0.0002,0.0039,0.0291,0.2153",1.0
block-words,p03,50,7,7,2,1,7,"3,3,3,9,9,5,9,0,4,6,6,9,6,8,8,9,11,7,6,0","0.0228,0.0228,0.0228,0.0001,0.0001,0.0031,0.0001,0.4573,0.0084,0.0011,0.0011,0.0001,0.0011,0.0002,0.0002,0.0001,0.0000,0.0004,0.0011,0.4573",1.0
block-words,p03,70,7,7,2,1,10,"6,6,8,12,14,12,12,0,6,8,10,12,8,10,10,14,16,10,10,0","0.0012,0.0012,0.0002,0.0000,0.0000,0.0000,0.0000,0.4978,0.0012,0.0002,0.0000,0.0000,0.0002,0.0000,0.0000,0.0000,0.0000,0.0000,0.0000,0.4978",1.0
block-words,p03,100,7,7,2,1,14,"10,10,12,18,16,20,16,0,14,12,16,14,8,14,14,20,18,14,14,0","0.0000,0.0000,0.0000,0.0000,0.0000,0.0000,0.0000,0.4999,0.0000,0.0000,0.0000,0.0000,0.0002,0.0000,0.0000,0.0000,0.0000,0.0000,0.0000,0.4999",1.0
block-words,p03,10,8,0,16,0,1,"0,0,1,0,0,0,0,0,0,0,0,0,0,0,0,0,1,1,1,0","0.0572,0.0572,0.0211,0.0572,0.0572,0.0572,0.0572,0.0572,0.0572,0.0572,0.0572,0.0572,0.0572,0.0572,0.0572,0.0572,0.0211,0.0211,0.0211,0.0572",1.0
block-words,p03,30,8,0,12,0,3,"0,0,3,1,2,1,0,0,0,0,0,0,0,0,0,3,3,2,2,0","0.0752,0.0752,0.0037,0.0277,0.0102,0.0277,0.0752,0.0752,0.0752,0.0752,0.0752,0.0752,0.0752,0.0752,0.0752,0.0037,0.0037,0.0102,0.0102,0.0752",1.0
block-words,p03,50,8,6,6,0,4,"4,4,6,4,6,4,0,2,0,0,2,4,0,0,0,6,6,4,2,2","0.0027,0.0027,0.0004,0.0027,0.0004,0.0027,0.1501,0.0203,0.1501,0.1501,0.0203,0.0027,0.1501,0.1501,0.1501,0.0004,0.0004,0.0027,0.0203,0.0203",1.0
block-words,p03,70,8,8,1,1,6,"8,7,8,8,10,8,4,4,0,4,2,8,4,4,4,10,8,6,6,4","0.0003,0.0007,0.0003,0.0003,0.0000,0.0003,0.0144,0.0144,0.7865,0.0144,0.1064,0.0003,0.0144,0.0144,0.0144,0.0000,0.0003,0.0019,0.0019,0.0144",1.0
block-words,p03,100,8,8,1,1,8,"8,8,8,8,10,8,8,6,0,8,8,8,8,8,8,10,8,8,10,6","0.0003,0.0003,0.0003,0.0003,0.0000,0.0003,0.0003,0.0025,0.9903,0.0003,0.0003,0.0003,0.0003,0.0003,0.0003,0.0000,0.0003,0.0003,0.0000,0.0025",1.0
block-words,p03,10,9,0,15,0,1,"0,0,1,1,0,1,0,0,0,0,0,0,0,0,0,1,1,0,0,0","0.0594,0.0594,0.0218,0.0218,0.0594,0.0218,0.0594,0.0594,0.0594,0.0594,0.0594,0.0594,0.0594,0.0594,0.0594,0.0218,0.0218,0.0594,0.0594,0.0594",1.0
block-words,p03,30,9,7,8,0,3,"2,2,3,2,2,2,2,0,0,0,0,2,0,0,0,2,3,1,1,0","0.0136,0.0136,0.0050,0.0136,0.0136,0.0136,0.0136,0.1008,0.1008,0.1008,0.1008,0.0136,0.1008,0.1008,0.1008,0.0136,0.0050,0.0371,0.0371,0.1008",1.0
block-words,p03,50,9,8,5,0,4,"4,4,6,4,2,4,4,2,0,0,2,4,0,0,0,2,6,2,2,2","0.0030,0.0030,0.0004,0.0030,0.0223,0.0030,0.0030,0.0223,0.1650,0.1650,0.0223,0.0030,0.1650,0.1650,0.1650,0.0223,0.0004,0.0223,0.0223,0.0223",1.0
block-words,p03,70,9,9,4,1,6,"6,6,8,6,4,8,6,2,4,0,4,6,0,0,0,4,8,4,6,2","0.0006,0.0006,0.0001,0.0006,0.0042,0.0001,0.0006,0.0309,0.0042,0.2284,0.0042,0.0006,0.2284,0.2284,0.2284,0.0042,0.0001,0.0042,0.0006,0.0309",1.0
block-words,p03,100,9,9,1,1,8,"6,8,8,6,8,10,8,8,8,0,6,8,4,4,4,8,8,6,8,8","0.0023,0.0003,0.0003,0.0023,0.0003,0.0000,0.0003,0.0003,0.0003,0.9358,0.0023,0.0003,0.0171,0.0171,0.0171,0.0003,0.0003,0.0023,0.0003,0.0003",1.0
block-words,p03,10,10,0,15,0,1,"0,0,0,0,1,0,0,0,1,1,0,0,1,0,0,1,0,0,0,0","0.0594,0.0594,0.0594,0.0594,0.0218,0.0594,0.0594,0.0594,0.0218,0.0218,0.0594,0.0594,0.0218,0.0594,0.0594,0.0218,0.0594,0.0594,0.0594,0.0594",1.0
block-words,p03,30,10,3,3,0,3,"2,2,3,0,4,2,4,2,2,2,0,0,2,2,2,4,1,1,1,2","0.0243,0.0243,0.0090,0.1798,0.0033,0.0243,0.0033,0.0243,0.0243,0.0243,0.1798,0.1798,0.0243,0.0243,0.0243,0.0033,0.0661,0.0661,0.0661,0.0243",1.0
block-words,p03,50,10,3,3,0,5,"2,2,5,0,6,4,4,2,4,2,0,0,2,2,2,6,3,3,3,2","0.0315,0.0315,0.0016,0.2326,0.0006,0.0043,0.0043,0.0315,0.0043,0.0315,0.2326,0.2326,0.0315,0.0315,0.0315,0.0006,0.0116,0.0116,0.0116,0.0315",1.0
block-words,p03,70,10,10,2,1,7,"6,6,9,1,8,7,6,6,6,4,0,0,4,4,4,9,7,6,4,6","0.0010,0.0010,0.0000,0.1484,0.0001,0.0004,0.0010,0.0010,0.0010,0.0074,0.4034,0.4034,0.0074,0.0074,0.0074,0.0000,0.0004,0.0010,0.0074,0.0010",1.0
block-words,p03,100,10,10,1,1,10,"12,11,12,6,14,12,12,8,6,8,0,6,8,8,8,14,10,8,8,8","0.0000,0.0000,0.0000,0.0025,0.0000,0.0000,0.0000,0.0003,0.0025,0.0003,0.9899,0.0025,0.0003,0.0003,0.0003,0.0000,0.0000,0.0003,0.0003,0.0003",1.0
block-words,p03,10,11,0,15,0,1,"0,0,0,0,1,0,0,0,1,1,0,0,1,0,0,1,0,0,0,0","0.0594,0.0594,0.0594,0.0594,0.0218,0.0594,0.0594,0.0594,0.0218,0.0218,0.0594,0.0594,0.0218,0.0594,0.0594,0.0218,0.0594,0.0594,0.0594,0.0594",1.0
block-words,p03,30,11,3,3,0,3,"2,2,3,0,4,2,4,2,2,2,0,0,2,2,2,4,1,1,1,2","0.0243,0.0243,0.0090,0.1798,0.0033,0.0243,0.0033,0.0243,0.0243,0.0243,0.1798,0.1798,0.0243,0.0243,0.0243,0.0033,0.0661,0.0661,0.0661,0.0243",1.0
block-words,p03,50,11,3,3,0,4,"2,2,4,0,6,2,4,2,2,2,0,0,2,2,2,6,2,2,2,2","0.0282,0.0282,0.0038,0.2083,0.0005,0.0282,0.0038,0.0282,0.0282,0.0282,0.2083,0.2083,0.0282,0.0282,0.0282,0.0005,0.0282,0.0282,0.0282,0.0282",1.0
block-words,p03,70,11,3,3,0,6,"6,6,8,0,8,6,6,6,6,4,0,0,4,4,4,8,6,5,4,6","0.0008,0.0008,0.0001,0.3206,0.0001,0.0008,0.0008,0.0008,0.0008,0.0059,0.3206,0.3206,0.0059,0.0059,0.0059,0.0001,0.0008,0.0022,0.0059,0.0008",1.0
block-words,p03,100,11,11,1,1,8,"8,8,10,4,8,10,8,6,8,6,2,0,4,6,6,12,8,8,4,6","0.0003,0.0003,0.0000,0.0152,0.0003,0.0000,0.0003,0.0021,0.0003,0.0021,0.1123,0.8298,0.0152,0.0021,0.0021,0.0000,0.0003,0.0003,0.0152,0.0021",1.0
block-words,p03,10,12,0,16,0,1,"0,0,1,0,0,0,0,0,0,0,0,0,0,0,0,0,1,1,1,0","0.0572,0.0572,0.0211,0.0572,0.0572,0.0572,0.0572,0.0572,0.0572,0.0572,0.0572,0.0572,0.0572,0.0572,0.0572,0.0572,0.0211,0.0211,0.0211,0.0572",1.0
block-words,p03,30,12,0,12,0,3,"0,0,3,1,2,1,0,0,0,0,0,0,0,0,0,3,3,2,2,0","0.0752,0.0752,0.0037,0.0277,0.0102,0.0277,0.0752,0.0752,0.0752,0.0752,0.0752,0.0752,0.0752,0.0752,0.0752,0.0037,0.0037,0.0102,0.0102,0.0752",1.0
block-words,p03,50,12,6,6,0,4,"4,4,6,4,6,4,0,2,0,0,2,4,0,0,0,6,6,4,2,2","0.0027,0.0027,0.0004,0.0027,0.0004,0.0027,0.1501,0.0203,0.1501,0.1501,0.0203,0.0027,0.1501,0.1501,0.1501,0.0004,0.0004,0.0027,0.0203,0.0203",1.0
block-words,p03,70,12,9,4,0,6,"6,6,8,6,8,8,2,2,4,0,4,6,0,0,0,8,8,6,6,2","0.0006,0.0006,0.0001,0.0006,0.0001,0.0001,0.0303,0.0303,0.0041,0.2243,0.0041,0.0006,0.2243,0.2243,0.2243,0.0001,0.0001,0.0006,0.0006,0.0303",1.0
block-words,p03,100,12,12,1,1,8,"6,6,8,8,8,10,6,6,8,4,6,6,0,4,4,10,8,8,8,6","0.0023,0.0023,0.0003,0.0003,0.0003,0.0000,0.0023,0.0023,0.0003,0.0170,0.0023,0.0023,0.9305,0.0170,0.0170,0.0000,0.0003,0.0003,0.0003,0.0023",1.0
block-words,p03,10,13,0,14,0,2,"0,0,2,0,2,0,0,0,0,0,0,0,0,0,0,2,2,2,2,0","0.0675,0.0675,0.0091,0.0675,0.0091,0.0675,0.0675,0.0675,0.0675,0.0675,0.0675,0.0675,0.0675,0.0675,0.0675,0.0091,0.0091,0.0091,0.0091,0.0675",1.0
block-words,p03,30,13,6,6,0,4,"4,4,6,4,6,4,0,2,0,0,2,4,0,0,0,6,6,4,2,2","0.0027,0.0027,0.0004,0.0027,0.0004,0.0027,0.1501,0.0203,0.1501,0.1501,0.0203,0.0027,0.1501,0.1501,0.1501,0.0004,0.0004,0.0027,0.0203,0.0203",1.0
block-words,p03,50,13,9,4,0,6,"6,6,8,6,8,8,2,2,4,0,4,6,0,0,0,8,8,6,6,2","0.0006,0.0006,0.0001,0.0006,0.0001,0.0001,0.0303,0.0303,0.0041,0.2243,0.0041,0.0006,0.2243,0.2243,0.2243,0.0001,0.0001,0.0006,0.0006,0.0303",1.0
block-words,p03,70,13,13,1,1,9,"8,8,10,9,13,8,3,9,9,5,7,9,5,0,1,12,10,7,6,9","0.0002,0.0002,0.0000,0.0001,0.0000,0.0002,0.0346,0.0001,0.0001,0.0047,0.0006,0.0001,0.0047,0.6958,0.2560,0.0000,0.0000,0.0006,0.0017,0.0001",1.0
block-words,p03,100,13,13,1,1,12,"12,12,16,12,14,14,14,12,12,8,10,12,8,0,6,16,16,12,8,12","0.0000,0.0000,0.0000,0.0000,0.0000,0.0000,0.0000,0.0000,0.0000,0.0003,0.0000,0.0000,0.0003,0.9964,0.0025,0.0000,0.0000,0.0000,0.0003,0.0000",1.0
block-words,p03,10,14,0,16,0,1,"0,0,1,0,0,0,0,0,0,0,0,0,0,0,0,0,1,1,1,0","0.0572,0.0572,0.0211,0.0572,0.0572,0.0572,0.0572,0.0572,0.0572,0.0572,0.0572,0.0572,0.0572,0.0572,0.0572,0.0572,0.0211,0.0211,0.0211,0.0572",1.0
block-words,p03,30,14,0,12,0,3,"0,0,3,1,2,1,0,0,0,0,0,0,0,0,0,3,3,2,2,0","0.0752,0.0752,0.0037,0.0277,0.0102,0.0277,0.0752,0.0752,0.0752,0.0752,0.0752,0.0752,0.0752,0.0752,0.0752,0.0037,0.0037,0.0102,0.0102,0.0752",1.0
block-words,p03,50,14,7,8,0,4,"2,2,4,2,4,2,2,0,0,0,0,2,0,0,0,4,4,2,2,0","0.0148,0.0148,0.0020,0.0148,0.0020,0.0148,0.0148,0.1092,0.1092,0.1092,0.1092,0.0148,0.1092,0.1092,0.1092,0.0020,0.0020,0.0148,0.0148,0.1092",1.0
block-words,p03,70,14,7,6,0,6,"4,4,6,4,6,6,4,0,4,0,2,4,0,0,0,6,6,4,6,0","0.0029,0.0029,0.0004,0.0029,0.0004,0.0004,0.0029,0.1593,0.0029,0.1593,0.0216,0.0029,0.1593,0.1593,0.1593,0.0004,0.0004,0.0029,0.0004,0.1593",1.0
block-words,p03,100,14,13,2,0,8,"6,6,8,6,10,6,4,6,8,4,4,6,4,0,0,10,8,4,6,6","0.0012,0.0012,0.0002,0.0012,0.0000,0.0012,0.0087,0.0012,0.0002,0.0087,0.0087,0.0012,0.0087,0.4734,0.4734,0.0000,0.0002,0.0087,0.0012,0.0012",1.0
block-words,p03,10,15,0,16,0,1,"0,0,1,0,0,0,0,0,0,0,0,0,0,0,0,0,1,1,1,0","0.0572,0.0572,0.0211,0.0572,0.0572,0.0572,0.0572,0.0572,0.0572,0.0572,0.0572,0.0572,0.0572,0.0572,0.0572,0.0572,0.0211,0.0211,0.0211,0.0572",1.0
block-words,p03,30,15,4,7,0,2,"2,2,4,2,0,2,2,2,0,0,2,2,0,0,0,0,4,2,2,2","0.0159,0.0159,0.0021,0.0159,0.1173,0.0159,0.0159,0.0159,0.1173,0.1173,0.0159,0.0159,0.1173,0.1173,0.1173,0.1173,0.0021,0.0159,0.0159,0.0159",1.0
block-words,p03,50,15,4,6,0,3,"2,2,5,2,0,4,2,2,2,0,2,2,0,0,0,0,5,3,3,2","0.0184,0.0184,0.0009,0.0184,0.1361,0.0025,0.0184,0.0184,0.0184,0.1361,0.0184,0.0184,0.1361,0.1361,0.1361,0.1361,0.0009,0.0068,0.0068,0.0184",1.0
block-words,p03,70,15,15,1,1,5,"4,4,6,5,1,6,5,5,5,3,5,5,3,2,3,0,6,5,4,5","0.0104,0.0104,0.0014,0.0038,0.2080,0.0014,0.0038,0.0038,0.0038,0.0281,0.0038,0.0038,0.0281,0.0765,0.0281,0.5653,0.0014,0.0038,0.0104,0.0038",1.0
block-words,p03,100,15,15,1,1,6,"6,6,8,8,4,10,8,8,8,6,8,8,6,6,6,0,8,6,6,8","0.0024,0.0024,0.0003,0.0003,0.0176,0.0000,0.0003,0.0003,0.0003,0.0024,0.0003,0.0003,0.0024,0.0024,0.0024,0.9604,0.0003,0.0024,0.0024,0.0003",1.0
block-words,p03,10,16,0,15,0,1,"0,0,0,0,1,0,0,0,1,1,0,0,1,0,0,1,0,0,0,0","0.0594,0.0594,0.0594,0.0594,0.0218,0.0594,0.0594,0.0594,0.0218,0.0218,0.0594,0.0594,0.0218,0.0594,0.0594,0.0218,0.0594,0.0594,0.0594,0.0594",1.0
block-words,p03,30,16,3,6,0,2,"2,2,2,0,4,2,4,2,2,2,0,0,2,2,2,4,0,0,0,2","0.0179,0.0179,0.0179,0.1326,0.0024,0.0179,0.0024,0.0179,0.0179,0.0179,0.1326,0.1326,0.0179,0.0179,0.0179,0.0024,0.1326,0.1326,0.1326,0.0179",1.0
block-words,p03,50,16,16,3,1,3,"3,3,3,1,5,3,5,3,3,3,1,1,3,3,3,5,0,0,0,3","0.0107,0.0107,0.0107,0.0787,0.0014,0.0107,0.0014,0.0107,0.0107,0.0107,0.0787,0.0787,0.0107,0.0107,0.0107,0.0014,0.2141,0.2141,0.2141,0.0107",1.0
block-words,p03,70,16,16,1,1,5,"6,6,6,5,7,6,9,7,5,5,5,5,5,6,7,6,0,3,2,7","0.0020,0.0020,0.0020,0.0054,0.0007,0.0020,0.0001,0.0007,0.0054,0.0054,0.0054,0.0054,0.0054,0.0020,0.0007,0.0020,0.8037,0.0400,0.1088,0.0007",1.0
block-words,p03,100,16,16,1,1,6,"8,8,8,6,8,8,10,8,6,6,6,6,6,8,8,8,0,6,2,8","0.0003,0.0003,0.0003,0.0021,0.0003,0.0003,0.0000,0.0003,0.0021,0.0021,0.0021,0.0021,0.0021,0.0003,0.0003,0.0003,0.8650,0.0021,0.1171,0.0003",1.0
block-words,p03,10,17,0,15,0,1,"0,0,1,1,0,1,0,0,0,0,0,0,0,0,0,1,1,0,0,0","0.0594,0.0594,0.0218,0.0218,0.0594,0.0218,0.0594,0.0594,0.0594,0.0594,0.0594,0.0594,0.0594,0.0594,0.0594,0.0218,0.0218,0.0594,0.0594,0.0594",1.0
block-words,p03,30,17,7,7,0,3,"2,2,2,2,3,2,2,0,1,1,0,2,1,0,0,3,2,0,0,0","0.0146,0.0146,0.0146,0.0146,0.0054,0.0146,0.0146,0.1077,0.0396,0.0396,0.1077,0.0146,0.0396,0.1077,0.1077,0.0054,0.0146,0.1077,0.1077,0.1077",1.0
block-words,p03,50,17,10,3,0,4,"4,4,4,2,6,4,6,2,2,2,0,2,2,2,2,6,2,0,0,2","0.0041,0.0041,0.0041,0.0305,0.0006,0.0041,0.0006,0.0305,0.0305,0.0305,0.2255,0.0305,0.0305,0.0305,0.0305,0.0006,0.0305,0.2255,0.2255,0.0305",1.0
block-words,p03,70,17,17,1,1,6,"8,8,6,4,9,6,10,5,5,4,2,5,5,5,4,8,4,0,2,5","0.0002,0.0002,0.0018,0.0132,0.0001,0.0018,0.0000,0.0048,0.0048,0.0132,0.0973,0.0048,0.0048,0.0048,0.0132,0.0002,0.0132,0.7192,0.0973,0.0048",1.0
block-words,p03,100,17,17,1,1,8,"10,10,8,8,10,8,10,8,8,6,6,10,8,8,6,8,8,0,6,8","0.0000,0.0000,0.0003,0.0003,0.0000,0.0003,0.0000,0.0003,0.0003,0.0024,0.0024,0.0000,0.0003,0.0003,0.0024,0.0003,0.0003,0.9867,0.0024,0.0003",1.0
block-words,p03,10,18,0,15,0,1,"0,0,0,0,1,0,0,0,1,1,0,0,1,0,0,1,0,0,0,0","0.0594,0.0594,0.0594,0.0594,0.0218,0.0594,0.0594,0.0594,0.0218,0.0218,0.0594,0.0594,0.0218,0.0594,0.0594,0.0218,0.0594,0.0594,0.0594,0.0594",1.0
block-words,p03,30,18,0,6,0,3,"0,0,1,3,2,3,2,0,2,2,2,2,2,2,2,3,3,0,0,0","0.1285,0.1285,0.0473,0.0064,0.0174,0.0064,0.0174,0.1285,0.0174,0.0174,0.0174,0.0174,0.0174,0.0174,0.0174,0.0064,0.0064,0.1285,0.1285,0.1285",1.0
block-words,p03,50,18,18,1,1,5,"5,5,5,7,7,7,3,3,3,3,5,7,3,3,3,7,6,2,0,3","0.0043,0.0043,0.0043,0.0006,0.0006,0.0006,0.0318,0.0318,0.0318,0.0318,0.0043,0.0006,0.0318,0.0318,0.0318,0.0006,0.0016,0.0863,0.6379,0.0318",1.0
block-words,p03,70,18,18,1,1,7,"6,6,6,9,9,8,5,7,7,7,9,9,7,6,7,8,8,5,0,7","0.0024,0.0024,0.0024,0.0001,0.0001,0.0003,0.0065,0.0009,0.0009,0.0009,0.0001,0.0001,0.0009,0.0024,0.0009,0.0003,0.0003,0.0065,0.9705,0.0009",1.0
block-words,p03,100,18,18,1,1,10,"8,8,10,10,10,12,10,8,10,10,10,10,10,8,10,12,14,10,0,8","0.0003,0.0003,0.0000,0.0000,0.0000,0.0000,0.0000,0.0003,0.0000,0.0000,0.0000,0.0000,0.0000,0.0003,0.0000,0.0000,0.0000,0.0000,0.9978,0.0003",1.0
block-words,p03,10,19,0,7,0,2,"0,0,0,2,2,2,2,0,2,2,2,2,2,2,2,2,2,0,0,0","0.1142,0.1142,0.1142,0.0155,0.0155,0.0155,0.0155,0.1142,0.0155,0.0155,0.0155,0.0155,0.0155,0.0155,0.0155,0.0155,0.0155,0.1142,0.1142,0.1142",1.0
block-words,p03,30,19,0,4,0,5,"0,0,1,7,6,3,6,0,4,4,6,6,4,6,6,7,7,4,2,0","0.2153,0.2153,0.0792,0.0002,0.0005,0.0107,0.0005,0.2153,0.0039,0.0039,0.0005,0.0005,0.0039,0.0005,0.0005,0.0002,0.0002,0.0039,0.0291,0.2153",1.0
block-words,p03,50,19,7,2,0,7,"3,3,3,9,9,5,9,0,4,6,6,9,6,8,8,9,11,7,6,0","0.0228,0.0228,0.0228,0.0001,0.0001,0.0031,0.0001,0.4573,0.0084,0.0011,0.0011,0.0001,0.0011,0.0002,0.0002,0.0001,0.0000,0.0004,0.0011,0.4573",1.0
block-words,p03,70,19,7,2,0,10,"6,6,8,12,14,12,12,0,6,8,10,12,8,10,10,14,16,10,10,0","0.0012,0.0012,0.0002,0.0000,0.0000,0.0000,0.0000,0.4978,0.0012,0.0002,0.0000,0.0000,0.0002,0.0000,0.0000,0.0000,0.0000,0.0000,0.0000,0.4978",1.0
block-words,p03,100,19,7,2,0,14,"10,10,12,18,16,20,16,0,14,12,16,14,8,14,14,20,18,14,14,0","0.0000,0.0000,0.0000,0.0000,0.0000,0.0000,0.0000,0.4999,0.0000,0.0000,0.0000,0.0000,0.0002,0.0000,0.0000,0.0000,0.0000,0.0000,0.0000,0.4999",1.0
campus,bui-campus_h0_r10_i10,10,0,0,1,1,1,"0,1","0.7311,0.2689",1.0
campus,bui-campus_h0_r10_i10,30,0,0,1,1,3,"0,3","0.9526,0.0474",1.0
campus,bui-campus_h0_r10_i10,50,0,0,1,1,4,"0,4","0.9820,0.0180",1.0
campus,bui-campus_h0_r10_i10,70,0,0,1,1,6,"0,6","0.9975,0.0025",1.0
campus,bui-campus_h0_r10_i10,100,0,0,1,1,8,"1,9","0.9997,0.0003",1.0
campus,bui-campus_h0_r10_i10,10,1,1,1,1,2,"2,0","0.1192,0.8808",1.0
campus,bui-campus_h0_r10_i10,30,1,1,1,1,4,"4,0","0.0180,0.9820",1.0
campus,bui-campus_h0_r10_i10,50,1,1,1,1,6,"8,2","0.0025,0.9975",1.0
campus,bui-campus_h0_r10_i10,70,1,1,1,1,8,"10,2","0.0003,0.9997",1.0
campus,bui-campus_h0_r10_i10,100,1,1,1,1,11,"12,2","0.0000,1.0000",1.0
campus,bui-campus_h0_r10_i2,10,0,0,1,1,1,"0,1","0.7311,0.2689",1.0
campus,bui-campus_h0_r10_i2,30,0,0,1,1,3,"0,2","0.8808,0.1192",1.0
campus,bui-campus_h0_r10_i2,50,0,0,1,1,5,"1,6","0.9933,0.0067",1.0
campus,bui-campus_h0_r10_i2,70,0,0,1,1,7,"2,8","0.9975,0.0025",1.0
campus,bui-campus_h0_r10_i2,100,0,0,1,1,9,"3,10","0.9991,0.0009",1.0
campus,bui-campus_h0_r10_i2,10,1,1,1,1,2,"2,0","0.1192,0.8808",1.0
campus,bui-campus_h0_r10_i2,30,1,1,1,1,4,"4,1","0.0474,0.9526",1.0
campus,bui-campus_h0_r10_i2,50,1,1,1,1,6,"7,3","0.0180,0.9820",1.0
campus,bui-campus_h0_r10_i2,70,1,1,1,1,9,"11,4","0.0009,0.9991",1.0
campus,bui-campus_h0_r10_i2,100,1,1,1,1,12,"14,4","0.0000,1.0000",1.0
campus,bui-campus_h0_r10_i3,10,0,0,1,1,1,"0,1","0.7311,0.2689",1.0
campus,bui-campus_h0_r10_i3,30,0,0,1,1,3,"0,2","0.8808,0.1192",1.0
campus,bui-campus_h0_r10_i3,50,0,0,1,1,5,"1,6","0.9933,0.0067",1.0
campus,bui-campus_h0_r10_i3,70,0,0,1,1,7,"2,8","0.9975,0.0025",1.0
campus,bui-campus_h0_r10_i3,100,0,0,1,1,9,"3,10","0.9991,0.0009",1.0
campus,bui-campus_h0_r10_i3,10,1,1,1,1,2,"2,0","0.1192,0.8808",1.0
campus,bui-campus_h0_r10_i3,30,1,1,1,1,4,"4,1","0.0474,0.9526",1.0
campus,bui-campus_h0_r10_i3,50,1,1,1,1,6,"7,3","0.0180,0.9820",1.0
campus,bui-campus_h0_r10_i3,70,1,1,1,1,9,"11,4","0.0009,0.9991",1.0
campus,bui-campus_h0_r10_i3,100,1,1,1,1,12,"14,4","0.0000,1.0000",1.0
campus,bui-campus_h0_r10_i4,10,0,0,2,1,1,"1,1","0.5000,0.5000",1.0
campus,bui-campus_h0_r10_i4,30,0,0,1,1,3,"2,3","0.7311,0.2689",1.0
campus,bui-campus_h0_r10_i4,50,0,0,1,1,4,"2,4","0.8808,0.1192",1.0
campus,bui-campus_h0_r10_i4,70,0,0,1,1,6,"2,6","0.9820,0.0180",1.0
campus,bui-campus_h0_r10_i4,100,0,0,1,1,8,"3,9","0.9975,0.0025",1.0
campus,bui-campus_h0_r10_i4,10,1,1,1,1,2,"2,0","0.1192,0.8808",1.0
campus,bui-campus_h0_r10_i4,30,1,1,1,1,4,"5,1","0.0180,0.9820",1.0
campus,bui-campus_h0_r10_i4,50,1,1,1,1,6,"8,3","0.0067,0.9933",1.0
campus,bui-campus_h0_r10_i4,70,1,1,1,1,9,"12,4","0.0003,0.9997",1.0
campus,bui-campus_h0_r10_i4,100,1,1,1,1,12,"15,4","0.0000,1.0000",1.0
campus,bui-campus_h0_r10_i5,10,0,0,1,1,1,"0,1","0.7311,0.2689",1.0
campus,bui-campus_h0_r10_i5,30,0,0,1,1,3,"0,2","0.8808,0.1192",1.0
campus,bui-campus_h0_r10_i5,50,0,0,1,1,5,"1,6","0.9933,0.0067",1.0
campus,bui-campus_h0_r10_i5,70,0,0,1,1,7,"2,8","0.9975,0.0025",1.0
campus,bui-campus_h0_r10_i5,100,0,0,1,1,9,"3,10","0.9991,0.0009",1.0
campus,bui-campus_h0_r10_i5,10,1,1,1,1,2,"4,2","0.1192,0.8808",1.0
campus,bui-campus_h0_r10_i5,30,1,1,1,1,4,"5,2","0.0474,0.9526",1.0
campus,bui-campus_h0_r10_i5,50,1,1,1,1,6,"8,4","0.0180,0.9820",1.0
campus,bui-campus_h0_r10_i5,70,1,1,1,1,8,"10,4","0.0025,0.9975",1.0
campus,bui-campus_h0_r10_i5,100,1,1,1,1,11,"13,4","0.0001,0.9999",1.0
campus,bui-campus_h0_r10_i6,10,0,0,1,1,1,"0,1","0.7311,0.2689",1.0
campus,bui-campus_h0_r10_i6,30,0,0,1,1,3,"0,2","0.8808,0.1192",1.0
campus,bui-campus_h0_r10_i6,50,0,0,1,1,5,"1,6","0.9933,0.0067",1.0
campus,bui-campus_h0_r10_i6,70,0,0,1,1,7,"2,8","0.9975,0.0025",1.0
campus,bui-campus_h0_r10_i6,100,0,0,1,1,9,"3,10","0.9991,0.0009",1.0
campus,bui-campus_h0_r10_i6,10,1,1,1,1,2,"2,0","0.1192,0.8808",1.0
campus,bui-campus_h0_r10_i6,30,1,1,1,1,4,"4,1","0.0474,0.9526",1.0
campus,bui-campus_h0_r10_i6,50,1,1,1,1,6,"7,3","0.0180,0.9820",1.0
campus,bui-campus_h0_r10_i6,70,1,1,1,1,9,"11,4","0.0009,0.9991",1.0
campus,bui-campus_h0_r10_i6,100,1,1,1,1,12,"14,4","0.0000,1.0000",1.0
campus,bui-campus_h0_r10_i8,10,0,0,1,1,1,"0,1","0.7311,0.2689",1.0
campus,bui-campus_h0_r10_i8,30,0,0,1,1,3,"0,2","0.8808,0.1192",1.0
campus,bui-campus_h0_r10_i8,50,0,0,1,1,5,"1,6","0.9933,0.0067",1.0
campus,bui-campus_h0_r10_i8,70,0,0,1,1,7,"2,8","0.9975,0.0025",1.0
campus,bui-campus_h0_r10_i8,100,0,0,1,1,9,"3,10","0.9991,0.0009",1.0
campus,bui-campus_h0_r10_i8,10,1,1,1,1,2,"1,0","0.2689,0.7311",1.0
campus,bui-campus_h0_r10_i8,30,1,1,1,1,4,"4,2","0.1192,0.8808",1.0
campus,bui-campus_h0_r10_i8,50,1,1,1,1,6,"8,4","0.0180,0.9820",1.0
campus,bui-campus_h0_r10_i8,70,1,1,1,1,8,"10,4","0.0025,0.9975",1.0
campus,bui-campus_h0_r10_i8,100,1,1,1,1,11,"13,4","0.0001,0.9999",1.0
campus,bui-campus_h0_r30_i11,10,0,0,1,1,1,"0,1","0.7311,0.2689",1.0
campus,bui-campus_h0_r30_i11,30,0,0,1,1,3,"0,3","0.9526,0.0474",1.0
campus,bui-campus_h0_r30_i11,50,0,0,1,1,4,"0,4","0.9820,0.0180",1.0
campus,bui-campus_h0_r30_i11,70,0,0,1,1,6,"0,6","0.9975,0.0025",1.0
campus,bui-campus_h0_r30_i11,100,0,0,1,1,8,"1,9","0.9997,0.0003",1.0
campus,bui-campus_h0_r30_i11,10,1,1,1,1,2,"2,0","0.1192,0.8808",1.0
campus,bui-campus_h0_r30_i11,30,1,1,1,1,4,"4,0","0.0180,0.9820",1.0
campus,bui-campus_h0_r30_i11,50,1,1,1,1,6,"8,2","0.0025,0.9975",1.0
campus,bui-campus_h0_r30_i11,70,1,1,1,1,8,"10,2","0.0003,0.9997",1.0
campus,bui-campus_h0_r30_i11,100,1,1,1,1,11,"12,2","0.0000,1.0000",1.0
campus,bui-campus_h0_r30_i13,10,0,0,1,1,1,"0,1","0.7311,0.2689",1.0
campus,bui-campus_h0_r30_i13,30,0,0,1,1,3,"0,3","0.9526,0.0474",1.0
campus,bui-campus_h0_r30_i13,50,0,0,1,1,4,"0,4","0.9820,0.0180",1.0
campus,bui-campus_h0_r30_i13,70,0,0,1,1,6,"0,6","0.9975,0.0025",1.0
campus,bui-campus_h0_r30_i13,100,0,0,1,1,8,"1,9","0.9997,0.0003",1.0
campus,bui-campus_h0_r30_i13,10,1,1,1,1,2,"2,0","0.1192,0.8808",1.0
campus,bui-campus_h0_r30_i13,30,1,1,1,1,4,"4,0","0.0180,0.9820",1.0
campus,bui-campus_h0_r30_i13,50,1,1,1,1,6,"8,2","0.0025,0.9975",1.0
campus,bui-campus_h0_r30_i13,70,1,1,1,1,8,"10,2","0.0003,0.9997",1.0
campus,bui-campus_h0_r30_i13,100,1,1,1,1,11,"12,2","0.0000,1.0000",1.0
campus,bui-campus_h0_r30_i15,10,0,0,1,1,1,"0,1","0.7311,0.2689",1.0
campus,bui-campus_h0_r30_i15,30,0,0,1,1,3,"0,2","0.8808,0.1192",1.0
campus,bui-campus_h0_r30_i15,50,0,0,1,1,5,"1,6","0.9933,0.0067",1.0
campus,bui-campus_h0_r30_i15,70,0,0,1,1,7,"2,8","0.9975,0.0025",1.0
campus,bui-campus_h0_r30_i15,100,0,0,1,1,9,"3,10","0.9991,0.0009",1.0
campus,bui-campus_h0_r30_i15,10,1,1,1,1,2,"4,2","0.1192,0.8808",1.0
campus,bui-campus_h0_r30_i15,30,1,1,1,1,4,"5,2","0.0474,0.9526",1.0
campus,bui-campus_h0_r30_i15,50,1,1,1,1,6,"8,4","0.0180,0.9820",1.0
campus,bui-campus_h0_r30_i15,70,1,1,1,1,8,"10,4","0.0025,0.9975",1.0
campus,bui-campus_h0_r30_i15,100,1,1,1,1,11,"13,4","0.0001,0.9999",1.0
campus,bui-campus_h0_r30_i17,10,0,0,1,1,1,"0,1","0.7311,0.2689",1.0
campus,bui-campus_h0_r30_i17,30,0,0,1,1,3,"1,3","0.8808,0.1192",1.0
campus,bui-campus_h0_r30_i17,50,0,0,1,1,4,"1,5","0.9820,0.0180",1.0
campus,bui-campus_h0_r30_i17,70,0,0,1,1,6,"2,7","0.9933,0.0067",1.0
campus,bui-campus_h0_r30_i17,100,0,0,1,1,8,"3,9","0.9975,0.0025",1.0
campus,bui-campus_h0_r30_i17,10,1,1,1,1,2,"2,0","0.1192,0.8808",1.0
campus,bui-campus_h0_r30_i17,30,1,1,1,1,4,"3,1","0.1192,0.8808",1.0
campus,bui-campus_h0_r30_i17,50,1,1,1,1,6,"7,3","0.0180,0.9820",1.0
campus,bui-campus_h0_r30_i17,70,1,1,1,1,9,"11,4","0.0009,0.9991",1.0
campus,bui-campus_h0_r30_i17,100,1,1,1,1,12,"14,4","0.0000,1.0000",1.0
campus,bui-campus_h0_r50_i21,10,0,0,1,1,1,"0,1","0.7311,0.2689",1.0
campus,bui-campus_h0_r50_i21,30,0,0,1,1,3,"0,2","0.8808,0.1192",1.0
campus,bui-campus_h0_r50_i21,50,0,0,1,1,5,"1,6","0.9933,0.0067",1.0
campus,bui-campus_h0_r50_i21,70,0,0,1,1,7,"2,8","0.9975,0.0025",1.0
campus,bui-campus_h0_r50_i21,100,0,0,1,1,9,"3,10","0.9991,0.0009",1.0
campus,bui-campus_h0_r50_i21,10,1,1,1,1,2,"2,0","0.1192,0.8808",1.0
campus,bui-campus_h0_r50_i21,30,1,1,1,1,4,"4,1","0.0474,0.9526",1.0
campus,bui-campus_h0_r50_i21,50,1,1,1,1,6,"7,3","0.0180,0.9820",1.0
campus,bui-campus_h0_r50_i21,70,1,1,1,1,9,"11,4","0.0009,0.9991",1.0
campus,bui-campus_h0_r50_i21,100,1,1,1,1,12,"14,4","0.0000,1.0000",1.0
campus,bui-campus_h0_r50_i23,10,0,0,1,1,1,"0,1","0.7311,0.2689",1.0
campus,bui-campus_h0_r50_i23,30,0,0,1,1,3,"0,2","0.8808,0.1192",1.0
campus,bui-campus_h0_r50_i23,50,0,0,1,1,5,"1,6","0.9933,0.0067",1.0
campus,bui-campus_h0_r50_i23,70,0,0,1,1,7,"2,8","0.9975,0.0025",1.0
campus,bui-campus_h0_r50_i23,100,0,0,1,1,9,"3,10","0.9991,0.0009",1.0
campus,bui-campus_h0_r50_i23,10,1,1,1,1,2,"4,2","0.1192,0.8808",1.0
campus,bui-campus_h0_r50_i23,30,1,1,1,1,4,"5,2","0.0474,0.9526",1.0
campus,bui-campus_h0_r50_i23,50,1,1,1,1,6,"8,4","0.0180,0.9820",1.0
campus,bui-campus_h0_r50_i23,70,1,1,1,1,8,"10,4","0.0025,0.9975",1.0
campus,bui-campus_h0_r50_i23,100,1,1,1,1,11,"13,4","0.0001,0.9999",1.0
campus,bui-campus_h0_r50_i24,10,0,0,2,1,1,"1,1","0.5000,0.5000",1.0
campus,bui-campus_h0_r50_i24,30,0,0,1,1,3,"2,3","0.7311,0.2689",1.0
campus,bui-campus_h0_r50_i24,50,0,0,1,1,4,"2,4","0.8808,0.1192",1.0
campus,bui-campus_h0_r50_i24,70,0,0,1,1,6,"2,6","0.9820,0.0180",1.0
campus,bui-campus_h0_r50_i24,100,0,0,1,1,8,"3,9","0.9975,0.0025",1.0
campus,bui-campus_h0_r50_i24,10,1,1,1,1,2,"2,0","0.1192,0.8808",1.0
campus,bui-campus_h0_r50_i24,30,1,1,1,1,4,"5,1","0.0180,0.9820",1.0
campus,bui-campus_h0_r50_i24,50,1,1,1,1,6,"8,3","0.0067,0.9933",1.0
campus,bui-campus_h0_r50_i24,70,1,1,1,1,9,"12,4","0.0003,0.9997",1.0
campus,bui-campus_h0_r50_i24,100,1,1,1,1,12,"15,4","0.0000,1.0000",1.0
campus,bui-campus_h0_r70_i31,10,0,0,1,1,1,"0,1","0.7311,0.2689",1.0
campus,bui-campus_h0_r70_i31,30,0,0,1,1,3,"0,2","0.8808,0.1192",1.0
campus,bui-campus_h0_r70_i31,50,0,0,1,1,5,"1,6","0.9933,0.0067",1.0
campus,bui-campus_h0_r70_i31,70,0,0,1,1,7,"2,8","0.9975,0.0025",1.0
campus,bui-campus_h0_r70_i31,100,0,0,1,1,9,"3,10","0.9991,0.0009",1.0
campus,bui-campus_h0_r70_i31,10,1,1,1,1,2,"2,0","0.1192,0.8808",1.0
campus,bui-campus_h0_r70_i31,30,1,1,1,1,4,"4,1","0.0474,0.9526",1.0
campus,bui-campus_h0_r70_i31,50,1,1,1,1,6,"7,3","0.0180,0.9820",1.0
campus,bui-campus_h0_r70_i31,70,1,1,1,1,9,"11,4","0.0009,0.9991",1.0
campus,bui-campus_h0_r70_i31,100,1,1,1,1,12,"14,4","0.0000,1.0000",1.0
campus,bui-campus_h0_r70_i33,10,0,0,1,1,1,"0,1","0.7311,0.2689",1.0
campus,bui-campus_h0_r70_i33,30,0,0,1,1,3,"0,2","0.8808,0.1192",1.0
campus,bui-campus_h0_r70_i33,50,0,0,1,1,5,"1,6","0.9933,0.0067",1.0
campus,bui-campus_h0_r70_i33,70,0,0,1,1,7,"2,8","0.9975,0.0025",1.0
campus,bui-campus_h0_r70_i33,100,0,0,1,1,9,"3,10","0.9991,0.0009",1.0
campus,bui-campus_h0_r70_i33,10,1,1,1,1,2,"1,0","0.2689,0.7311",1.0
campus,bui-campus_h0_r70_i33,30,1,1,1,1,4,"4,2","0.1192,0.8808",1.0
campus,bui-campus_h0_r70_i33,50,1,1,1,1,6,"8,4","0.0180,0.9820",1.0
campus,bui-campus_h0_r70_i33,70,1,1,1,1,8,"10,4","0.0025,0.9975",1.0
campus,bui-campus_h0_r70_i33,100,1,1,1,1,11,"13,4","0.0001,0.9999",1.0
campus,bui-campus_h0_r70_i34,10,0,0,2,1,1,"1,1","0.5000,0.5000",1.0
campus,bui-campus_h0_r70_i34,30,0,0,1,1,3,"2,3","0.7311,0.2689",1.0
campus,bui-campus_h0_r70_i34,50,0,0,1,1,4,"2,4","0.8808,0.1192",1.0
campus,bui-campus_h0_r70_i34,70,0,0,1,1,6,"2,6","0.9820,0.0180",1.0
campus,bui-campus_h0_r70_i34,100,0,0,1,1,8,"3,9","0.9975,0.0025",1.0
campus,bui-campus_h0_r70_i34,10,1,1,1,1,2,"2,0","0.1192,0.8808",1.0
campus,bui-campus_h0_r70_i34,30,1,1,1,1,4,"5,1","0.0180,0.9820",1.0
campus,bui-campus_h0_r70_i34,50,1,1,1,1,6,"8,3","0.0067,0.9933",1.0
campus,bui-campus_h0_r70_i34,70,1,1,1,1,9,"12,4","0.0003,0.9997",1.0
campus,bui-campus_h0_r70_i34,100,1,1,1,1,12,"15,4","0.0000,1.0000",1.0
campus,bui-campus_h0_r70_i40,10,0,0,1,1,1,"0,1","0.7311,0.2689",1.0
campus,bui-campus_h0_r70_i40,30,0,0,1,1,3,"0,2","0.8808,0.1192",1.0
campus,bui-campus_h0_r70_i40,50,0,0,1,1,5,"1,6","0.9933,0.0067",1.0
campus,bui-campus_h0_r70_i40,70,0,0,1,1,7,"2,8","0.9975,0.0025",1.0
campus,bui-campus_h0_r70_i40,100,0,0,1,1,9,"3,10","0.9991,0.0009",1.0
campus,bui-campus_h0_r70_i40,10,1,1,1,1,2,"1,0","0.2689,0.7311",1.0
campus,bui-campus_h0_r70_i40,30,1,1,1,1,4,"4,2","0.1192,0.8808",1.0
campus,bui-campus_h0_r70_i40,50,1,1,1,1,6,"8,4","0.0180,0.9820",1.0
campus,bui-campus_h0_r70_i40,70,1,1,1,1,8,"10,4","0.0025,0.9975",1.0
campus,bui-campus_h0_r70_i40,100,1,1,1,1,11,"13,4","0.0001,0.9999",1.0
campus,bui-campus_h0_rfull_i42,10,0,0,1,1,1,"0,1","0.7311,0.2689",1.0
campus,bui-campus_h0_rfull_i42,30,0,0,1,1,3,"0,2","0.8808,0.1192",1.0
campus,bui-campus_h0_rfull_i42,50,0,0,1,1,5,"1,6","0.9933,0.0067",1.0
campus,bui-campus_h0_rfull_i42,70,0,0,1,1,7,"2,8","0.9975,0.0025",1.0
campus,bui-campus_h0_rfull_i42,100,0,0,1,1,9,"3,10","0.9991,0.0009",1.0
campus,bui-campus_h0_rfull_i42,10,1,1,1,1,2,"4,2","0.1192,0.8808",1.0
campus,bui-campus_h0_rfull_i42,30,1,1,1,1,4,"5,2","0.0474,0.9526",1.0
campus,bui-campus_h0_rfull_i42,50,1,1,1,1,6,"8,4","0.0180,0.9820",1.0
campus,bui-campus_h0_rfull_i42,70,1,1,1,1,8,"10,4","0.0025,0.9975",1.0
campus,bui-campus_h0_rfull_i42,100,1,1,1,1,11,"13,4","0.0001,0.9999",1.0
campus,bui-campus_h0_rfull_i43,10,0,0,1,1,1,"0,1","0.7311,0.2689",1.0
campus,bui-campus_h0_rfull_i43,30,0,0,1,1,3,"0,2","0.8808,0.1192",1.0
campus,bui-campus_h0_rfull_i43,50,0,0,1,1,5,"1,6","0.9933,0.0067",1.0
campus,bui-campus_h0_rfull_i43,70,0,0,1,1,7,"2,8","0.9975,0.0025",1.0
campus,bui-campus_h0_rfull_i43,100,0,0,1,1,9,"3,10","0.9991,0.0009",1.0
campus,bui-campus_h0_rfull_i43,10,1,1,1,1,2,"2,0","0.1192,0.8808",1.0
campus,bui-campus_h0_rfull_i43,30,1,1,1,1,4,"4,1","0.0474,0.9526",1.0
campus,bui-campus_h0_rfull_i43,50,1,1,1,1,6,"7,3","0.0180,0.9820",1.0
campus,bui-campus_h0_rfull_i43,70,1,1,1,1,9,"11,4","0.0009,0.9991",1.0
campus,bui-campus_h0_rfull_i43,100,1,1,1,1,12,"14,4","0.0000,1.0000",1.0
campus,bui-campus_h0_rfull_i44,10,0,0,1,1,1,"0,1","0.7311,0.2689",1.0
campus,bui-campus_h0_rfull_i44,30,0,0,1,1,3,"0,3","0.9526,0.0474",1.0
campus,bui-campus_h0_rfull_i44,50,0,0,1,1,4,"0,4","0.9820,0.0180",1.0
campus,bui-campus_h0_rfull_i44,70,0,0,1,1,6,"0,6","0.9975,0.0025",1.0
campus,bui-campus_h0_rfull_i44,100,0,0,1,1,8,"1,9","0.9997,0.0003",1.0
campus,bui-campus_h0_rfull_i44,10,1,1,1,1,2,"2,0","0.1192,0.8808",1.0
campus,bui-campus_h0_rfull_i44,30,1,1,1,1,4,"4,0","0.0180,0.9820",1.0
campus,bui-campus_h0_rfull_i44,50,1,1,1,1,6,"8,2","0.0025,0.9975",1.0
campus,bui-campus_h0_rfull_i44,70,1,1,1,1,8,"10,2","0.0003,0.9997",1.0
campus,bui-campus_h0_rfull_i44,100,1,1,1,1,11,"12,2","0.0000,1.0000",1.0
campus,bui-campus_h0_rfull_i46,10,0,0,1,1,1,"0,1","0.7311,0.2689",1.0
campus,bui-campus_h0_rfull_i46,30,0,0,1,1,3,"0,2","0.8808,0.1192",1.0
campus,bui-campus_h0_rfull_i46,50,0,0,1,1,5,"1,6","0.9933,0.0067",1.0
campus,bui-campus_h0_rfull_i46,70,0,0,1,1,7,"2,8","0.9975,0.0025",1.0
campus,bui-campus_h0_rfull_i46,100,0,0,1,1,9,"3,10","0.9991,0.0009",1.0
campus,bui-campus_h0_rfull_i46,10,1,1,1,1,2,"4,2","0.1192,0.8808",1.0
campus,bui-campus_h0_rfull_i46,30,1,1,1,1,4,"5,2","0.0474,0.9526",1.0
campus,bui-campus_h0_rfull_i46,50,1,1,1,1,6,"8,4","0.0180,0.9820",1.0
campus,bui-campus_h0_rfull_i46,70,1,1,1,1,8,"10,4","0.0025,0.9975",1.0
campus,bui-campus_h0_rfull_i46,100,1,1,1,1,11,"13,4","0.0001,0.9999",1.0
campus,bui-campus_h0_rfull_i47,10,0,0,1,1,1,"0,1","0.7311,0.2689",1.0
campus,bui-campus_h0_rfull_i47,30,0,0,1,1,3,"1,3","0.8808,0.1192",1.0
campus,bui-campus_h0_rfull_i47,50,0,0,1,1,4,"1,5","0.9820,0.0180",1.0
campus,bui-campus_h0_rfull_i47,70,0,0,1,1,6,"2,7","0.9933,0.0067",1.0
campus,bui-campus_h0_rfull_i47,100,0,0,1,1,8,"3,9","0.9975,0.0025",1.0
campus,bui-campus_h0_rfull_i47,10,1,1,1,1,2,"2,0","0.1192,0.8808",1.0
campus,bui-campus_h0_rfull_i47,30,1,1,1,1,4,"3,1","0.1192,0.8808",1.0
campus,bui-campus_h0_rfull_i47,50,1,1,1,1,6,"7,3","0.0180,0.9820",1.0
campus,bui-campus_h0_rfull_i47,70,1,1,1,1,9,"11,4","0.0009,0.9991",1.0
campus,bui-campus_h0_rfull_i47,100,1,1,1,1,12,"14,4","0.0000,1.0000",1.0
campus,bui-campus_h0_rfull_i48,10,0,0,1,1,1,"1,2","0.7311,0.2689",1.0
campus,bui-campus_h0_rfull_i48,30,0,0,1,1,3,"2,5","0.9526,0.0474",1.0
campus,bui-campus_h0_rfull_i48,50,0,0,1,1,4,"2,6","0.9820,0.0180",1.0
campus,bui-campus_h0_rfull_i48,70,0,0,1,1,6,"2,8","0.9975,0.0025",1.0
campus,bui-campus_h0_rfull_i48,100,0,0,1,1,8,"3,11","0.9997,0.0003",1.0
campus,bui-campus_h0_rfull_i48,10,1,1,1,1,2,"3,2","0.2689,0.7311",1.0
campus,bui-campus_h0_rfull_i48,30,1,1,1,1,4,"5,2","0.0474,0.9526",1.0
campus,bui-campus_h0_rfull_i48,50,1,1,1,1,6,"9,4","0.0067,0.9933",1.0
campus,bui-campus_h0_rfull_i48,70,1,1,1,1,8,"11,4","0.0009,0.9991",1.0
campus,bui-campus_h0_rfull_i48,100,1,1,1,1,11,"14,4","0.0000,1.0000",1.0
campus,bui-campus_h0_rfull_i49,10,0,0,1,1,1,"0,1","0.7311,0.2689",1.0
campus,bui-campus_h0_rfull_i49,30,0,0,1,1,3,"0,2","0.8808,0.1192",1.0
campus,bui-campus_h0_rfull_i49,50,0,0,1,1,5,"1,6","0.9933,0.0067",1.0
campus,bui-campus_h0_rfull_i49,70,0,0,1,1,7,"2,8","0.9975,0.0025",1.0
campus,bui-campus_h0_rfull_i49,100,0,0,1,1,9,"3,10","0.9991,0.0009",1.0
campus,bui-campus_h0_rfull_i49,10,1,1,1,1,2,"2,0","0.1192,0.8808",1.0
campus,bui-campus_h0_rfull_i49,30,1,1,1,1,4,"3,0","0.0474,0.9526",1.0
campus,bui-campus_h0_rfull_i49,50,1,1,1,1,6,"6,2","0.0180,0.9820",1.0
campus,bui-campus_h0_rfull_i49,70,1,1,1,1,8,"8,2","0.0025,0.9975",1.0
campus,bui-campus_h0_rfull_i49,100,1,1,1,1,11,"11,2","0.0001,0.9999",1.0
campus,bui-campus_h0_rfull_i50,10,0,0,1,1,1,"0,1","0.7311,0.2689",1.0
campus,bui-campus_h0_rfull_i50,30,0,0,1,1,3,"0,2","0.8808,0.1192",1.0
campus,bui-campus_h0_rfull_i50,50,0,0,1,1,5,"1,6","0.9933,0.0067",1.0
campus,bui-campus_h0_rfull_i50,70,0,0,1,1,7,"2,8","0.9975,0.0025",1.0
campus,bui-campus_h0_rfull_i50,100,0,0,1,1,9,"3,10","0.9991,0.0009",1.0
campus,bui-campus_h0_rfull_i50,10,1,1,1,1,2,"2,0","0.1192,0.8808",1.0
campus,bui-campus_h0_rfull_i50,30,1,1,1,1,4,"4,1","0.0474,0.9526",1.0
campus,bui-campus_h0_rfull_i50,50,1,1,1,1,6,"7,3","0.0180,0.9820",1.0
campus,bui-campus_h0_rfull_i50,70,1,1,1,1,9,"11,4","0.0009,0.9991",1.0
campus,bui-campus_h0_rfull_i50,100,1,1,1,1,12,"14,4","0.0000,1.0000",1.0
campus,bui-campus_h1_r10_i1,10,0,0,1,1,1,"0,1","0.7311,0.2689",1.0
campus,bui-campus_h1_r10_i1,30,0,0,1,1,3,"0,2","0.8808,0.1192",1.0
campus,bui-campus_h1_r10_i1,50,0,0,1,1,5,"1,6","0.9933,0.0067",1.0
campus,bui-campus_h1_r10_i1,70,0,0,1,1,7,"2,8","0.9975,0.0025",1.0
campus,bui-campus_h1_r10_i1,100,0,0,1,1,9,"3,10","0.9991,0.0009",1.0
campus,bui-campus_h1_r10_i1,10,1,1,1,1,2,"2,0","0.1192,0.8808",1.0
campus,bui-campus_h1_r10_i1,30,1,1,1,1,4,"4,1","0.0474,0.9526",1.0
campus,bui-campus_h1_r10_i1,50,1,1,1,1,6,"7,3","0.0180,0.9820",1.0
campus,bui-campus_h1_r10_i1,70,1,1,1,1,9,"11,4","0.0009,0.9991",1.0
campus,bui-campus_h1_r10_i1,100,1,1,1,1,12,"14,4","0.0000,1.0000",1.0
campus,bui-campus_h1_r10_i7,10,0,0,2,1,1,"1,1","0.5000,0.5000",1.0
campus,bui-campus_h1_r10_i7,30,0,0,1,1,3,"2,3","0.7311,0.2689",1.0
campus,bui-campus_h1_r10_i7,50,0,0,1,1,4,"2,4","0.8808,0.1192",1.0
campus,bui-campus_h1_r10_i7,70,0,0,1,1,6,"2,6","0.9820,0.0180",1.0
campus,bui-campus_h1_r10_i7,100,0,0,1,1,8,"3,9","0.9975,0.0025",1.0
campus,bui-campus_h1_r10_i7,10,1,1,1,1,2,"2,0","0.1192,0.8808",1.0
campus,bui-campus_h1_r10_i7,30,1,1,1,1,4,"5,1","0.0180,0.9820",1.0
campus,bui-campus_h1_r10_i7,50,1,1,1,1,6,"8,3","0.0067,0.9933",1.0
campus,bui-campus_h1_r10_i7,70,1,1,1,1,9,"12,4","0.0003,0.9997",1.0
campus,bui-campus_h1_r10_i7,100,1,1,1,1,12,"15,4","0.0000,1.0000",1.0
campus,bui-campus_h1_r10_i9,10,0,0,1,1,1,"0,1","0.7311,0.2689",1.0
campus,bui-campus_h1_r10_i9,30,0,0,1,1,3,"0,2","0.8808,0.1192",1.0
campus,bui-campus_h1_r10_i9,50,0,0,1,1,5,"1,6","0.9933,0.0067",1.0
campus,bui-campus_h1_r10_i9,70,0,0,1,1,7,"2,8","0.9975,0.0025",1.0
campus,bui-campus_h1_r10_i9,100,0,0,1,1,9,"3,10","0.9991,0.0009",1.0
campus,bui-campus_h1_r10_i9,10,1,1,1,1,2,"2,0","0.1192,0.8808",1.0
campus,bui-campus_h1_r10_i9,30,1,1,1,1,4,"4,1","0.0474,0.9526",1.0
campus,bui-campus_h1_r10_i9,50,1,1,1,1,6,"7,3","0.0180,0.9820",1.0
campus,bui-campus_h1_r10_i9,70,1,1,1,1,9,"11,4","0.0009,0.9991",1.0
campus,bui-campus_h1_r10_i9,100,1,1,1,1,12,"14,4","0.0000,1.0000",1.0
campus,bui-campus_h1_r30_i12,10,0,0,1,1,1,"0,1","0.7311,0.2689",1.0
campus,bui-campus_h1_r30_i12,30,0,0,1,1,3,"0,3","0.9526,0.0474",1.0
campus,bui-campus_h1_r30_i12,50,0,0,1,1,4,"0,4","0.9820,0.0180",1.0
campus,bui-campus_h1_r30_i12,70,0,0,1,1,6,"0,6","0.9975,0.0025",1.0
campus,bui-campus_h1_r30_i12,100,0,0,1,1,8,"1,9","0.9997,0.0003",1.0
campus,bui-campus_h1_r30_i12,10,1,1,1,1,2,"2,0","0.1192,0.8808",1.0
campus,bui-campus_h1_r30_i12,30,1,1,1,1,4,"4,0","0.0180,0.9820",1.0
campus,bui-campus_h1_r30_i12,50,1,1,1,1,6,"8,2","0.0025,0.9975",1.0
campus,bui-campus_h1_r30_i12,70,1,1,1,1,8,"10,2","0.0003,0.9997",1.0
campus,bui-campus_h1_r30_i12,100,1,1,1,1,11,"12,2","0.0000,1.0000",1.0
campus,bui-campus_h1_r30_i14,10,0,0,1,1,1,"1,2","0.7311,0.2689",1.0
campus,bui-campus_h1_r30_i14,30,0,0,1,1,3,"2,5","0.9526,0.0474",1.0
campus,bui-campus_h1_r30_i14,50,0,0,1,1,4,"2,6","0.9820,0.0180",1.0
campus,bui-campus_h1_r30_i14,70,0,0,1,1,6,"2,8","0.9975,0.0025",1.0
campus,bui-campus_h1_r30_i14,100,0,0,1,1,8,"3,11","0.9997,0.0003",1.0
campus,bui-campus_h1_r30_i14,10,1,1,1,1,2,"3,2","0.2689,0.7311",1.0
campus,bui-campus_h1_r30_i14,30,1,1,1,1,4,"5,2","0.0474,0.9526",1.0
campus,bui-campus_h1_r30_i14,50,1,1,1,1,6,"9,4","0.0067,0.9933",1.0
campus,bui-campus_h1_r30_i14,70,1,1,1,1,8,"11,4","0.0009,0.9991",1.0
campus,bui-campus_h1_r30_i14,100,1,1,1,1,11,"14,4","0.0000,1.0000",1.0
campus,bui-campus_h1_r30_i16,10,0,0,1,1,1,"0,1","0.7311,0.2689",1.0
campus,bui-campus_h1_r30_i16,30,0,0,1,1,3,"0,2","0.8808,0.1192",1.0
campus,bui-campus_h1_r30_i16,50,0,0,1,1,5,"1,6","0.9933,0.0067",1.0
campus,bui-campus_h1_r30_i16,70,0,0,1,1,7,"2,8","0.9975,0.0025",1.0
campus,bui-campus_h1_r30_i16,100,0,0,1,1,9,"3,10","0.9991,0.0009",1.0
campus,bui-campus_h1_r30_i16,10,1,1,1,1,2,"2,0","0.1192,0.8808",1.0
campus,bui-campus_h1_r30_i16,30,1,1,1,1,4,"4,1","0.0474,0.9526",1.0
campus,bui-campus_h1_r30_i16,50,1,1,1,1,6,"7,3","0.0180,0.9820",1.0
campus,bui-campus_h1_r30_i16,70,1,1,1,1,9,"11,4","0.0009,0.9991",1.0
campus,bui-campus_h1_r30_i16,100,1,1,1,1,12,"14,4","0.0000,1.0000",1.0
campus,bui-campus_h1_r30_i18,10,0,0,1,1,1,"0,1","0.7311,0.2689",1.0
campus,bui-campus_h1_r30_i18,30,0,0,1,1,3,"1,3","0.8808,0.1192",1.0
campus,bui-campus_h1_r30_i18,50,0,0,1,1,4,"1,5","0.9820,0.0180",1.0
campus,bui-campus_h1_r30_i18,70,0,0,1,1,6,"2,7","0.9933,0.0067",1.0
campus,bui-campus_h1_r30_i18,100,0,0,1,1,8,"3,9","0.9975,0.0025",1.0
campus,bui-campus_h1_r30_i18,10,1,1,1,1,2,"2,0","0.1192,0.8808",1.0
campus,bui-campus_h1_r30_i18,30,1,1,1,1,4,"3,1","0.1192,0.8808",1.0
campus,bui-campus_h1_r30_i18,50,1,1,1,1,6,"7,3","0.0180,0.9820",1.0
campus,bui-campus_h1_r30_i18,70,1,1,1,1,9,"11,4","0.0009,0.9991",1.0
campus,bui-campus_h1_r30_i18,100,1,1,1,1,12,"14,4","0.0000,1.0000",1.0
campus,bui-campus_h1_r30_i19,10,0,0,1,1,1,"0,1","0.7311,0.2689",1.0
campus,bui-campus_h1_r30_i19,30,0,0,1,1,3,"0,2","0.8808,0.1192",1.0
campus,bui-campus_h1_r30_i19,50,0,0,1,1,5,"1,6","0.9933,0.0067",1.0
campus,bui-campus_h1_r30_i19,70,0,0,1,1,7,"2,8","0.9975,0.0025",1.0
campus,bui-campus_h1_r30_i19,100,0,0,1,1,9,"3,10","0.9991,0.0009",1.0
campus,bui-campus_h1_r30_i19,10,1,1,1,1,2,"2,0","0.1192,0.8808",1.0
campus,bui-campus_h1_r30_i19,30,1,1,1,1,4,"3,0","0.0474,0.9526",1.0
campus,bui-campus_h1_r30_i19,50,1,1,1,1,6,"6,2","0.0180,0.9820",1.0
campus,bui-campus_h1_r30_i19,70,1,1,1,1,8,"8,2","0.0025,0.9975",1.0
campus,bui-campus_h1_r30_i19,100,1,1,1,1,11,"11,2","0.0001,0.9999",1.0
campus,bui-campus_h1_r30_i20,10,0,0,1,1,1,"0,1","0.7311,0.2689",1.0
campus,bui-campus_h1_r30_i20,30,0,0,1,1,3,"0,2","0.8808,0.1192",1.0
campus,bui-campus_h1_r30_i20,50,0,0,1,1,5,"1,6","0.9933,0.0067",1.0
campus,bui-campus_h1_r30_i20,70,0,0,1,1,7,"2,8","0.9975,0.0025",1.0
campus,bui-campus_h1_r30_i20,100,0,0,1,1,9,"3,10","0.9991,0.0009",1.0
campus,bui-campus_h1_r30_i20,10,1,1,1,1,2,"2,0","0.1192,0.8808",1.0
campus,bui-campus_h1_r30_i20,30,1,1,1,1,4,"4,1","0.0474,0.9526",1.0
campus,bui-campus_h1_r30_i20,50,1,1,1,1,6,"7,3","0.0180,0.9820",1.0
campus,bui-campus_h1_r30_i20,70,1,1,1,1,9,"11,4","0.0009,0.9991",1.0
campus,bui-campus_h1_r30_i20,100,1,1,1,1,12,"14,4","0.0000,1.0000",1.0
campus,bui-campus_h1_r50_i22,10,0,0,1,1,1,"0,1","0.7311,0.2689",1.0
campus,bui-campus_h1_r50_i22,30,0,0,1,1,3,"0,2","0.8808,0.1192",1.0
campus,bui-campus_h1_r50_i22,50,0,0,1,1,5,"1,6","0.9933,0.0067",1.0
campus,bui-campus_h1_r50_i22,70,0,0,1,1,7,"2,8","0.9975,0.0025",1.0
campus,bui-campus_h1_r50_i22,100,0,0,1,1,9,"3,10","0.9991,0.0009",1.0
campus,bui-campus_h1_r50_i22,10,1,1,1,1,2,"4,2","0.1192,0.8808",1.0
campus,bui-campus_h1_r50_i22,30,1,1,1,1,4,"5,2","0.0474,0.9526",1.0
campus,bui-campus_h1_r50_i22,50,1,1,1,1,6,"8,4","0.0180,0.9820",1.0
campus,bui-campus_h1_r50_i22,70,1,1,1,1,8,"10,4","0.0025,0.9975",1.0
campus,bui-campus_h1_r50_i22,100,1,1,1,1,11,"13,4","0.0001,0.9999",1.0
campus,bui-campus_h1_r50_i25,10,0,0,1,1,1,"0,1","0.7311,0.2689",1.0
campus,bui-campus_h1_r50_i25,30,0,0,1,1,3,"1,3","0.8808,0.1192",1.0
campus,bui-campus_h1_r50_i25,50,0,0,1,1,4,"1,5","0.9820,0.0180",1.0
campus,bui-campus_h1_r50_i25,70,0,0,1,1,6,"2,7","0.9933,0.0067",1.0
campus,bui-campus_h1_r50_i25,100,0,0,1,1,8,"3,9","0.9975,0.0025",1.0
campus,bui-campus_h1_r50_i25,10,1,1,1,1,2,"2,0","0.1192,0.8808",1.0
campus,bui-campus_h1_r50_i25,30,1,1,1,1,4,"3,1","0.1192,0.8808",1.0
campus,bui-campus_h1_r50_i25,50,1,1,1,1,6,"7,3","0.0180,0.9820",1.0
campus,bui-campus_h1_r50_i25,70,1,1,1,1,9,"11,4","0.0009,0.9991",1.0
campus,bui-campus_h1_r50_i25,100,1,1,1,1,12,"14,4","0.0000,1.0000",1.0
campus,bui-campus_h1_r50_i26,10,0,0,1,1,1,"0,1","0.7311,0.2689",1.0
campus,bui-campus_h1_r50_i26,30,0,0,1,1,3,"0,2","0.8808,0.1192",1.0
campus,bui-campus_h1_r50_i26,50,0,0,1,1,5,"1,6","0.9933,0.0067",1.0
campus,bui-campus_h1_r50_i26,70,0,0,1,1,7,"2,8","0.9975,0.0025",1.0
campus,bui-campus_h1_r50_i26,100,0,0,1,1,9,"3,10","0.9991,0.0009",1.0
campus,bui-campus_h1_r50_i26,10,1,1,1,1,2,"2,0","0.1192,0.8808",1.0
campus,bui-campus_h1_r50_i26,30,1,1,1,1,4,"4,1","0.0474,0.9526",1.0
campus,bui-campus_h1_r50_i26,50,1,1,1,1,6,"7,3","0.0180,0.9820",1.0
campus,bui-campus_h1_r50_i26,70,1,1,1,1,9,"11,4","0.0009,0.9991",1.0
campus,bui-campus_h1_r50_i26,100,1,1,1,1,12,"14,4","0.0000,1.0000",1.0
campus,bui-campus_h1_r50_i27,10,0,0,1,1,1,"0,1","0.7311,0.2689",1.0
campus,bui-campus_h1_r50_i27,30,0,0,1,1,3,"0,2","0.8808,0.1192",1.0
campus,bui-campus_h1_r50_i27,50,0,0,1,1,5,"1,6","0.9933,0.0067",1.0
campus,bui-campus_h1_r50_i27,70,0,0,1,1,7,"2,8","0.9975,0.0025",1.0
campus,bui-campus_h1_r50_i27,100,0,0,1,1,9,"3,10","0.9991,0.0009",1.0
campus,bui-campus_h1_r50_i27,10,1,1,1,1,2,"2,0","0.1192,0.8808",1.0
campus,bui-campus_h1_r50_i27,30,1,1,1,1,4,"4,1","0.0474,0.9526",1.0
campus,bui-campus_h1_r50_i27,50,1,1,1,1,6,"7,3","0.0180,0.9820",1.0
campus,bui-campus_h1_r50_i27,70,1,1,1,1,9,"11,4","0.0009,0.9991",1.0
campus,bui-campus_h1_r50_i27,100,1,1,1,1,12,"14,4","0.0000,1.0000",1.0
campus,bui-campus_h1_r50_i28,10,0,0,1,1,1,"0,1","0.7311,0.2689",1.0
campus,bui-campus_h1_r50_i28,30,0,0,1,1,3,"0,2","0.8808,0.1192",1.0
campus,bui-campus_h1_r50_i28,50,0,0,1,1,5,"1,6","0.9933,0.0067",1.0
campus,bui-campus_h1_r50_i28,70,0,0,1,1,7,"2,8","0.9975,0.0025",1.0
campus,bui-campus_h1_r50_i28,100,0,0,1,1,9,"3,10","0.9991,0.0009",1.0
campus,bui-campus_h1_r50_i28,10,1,1,1,1,2,"2,0","0.1192,0.8808",1.0
campus,bui-campus_h1_r50_i28,30,1,1,1,1,4,"3,0","0.0474,0.9526",1.0
campus,bui-campus_h1_r50_i28,50,1,1,1,1,6,"6,2","0.0180,0.9820",1.0
campus,bui-campus_h1_r50_i28,70,1,1,1,1,8,"8,2","0.0025,0.9975",1.0
campus,bui-campus_h1_r50_i28,100,1,1,1,1,11,"11,2","0.0001,0.9999",1.0
campus,bui-campus_h1_r50_i29,10,0,0,1,1,1,"0,1","0.7311,0.2689",1.0
campus,bui-campus_h1_r50_i29,30,0,0,1,1,3,"0,2","0.8808,0.1192",1.0
campus,bui-campus_h1_r50_i29,50,0,0,1,1,5,"1,6","0.9933,0.0067",1.0
campus,bui-campus_h1_r50_i29,70,0,0,1,1,7,"2,8","0.9975,0.0025",1.0
campus,bui-campus_h1_r50_i29,100,0,0,1,1,9,"3,10","0.9991,0.0009",1.0
campus,bui-campus_h1_r50_i29,10,1,1,1,1,2,"2,0","0.1192,0.8808",1.0
campus,bui-campus_h1_r50_i29,30,1,1,1,1,4,"4,1","0.0474,0.9526",1.0
campus,bui-campus_h1_r50_i29,50,1,1,1,1,6,"7,3","0.0180,0.9820",1.0
campus,bui-campus_h1_r50_i29,70,1,1,1,1,9,"11,4","0.0009,0.9991",1.0
campus,bui-campus_h1_r50_i29,100,1,1,1,1,12,"14,4","0.0000,1.0000",1.0
campus,bui-campus_h1_r50_i30,10,0,0,1,1,1,"0,1","0.7311,0.2689",1.0
campus,bui-campus_h1_r50_i30,30,0,0,1,1,3,"0,2","0.8808,0.1192",1.0
campus,bui-campus_h1_r50_i30,50,0,0,1,1,5,"1,6","0.9933,0.0067",1.0
campus,bui-campus_h1_r50_i30,70,0,0,1,1,7,"2,8","0.9975,0.0025",1.0
campus,bui-campus_h1_r50_i30,100,0,0,1,1,9,"3,10","0.9991,0.0009",1.0
campus,bui-campus_h1_r50_i30,10,1,1,1,1,2,"2,0","0.1192,0.8808",1.0
campus,bui-campus_h1_r50_i30,30,1,1,1,1,4,"4,1","0.0474,0.9526",1.0
campus,bui-campus_h1_r50_i30,50,1,1,1,1,6,"7,3","0.0180,0.9820",1.0
campus,bui-campus_h1_r50_i30,70,1,1,1,1,9,"11,4","0.0009,0.9991",1.0
campus,bui-campus_h1_r50_i30,100,1,1,1,1,12,"14,4","0.0000,1.0000",1.0
campus,bui-campus_h1_r70_i32,10,0,0,1,1,1,"0,1","0.7311,0.2689",1.0
campus,bui-campus_h1_r70_i32,30,0,0,1,1,3,"0,2","0.8808,0.1192",1.0
campus,bui-campus_h1_r70_i32,50,0,0,1,1,5,"1,6","0.9933,0.0067",1.0
campus,bui-campus_h1_r70_i32,70,0,0,1,1,7,"2,8","0.9975,0.0025",1.0
campus,bui-campus_h1_r70_i32,100,0,0,1,1,9,"3,10","0.9991,0.0009",1.0
campus,bui-campus_h1_r70_i32,10,1,1,1,1,2,"4,2","0.1192,0.8808",1.0
campus,bui-campus_h1_r70_i32,30,1,1,1,1,4,"5,2","0.0474,0.9526",1.0
campus,bui-campus_h1_r70_i32,50,1,1,1,1,6,"8,4","0.0180,0.9820",1.0
campus,bui-campus_h1_r70_i32,70,1,1,1,1,8,"10,4","0.0025,0.9975",1.0
campus,bui-campus_h1_r70_i32,100,1,1,1,1,11,"13,4","0.0001,0.9999",1.0
campus,bui-campus_h1_r70_i35,10,0,0,1,1,1,"0,1","0.7311,0.2689",1.0
campus,bui-campus_h1_r70_i35,30,0,0,1,1,3,"0,2","0.8808,0.1192",1.0
campus,bui-campus_h1_r70_i35,50,0,0,1,1,5,"1,6","0.9933,0.0067",1.0
campus,bui-campus_h1_r70_i35,70,0,0,1,1,7,"2,8","0.9975,0.0025",1.0
campus,bui-campus_h1_r70_i35,100,0,0,1,1,9,"3,10","0.9991,0.0009",1.0
campus,bui-campus_h1_r70_i35,10,1,1,1,1,2,"4,2","0.1192,0.8808",1.0
campus,bui-campus_h1_r70_i35,30,1,1,1,1,4,"5,2","0.0474,0.9526",1.0
campus,bui-campus_h1_r70_i35,50,1,1,1,1,6,"8,4","0.0180,0.9820",1.0
campus,bui-campus_h1_r70_i35,70,1,1,1,1,8,"10,4","0.0025,0.9975",1.0
campus,bui-campus_h1_r70_i35,100,1,1,1,1,11,"13,4","0.0001,0.9999",1.0
campus,bui-campus_h1_r70_i36,10,0,0,1,1,1,"0,1","0.7311,0.2689",1.0
campus,bui-campus_h1_r70_i36,30,0,0,1,1,3,"0,2","0.8808,0.1192",1.0
campus,bui-campus_h1_r70_i36,50,0,0,1,1,5,"1,6","0.9933,0.0067",1.0
campus,bui-campus_h1_r70_i36,70,0,0,1,1,7,"2,8","0.9975,0.0025",1.0
campus,bui-campus_h1_r70_i36,100,0,0,1,1,9,"3,10","0.9991,0.0009",1.0
campus,bui-campus_h1_r70_i36,10,1,1,1,1,2,"2,0","0.1192,0.8808",1.0
campus,bui-campus_h1_r70_i36,30,1,1,1,1,4,"4,1","0.0474,0.9526",1.0
campus,bui-campus_h1_r70_i36,50,1,1,1,1,6,"7,3","0.0180,0.9820",1.0
campus,bui-campus_h1_r70_i36,70,1,1,1,1,9,"11,4","0.0009,0.9991",1.0
campus,bui-campus_h1_r70_i36,100,1,1,1,1,12,"14,4","0.0000,1.0000",1.0
campus,bui-campus_h1_r70_i37,10,0,0,1,1,1,"0,1","0.7311,0.2689",1.0
campus,bui-campus_h1_r70_i37,30,0,0,1,1,3,"0,2","0.8808,0.1192",1.0
campus,bui-campus_h1_r70_i37,50,0,0,1,1,5,"1,6","0.9933,0.0067",1.0
campus,bui-campus_h1_r70_i37,70,0,0,1,1,7,"2,8","0.9975,0.0025",1.0
campus,bui-campus_h1_r70_i37,100,0,0,1,1,9,"3,10","0.9991,0.0009",1.0
campus,bui-campus_h1_r70_i37,10,1,1,1,1,2,"4,2","0.1192,0.8808",1.0
campus,bui-campus_h1_r70_i37,30,1,1,1,1,4,"5,2","0.0474,0.9526",1.0
campus,bui-campus_h1_r70_i37,50,1,1,1,1,6,"8,4","0.0180,0.9820",1.0
campus,bui-campus_h1_r70_i37,70,1,1,1,1,8,"10,4","0.0025,0.9975",1.0
campus,bui-campus_h1_r70_i37,100,1,1,1,1,11,"13,4","0.0001,0.9999",1.0
campus,bui-campus_h1_r70_i38,10,0,0,1,1,1,"0,1","0.7311,0.2689",1.0
campus,bui-campus_h1_r70_i38,30,0,0,1,1,3,"0,2","0.8808,0.1192",1.0
campus,bui-campus_h1_r70_i38,50,0,0,1,1,5,"1,6","0.9933,0.0067",1.0
campus,bui-campus_h1_r70_i38,70,0,0,1,1,7,"2,8","0.9975,0.0025",1.0
campus,bui-campus_h1_r70_i38,100,0,0,1,1,9,"3,10","0.9991,0.0009",1.0
campus,bui-campus_h1_r70_i38,10,1,1,1,1,2,"2,0","0.1192,0.8808",1.0
campus,bui-campus_h1_r70_i38,30,1,1,1,1,4,"3,0","0.0474,0.9526",1.0
campus,bui-campus_h1_r70_i38,50,1,1,1,1,6,"6,2","0.0180,0.9820",1.0
campus,bui-campus_h1_r70_i38,70,1,1,1,1,8,"8,2","0.0025,0.9975",1.0
campus,bui-campus_h1_r70_i38,100,1,1,1,1,11,"11,2","0.0001,0.9999",1.0
campus,bui-campus_h1_r70_i39,10,0,0,1,1,1,"0,1","0.7311,0.2689",1.0
campus,bui-campus_h1_r70_i39,30,0,0,1,1,3,"1,3","0.8808,0.1192",1.0
campus,bui-campus_h1_r70_i39,50,0,0,1,1,4,"1,5","0.9820,0.0180",1.0
campus,bui-campus_h1_r70_i39,70,0,0,1,1,6,"2,7","0.9933,0.0067",1.0
campus,bui-campus_h1_r70_i39,100,0,0,1,1,8,"3,9","0.9975,0.0025",1.0
campus,bui-campus_h1_r70_i39,10,1,1,1,1,2,"2,0","0.1192,0.8808",1.0
campus,bui-campus_h1_r70_i39,30,1,1,1,1,4,"3,1","0.1192,0.8808",1.0
campus,bui-campus_h1_r70_i39,50,1,1,1,1,6,"7,3","0.0180,0.9820",1.0
campus,bui-campus_h1_r70_i39,70,1,1,1,1,9,"11,4","0.0009,0.9991",1.0
campus,bui-campus_h1_r70_i39,100,1,1,1,1,12,"14,4","0.0000,1.0000",1.0
campus,bui-campus_h1_rfull_i41,10,0,0,1,1,1,"0,1","0.7311,0.2689",1.0
campus,bui-campus_h1_rfull_i41,30,0,0,1,1,3,"0,3","0.9526,0.0474",1.0
campus,bui-campus_h1_rfull_i41,50,0,0,1,1,4,"0,4","0.9820,0.0180",1.0
campus,bui-campus_h1_rfull_i41,70,0,0,1,1,6,"0,6","0.9975,0.0025",1.0
campus,bui-campus_h1_rfull_i41,100,0,0,1,1,8,"1,9","0.9997,0.0003",1.0
campus,bui-campus_h1_rfull_i41,10,1,1,1,1,2,"2,0","0.1192,0.8808",1.0
campus,bui-campus_h1_rfull_i41,30,1,1,1,1,4,"4,0","0.0180,0.9820",1.0
campus,bui-campus_h1_rfull_i41,50,1,1,1,1,6,"8,2","0.0025,0.9975",1.0
campus,bui-campus_h1_rfull_i41,70,1,1,1,1,8,"10,2","0.0003,0.9997",1.0
campus,bui-campus_h1_rfull_i41,100,1,1,1,1,11,"12,2","0.0000,1.0000",1.0
campus,bui-campus_h1_rfull_i45,10,0,0,1,1,1,"0,1","0.7311,0.2689",1.0
campus,bui-campus_h1_rfull_i45,30,0,0,1,1,3,"0,2","0.8808,0.1192",1.0
campus,bui-campus_h1_rfull_i45,50,0,0,1,1,5,"1,6","0.9933,0.0067",1.0
campus,bui-campus_h1_rfull_i45,70,0,0,1,1,7,"2,8","0.9975,0.0025",1.0
campus,bui-campus_h1_rfull_i45,100,0,0,1,1,9,"3,10","0.9991,0.0009",1.0
campus,bui-campus_h1_rfull_i45,10,1,1,1,1,2,"2,0","0.1192,0.8808",1.0
campus,bui-campus_h1_rfull_i45,30,1,1,1,1,4,"4,1","0.0474,0.9526",1.0
campus,bui-campus_h1_rfull_i45,50,1,1,1,1,6,"7,3","0.0180,0.9820",1.0
campus,bui-campus_h1_rfull_i45,70,1,1,1,1,9,"11,4","0.0009,0.9991",1.0
campus,bui-campus_h1_rfull_i45,100,1,1,1,1,12,"14,4","0.0000,1.0000",1.0
grid,p01,10,0,0,1,1,1,"0,1","0.7311,0.2689",1.0
grid,p01,30,0,0,1,1,3,"0,4","0.9820,0.0180",1.0
grid,p01,50,0,0,1,1,5,"0,7","0.9991,0.0009",1.0
grid,p01,70,0,0,1,1,7,"0,7","0.9991,0.0009",1.0
grid,p01,100,0,0,1,1,9,"0,10","1.0000,0.0000",1.0
grid,p01,10,1,1,1,1,1,"1,0","0.2689,0.7311",1.0
grid,p01,30,1,1,1,1,3,"4,0","0.0180,0.9820",1.0
grid,p01,50,1,1,1,1,5,"7,0","0.0009,0.9991",1.0
grid,p01,70,1,1,1,1,7,"7,0","0.0009,0.9991",1.0
grid,p01,100,1,1,1,1,9,"10,0","0.0000,1.0000",1.0
grid,p02,10,0,0,3,1,3,"0,0,0","0.3333,0.3333,0.3333",1.0
grid,p02,30,0,0,3,1,9,"0,0,0","0.3333,0.3333,0.3333",1.0
grid,p02,50,0,0,2,1,15,"0,0,3","0.4879,0.4879,0.0243",1.0
grid,p02,70,0,0,2,1,21,"0,0,14","0.5000,0.5000,0.0000",1.0
grid,p02,100,0,0,1,1,30,"0,14,22","1.0000,0.0000,0.0000",1.0
grid,p02,10,1,0,3,0,3,"0,0,0","0.3333,0.3333,0.3333",1.0
grid,p02,30,1,0,3,0,7,"0,0,0","0.3333,0.3333,0.3333",1.0
grid,p02,50,1,0,3,0,11,"0,0,0","0.3333,0.3333,0.3333",1.0
grid,p02,70,1,0,2,0,16,"0,0,5","0.4983,0.4983,0.0034",1.0
grid,p02,100,1,0,2,0,22,"0,0,16","0.5000,0.5000,0.0000",1.0
grid,p02,10,2,0,3,0,2,"0,0,0","0.3333,0.3333,0.3333",1.0
grid,p02,30,2,0,3,0,4,"0,0,0","0.3333,0.3333,0.3333",1.0
grid,p02,50,2,0,3,0,7,"0,0,0","0.3333,0.3333,0.3333",1.0
grid,p02,70,2,0,3,0,10,"0,0,0","0.3333,0.3333,0.3333",1.0
grid,p02,100,2,0,3,0,13,"0,0,0","0.3333,0.3333,0.3333",1.0
grid,p03,10,0,0,1,1,1,"0,1","0.7311,0.2689",1.0
grid,p03,30,0,0,1,1,2,"0,2","0.8808,0.1192",1.0
grid,p03,50,0,0,1,1,2,"0,2","0.8808,0.1192",1.0
grid,p03,70,0,0,1,1,3,"0,4","0.9820,0.0180",1.0
grid,p03,100,0,0,1,1,4,"0,6","0.9975,0.0025",1.0
grid,p03,10,1,1,1,1,1,"1,0","0.2689,0.7311",1.0
grid,p03,30,1,1,1,1,2,"2,0","0.1192,0.8808",1.0
grid,p03,50,1,1,1,1,2,"2,0","0.1192,0.8808",1.0
grid,p03,70,1,1,1,1,3,"4,0","0.0180,0.9820",1.0
grid,p03,100,1,1,1,1,4,"6,0","0.0025,0.9975",1.0
grid,p04,10,0,0,1,1,1,"0,1,1","0.5761,0.2119,0.2119",1.0
grid,p04,30,0,0,1,1,1,"0,1,1","0.5761,0.2119,0.2119",1.0
grid,p04,50,0,0,1,1,2,"0,2,2","0.7870,0.1065,0.1065",1.0
grid,p04,70,0,0,1,1,3,"0,4,4","0.9647,0.0177,0.0177",1.0
grid,p04,100,0,0,1,1,3,"0,4,4","0.9647,0.0177,0.0177",1.0
grid,p04,10,1,1,2,1,1,"1,0,0","0.1554,0.4223,0.4223",1.0
grid,p04,30,1,1,2,1,1,"1,0,0","0.1554,0.4223,0.4223",1.0
grid,p04,50,1,1,2,1,2,"2,0,0","0.0634,0.4683,0.4683",1.0
grid,p04,70,1,1,2,1,3,"4,0,0","0.0091,0.4955,0.4955",1.0
grid,p04,100,1,1,2,1,3,"4,0,0","0.0091,0.4955,0.4955",1.0
grid,p04,10,2,1,2,0,1,"1,0,0","0.1554,0.4223,0.4223",1.0
grid,p04,30,2,1,2,0,2,"2,0,0","0.0634,0.4683,0.4683",1.0
grid,p04,50,2,1,2,0,2,"2,0,0","0.0634,0.4683,0.4683",1.0
grid,p04,70,2,1,2,0,3,"4,0,0","0.0091,0.4955,0.4955",1.0
grid,p04,100,2,2,1,1,4,"6,2,0","0.0022,0.1189,0.8789",1.0
grid,p05,10,0,0,1,1,1,"0,1,1","0.5761,0.2119,0.2119",1.0
grid,p05,30,0,0,1,1,3,"0,4,4","0.9647,0.0177,0.0177",1.0
grid,p05,50,0,0,1,1,5,"0,7,7","0.9982,0.0009,0.0009",1.0
grid,p05,70,0,0,1,1,7,"0,7,7","0.9982,0.0009,0.0009",1.0
grid,p05,100,0,0,1,1,9,"0,10,10","0.9999,0.0000,0.0000",1.0
grid,p05,10,1,1,2,1,1,"1,0,0","0.1554,0.4223,0.4223",1.0
grid,p05,30,1,1,2,1,3,"4,0,0","0.0091,0.4955,0.4955",1.0
grid,p05,50,1,1,1,1,5,"7,0,1","0.0007,0.7306,0.2688",1.0
grid,p05,70,1,1,1,1,7,"7,0,5","0.0009,0.9924,0.0067",1.0
grid,p05,100,1,1,1,1,9,"10,0,8","0.0000,0.9996,0.0003",1.0
grid,p05,10,2,1,2,0,1,"1,0,0","0.1554,0.4223,0.4223",1.0
grid,p05,30,2,1,2,0,2,"2,0,0","0.0634,0.4683,0.4683",1.0
grid,p05,50,2,1,2,0,2,"2,0,0","0.0634,0.4683,0.4683",1.0
grid,p05,70,2,1,2,0,3,"4,0,0","0.0091,0.4955,0.4955",1.0
grid,p05,100,2,1,2,0,4,"6,0,0","0.0012,0.4994,0.4994",1.0
grid,p06,10,0,0,3,1,0,"inf,inf,inf","0.3333,0.3333,0.3333",1.0
grid,p06,30,0,0,3,1,0,"inf,inf,inf","0.3333,0.3333,0.3333",1.0
grid,p06,50,0,0,3,1,0,"inf,inf,inf","0.3333,0.3333,0.3333",1.0
grid,p06,70,0,0,3,1,0,"inf,inf,inf","0.3333,0.3333,0.3333",1.0
grid,p06,100,0,0,3,1,0,"inf,inf,inf","0.3333,0.3333,0.3333",1.0
grid,p06,10,1,1,2,1,1,"2,0,0","0.0634,0.4683,0.4683",1.0
grid,p06,30,1,1,2,1,2,"3,0,0","0.0243,0.4879,0.4879",1.0
grid,p06,50,1,1,2,1,3,"5,0,0","0.0034,0.4983,0.4983",1.0
grid,p06,70,1,1,2,1,5,"8,0,0","0.0002,0.4999,0.4999",1.0
grid,p06,100,1,1,1,1,6,"10,0,2","0.0000,0.8808,0.1192",1.0
grid,p06,10,2,1,2,0,1,"2,0,0","0.0634,0.4683,0.4683",1.0
grid,p06,30,2,1,2,0,2,"3,0,0","0.0243,0.4879,0.4879",1.0
grid,p06,50,2,1,2,0,3,"5,0,0","0.0034,0.4983,0.4983",1.0
grid,p06,70,2,1,2,0,4,"6,0,0","0.0012,0.4994,0.4994",1.0
grid,p06,100,2,1,2,0,5,"8,0,0","0.0002,0.4999,0.4999",1.0
grid,p07,10,0,0,2,1,1,"0,0","0.5000,0.5000",1.0
grid,p07,30,0,0,2,1,1,"0,0","0.5000,0.5000",1.0
grid,p07,50,0,0,2,1,1,"0,0","0.5000,0.5000",1.0
grid,p07,70,0,0,2,1,1,"0,0","0.5000,0.5000",1.0
grid,p07,100,0,0,2,1,1,"0,0","0.5000,0.5000",1.0
grid,p07,10,1,0,2,0,1,"0,0","0.5000,0.5000",1.0
grid,p07,30,1,0,2,0,1,"0,0","0.5000,0.5000",1.0
grid,p07,50,1,1,1,1,2,"2,0","0.1192,0.8808",1.0
grid,p07,70,1,1,1,1,3,"4,0","0.0180,0.9820",1.0
grid,p07,100,1,1,1,1,3,"4,0","0.0180,0.9820",1.0
grid,p08,10,0,0,3,1,1,"0,0,0","0.3333,0.3333,0.3333",1.0
grid,p08,30,0,0,3,1,1,"0,0,0","0.3333,0.3333,0.3333",1.0
grid,p08,50,0,0,3,1,1,"0,0,0","0.3333,0.3333,0.3333",1.0
grid,p08,70,0,0,3,1,2,"0,0,0","0.3333,0.3333,0.3333",1.0
grid,p08,100,0,0,3,1,2,"0,0,0","0.3333,0.3333,0.3333",1.0
grid,p08,10,1,1,2,1,2,"1,0,0","0.1554,0.4223,0.4223",1.0
grid,p08,30,1,1,2,1,4,"2,0,0","0.0634,0.4683,0.4683",1.0
grid,p08,50,1,1,2,1,6,"6,0,0","0.0012,0.4994,0.4994",1.0
grid,p08,70,1,1,1,1,9,"7,0,5","0.0009,0.9924,0.0067",1.0
grid,p08,100,1,1,1,1,12,"12,0,10","0.0000,0.9999,0.0000",1.0
grid,p08,10,2,0,3,0,1,"0,0,0","0.3333,0.3333,0.3333",1.0
grid,p08,30,2,1,2,0,3,"1,0,0","0.1554,0.4223,0.4223",1.0
grid,p08,50,2,1,2,0,4,"2,0,0","0.0634,0.4683,0.4683",1.0
grid,p08,70,2,1,2,0,5,"4,0,0","0.0091,0.4955,0.4955",1.0
grid,p08,100,2,2,1,1,7,"8,2,0","0.0003,0.1192,0.8805",1.0
intrusion-detection,p10,10,0,0,2,1,2,"0,1,1,1,2,0,1,2,2,1","0.2355,0.0867,0.0867,0.0867,0.0319,0.2355,0.0867,0.0319,0.0319,0.0867",1.0
intrusion-detection,p10,30,0,0,1,1,6,"0,4,4,4,4,4,3,4,4,5","0.8441,0.0155,0.0155,0.0155,0.0155,0.0155,0.0420,0.0155,0.0155,0.0057",1.0
intrusion-detection,p10,50,0,0,1,1,10,"0,7,7,8,7,7,7,7,7,7","0.9924,0.0009,0.0009,0.0003,0.0009,0.0009,0.0009,0.0009,0.0009,0.0009",1.0
intrusion-detection,p10,70,0,0,1,1,14,"0,11,11,12,11,11,11,11,11,11","0.9999,0.0000,0.0000,0.0000,0.0000,0.0000,0.0000,0.0000,0.0000,0.0000",1.0
intrusion-detection,p10,100,0,0,1,1,20,"0,17,17,18,17,17,17,17,17,17","1.0000,0.0000,0.0000,0.0000,0.0000,0.0000,0.0000,0.0000,0.0000,0.0000",1.0
intrusion-detection,p10,10,1,1,3,1,2,"1,0,0,2,2,2,2,2,2,0","0.0880,0.2392,0.2392,0.0324,0.0324,0.0324,0.0324,0.0324,0.0324,0.2392",1.0
intrusion-detection,p10,30,1,1,2,1,6,"5,0,3,6,6,6,6,6,6,0","0.0033,0.4828,0.0240,0.0012,0.0012,0.0012,0.0012,0.0012,0.0012,0.4828",1.0
intrusion-detection,p10,50,1,1,1,1,9,"7,0,6,9,6,9,9,6,9,3","0.0009,0.9446,0.0023,0.0001,0.0023,0.0001,0.0001,0.0023,0.0001,0.0470",1.0
intrusion-detection,p10,70,1,1,1,1,13,"10,0,9,12,7,12,13,7,13,7","0.0000,0.9971,0.0001,0.0000,0.0009,0.0000,0.0000,0.0009,0.0000,0.0009",1.0
intrusion-detection,p10,100,1,1,1,1,18,"15,0,12,12,12,15,18,12,18,12","0.0000,1.0000,0.0000,0.0000,0.0000,0.0000,0.0000,0.0000,0.0000,0.0000",1.0
intrusion-detection,p10,10,2,2,2,1,2,"1,2,0,0,2,2,2,2,2,2","0.1110,0.0408,0.3016,0.3016,0.0408,0.0408,0.0408,0.0408,0.0408,0.0408",1.0
intrusion-detection,p10,30,2,2,1,1,5,"4,5,0,2,5,5,5,5,5,5","0.0153,0.0056,0.8328,0.1127,0.0056,0.0056,0.0056,0.0056,0.0056,0.0056",1.0
intrusion-detection,p10,50,2,2,1,1,8,"6,6,0,2,8,5,8,8,8,8","0.0022,0.0022,0.8705,0.1178,0.0003,0.0059,0.0003,0.0003,0.0003,0.0003",1.0
intrusion-detection,p10,70,2,2,1,1,11,"8,7,0,3,11,6,11,11,11,10","0.0003,0.0009,0.9491,0.0473,0.0000,0.0024,0.0000,0.0000,0.0000,0.0000",1.0
intrusion-detection,p10,100,2,2,1,1,15,"12,9,0,7,15,10,15,15,15,12","0.0000,0.0001,0.9989,0.0009,0.0000,0.0000,0.0000,0.0000,0.0000,0.0000",1.0
intrusion-detection,p10,10,3,1,4,0,2,"1,0,0,0,2,0,2,2,2,2","0.0729,0.1982,0.1982,0.1982,0.0268,0.1982,0.0268,0.0268,0.0268,0.0268",1.0
intrusion-detection,p10,30,3,2,3,0,5,"4,2,0,0,5,0,5,5,5,5","0.0057,0.0425,0.3137,0.3137,0.0021,0.3137,0.0021,0.0021,0.0021,0.0021",1.0
intrusion-detection,p10,50,3,2,2,0,7,"5,4,0,0,7,2,7,7,7,7","0.0031,0.0085,0.4619,0.4619,0.0004,0.0625,0.0004,0.0004,0.0004,0.0004",1.0
intrusion-detection,p10,70,3,3,1,1,10,"8,7,2,0,10,5,10,10,10,10","0.0003,0.0008,0.1183,0.8745,0.0000,0.0059,0.0000,0.0000,0.0000,0.0000",1.0
intrusion-detection,p10,100,3,3,1,1,14,"12,8,6,0,14,9,14,14,14,14","0.0000,0.0003,0.0025,0.9971,0.0000,0.0001,0.0000,0.0000,0.0000,0.0000",1.0
intrusion-detection,p10,10,4,4,4,1,2,"1,2,2,2,0,2,0,0,0,2","0.0729,0.0268,0.0268,0.0268,0.1982,0.0268,0.1982,0.1982,0.1982,0.0268",1.0
intrusion-detection,p10,30,4,4,2,1,6,"4,5,6,6,0,6,1,0,3,6","0.0075,0.0027,0.0010,0.0010,0.4077,0.0010,0.1500,0.4077,0.0203,0.0010",1.0
intrusion-detection,p10,50,4,4,2,1,9,"7,5,9,9,0,9,4,0,6,9","0.0004,0.0033,0.0001,0.0001,0.4929,0.0001,0.0090,0.4929,0.0012,0.0001",1.0
intrusion-detection,p10,70,4,4,1,1,12,"9,6,12,12,0,12,7,1,8,12","0.0001,0.0018,0.0000,0.0000,0.7290,0.0000,0.0007,0.2682,0.0002,0.0000",1.0
intrusion-detection,p10,100,4,4,1,1,17,"14,11,17,17,0,17,12,6,11,17","0.0000,0.0000,0.0000,0.0000,0.9975,0.0000,0.0000,0.0025,0.0000,0.0000",1.0
intrusion-detection,p10,10,5,1,4,0,2,"1,0,0,0,2,0,2,2,2,2","0.0729,0.1982,0.1982,0.1982,0.0268,0.1982,0.0268,0.0268,0.0268,0.0268",1.0
intrusion-detection,p10,30,5,5,1,1,6,"4,3,1,1,6,0,6,6,6,5","0.0101,0.0273,0.2021,0.2021,0.0014,0.5493,0.0014,0.0014,0.0014,0.0037",1.0
intrusion-detection,p10,50,5,5,1,1,9,"7,6,4,4,9,0,9,9,9,5","0.0009,0.0024,0.0175,0.0175,0.0001,0.9549,0.0001,0.0001,0.0001,0.0064",1.0
intrusion-detection,p10,70,5,5,1,1,12,"9,9,7,7,12,0,11,12,12,5","0.0001,0.0001,0.0009,0.0009,0.0000,0.9912,0.0000,0.0000,0.0000,0.0067",1.0
intrusion-detection,p10,100,5,5,1,1,17,"14,14,12,12,17,0,14,17,17,8","0.0000,0.0000,0.0000,0.0000,0.0000,0.9996,0.0000,0.0000,0.0000,0.0003",1.0
intrusion-detection,p10,10,6,4,4,0,2,"1,2,2,2,0,2,0,0,0,2","0.0729,0.0268,0.0268,0.0268,0.1982,0.0268,0.1982,0.1982,0.1982,0.0268",1.0
intrusion-detection,p10,30,6,4,3,0,5,"4,5,5,5,0,5,0,0,2,5","0.0057,0.0021,0.0021,0.0021,0.3137,0.0021,0.3137,0.3137,0.0425,0.0021",1.0
intrusion-detection,p10,50,6,6,1,1,8,"6,8,8,8,3,6,0,3,5,5","0.0022,0.0003,0.0003,0.0003,0.0445,0.0022,0.8936,0.0445,0.0060,0.0060",1.0
intrusion-detection,p10,70,6,6,1,1,11,"8,11,11,11,6,8,0,6,7,6","0.0003,0.0000,0.0000,0.0000,0.0025,0.0003,0.9910,0.0025,0.0009,0.0025",1.0
intrusion-detection,p10,100,6,6,1,1,15,"12,15,15,15,10,12,0,10,7,10","0.0000,0.0000,0.0000,0.0000,0.0000,0.0000,0.9989,0.0000,0.0009,0.0000",1.0
intrusion-detection,p10,10,7,4,4,0,2,"1,2,2,2,0,2,0,0,0,2","0.0729,0.0268,0.0268,0.0268,0.1982,0.0268,0.1982,0.1982,0.1982,0.0268",1.0
intrusion-detection,p10,30,7,4,2,0,6,"4,5,6,6,0,6,1,0,3,6","0.0075,0.0027,0.0010,0.0010,0.4077,0.0010,0.1500,0.4077,0.0203,0.0010",1.0
intrusion-detection,p10,50,7,4,2,0,9,"7,5,9,9,0,9,4,0,6,9","0.0004,0.0033,0.0001,0.0001,0.4929,0.0001,0.0090,0.4929,0.0012,0.0001",1.0
intrusion-detection,p10,70,7,7,1,1,12,"9,6,12,12,1,12,7,0,9,12","0.0001,0.0018,0.0000,0.0000,0.2682,0.0000,0.0007,0.7291,0.0001,0.0000",1.0
intrusion-detection,p10,100,7,7,1,1,17,"14,11,17,17,6,17,12,0,14,17","0.0000,0.0000,0.0000,0.0000,0.0025,0.0000,0.0000,0.9975,0.0000,0.0000",1.0
intrusion-detection,p10,10,8,6,2,0,2,"1,2,2,2,2,2,0,2,0,2","0.1110,0.0408,0.0408,0.0408,0.0408,0.0408,0.3016,0.0408,0.3016,0.0408",1.0
intrusion-detection,p10,30,8,6,2,0,5,"4,5,5,5,5,5,0,5,0,5","0.0089,0.0033,0.0033,0.0033,0.0033,0.0033,0.4841,0.0033,0.4841,0.0033",1.0
intrusion-detection,p10,50,8,8,1,1,8,"6,8,8,8,6,8,3,8,0,8","0.0023,0.0003,0.0003,0.0003,0.0023,0.0003,0.0471,0.0003,0.9463,0.0003",1.0
intrusion-detection,p10,70,8,8,1,1,12,"9,12,12,12,7,12,5,10,0,12","0.0001,0.0000,0.0000,0.0000,0.0009,0.0000,0.0067,0.0000,0.9922,0.0000",1.0
intrusion-detection,p10,100,8,8,1,1,16,"13,16,16,16,10,16,8,13,0,16","0.0000,0.0000,0.0000,0.0000,0.0000,0.0000,0.0003,0.0000,0.9996,0.0000",1.0
intrusion-detection,p10,10,9,5,3,0,2,"1,2,2,2,2,0,0,2,2,0","0.0880,0.0324,0.0324,0.0324,0.0324,0.2392,0.2392,0.0324,0.0324,0.2392",1.0
intrusion-detection,p10,30,9,9,1,1,6,"4,5,5,6,6,3,1,6,6,0","0.0126,0.0046,0.0046,0.0017,0.0017,0.0341,0.2521,0.0017,0.0017,0.6852",1.0
intrusion-detection,p10,50,9,9,1,1,9,"7,5,6,9,9,6,4,9,9,0","0.0009,0.0065,0.0024,0.0001,0.0001,0.0024,0.0178,0.0001,0.0001,0.9695",1.0
intrusion-detection,p10,70,9,9,1,1,12,"9,6,9,12,12,8,7,12,12,0","0.0001,0.0025,0.0001,0.0000,0.0000,0.0003,0.0009,0.0000,0.0000,0.9960",1.0
intrusion-detection,p10,100,9,9,1,1,17,"14,11,14,17,17,8,12,17,17,0","0.0000,0.0000,0.0000,0.0000,0.0000,0.0003,0.0000,0.0000,0.0000,0.9996",1.0
intrusion-detection,p20,10,0,0,3,1,2,"0,1,2,2,1,2,2,0,2,2,0,2,1,2,1,1,2,2,1,1","0.1443,0.0531,0.0195,0.0195,0.0531,0.0195,0.0195,0.1443,0.0195,0.0195,0.1443,0.0195,0.0531,0.0195,0.0531,0.0531,0.0195,0.0195,0.0531,0.0531",1.0
intrusion-detection,p20,30,0,0,1,1,6,"0,4,4,5,5,4,5,4,6,3,4,5,3,6,3,4,5,4,4,4","0.7392,0.0135,0.0135,0.0050,0.0050,0.0135,0.0050,0.0135,0.0018,0.0368,0.0135,0.0050,0.0368,0.0018,0.0368,0.0135,0.0050,0.0135,0.0135,0.0135",1.0
intrusion-detection,p20,50,0,0,1,1,10,"0,7,7,8,7,7,7,7,7,7,7,7,7,8,7,7,7,7,7,7","0.9841,0.0009,0.0009,0.0003,0.0009,0.0009,0.0009,0.0009,0.0009,0.0009,0.0009,0.0009,0.0009,0.0003,0.0009,0.0009,0.0009,0.0009,0.0009,0.0009",1.0
intrusion-detection,p20,70,0,0,1,1,14,"0,11,11,12,11,11,11,11,11,11,11,11,11,12,11,11,11,11,11,11","0.9997,0.0000,0.0000,0.0000,0.0000,0.0000,0.0000,0.0000,0.0000,0.0000,0.0000,0.0000,0.0000,0.0000,0.0000,0.0000,0.0000,0.0000,0.0000,0.0000",1.0
intrusion-detection,p20,100,0,0,1,1,20,"0,17,17,18,17,17,17,17,17,17,17,17,17,18,17,17,17,17,17,17","1.0000,0.0000,0.0000,0.0000,0.0000,0.0000,0.0000,0.0000,0.0000,0.0000,0.0000,0.0000,0.0000,0.0000,0.0000,0.0000,0.0000,0.0000,0.0000,0.0000",1.0
intrusion-detection,p20,10,1,1,4,1,2,"1,0,0,2,2,2,2,2,2,0,2,0,2,2,2,2,2,2,2,2","0.0575,0.1563,0.1563,0.0212,0.0212,0.0212,0.0212,0.0212,0.0212,0.1563,0.0212,0.1563,0.0212,0.0212,0.0212,0.0212,0.0212,0.0212,0.0212,0.0212",1.0
intrusion-detection,p20,30,1,1,2,1,6,"5,0,3,6,6,6,6,6,6,0,6,3,6,6,6,6,6,6,6,6","0.0031,0.4665,0.0232,0.0012,0.0012,0.0012,0.0012,0.0012,0.0012,0.4665,0.0012,0.0232,0.0012,0.0012,0.0012,0.0012,0.0012,0.0012,0.0012,0.0012",1.0
intrusion-detection,p20,50,1,1,1,1,9,"7,0,6,9,6,9,9,6,9,3,6,6,9,9,6,6,9,9,6,6","0.0008,0.9311,0.0023,0.0001,0.0023,0.0001,0.0001,0.0023,0.0001,0.0464,0.0023,0.0023,0.0001,0.0001,0.0023,0.0023,0.0001,0.0001,0.0023,0.0023",1.0
intrusion-detection,p20,70,1,1,1,1,13,"10,0,9,12,7,12,13,7,13,7,6,10,13,13,10,7,13,13,9,9","0.0000,0.9934,0.0001,0.0000,0.0009,0.0000,0.0000,0.0009,0.0000,0.0009,0.0025,0.0000,0.0000,0.0000,0.0000,0.0009,0.0000,0.0000,0.0001,0.0001",1.0
intrusion-detection,p20,100,1,1,1,1,18,"15,0,12,12,12,15,18,12,18,12,6,15,18,18,15,12,18,18,9,12","0.0000,0.9974,0.0000,0.0000,0.0000,0.0000,0.0000,0.0000,0.0000,0.0000,0.0025,0.0000,0.0000,0.0000,0.0000,0.0000,0.0000,0.0000,0.0001,0.0000",1.0
intrusion-detection,p20,10,2,2,4,1,2,"1,2,0,0,2,2,2,2,2,2,2,2,0,2,2,2,2,0,2,2","0.0575,0.0212,0.1563,0.1563,0.0212,0.0212,0.0212,0.0212,0.0212,0.0212,0.0212,0.0212,0.1563,0.0212,0.0212,0.0212,0.0212,0.1563,0.0212,0.0212",1.0
intrusion-detection,p20,30,2,2,2,1,5,"4,5,0,2,5,5,5,5,5,5,5,5,0,5,5,5,5,2,5,5","0.0077,0.0028,0.4184,0.0566,0.0028,0.0028,0.0028,0.0028,0.0028,0.0028,0.0028,0.0028,0.4184,0.0028,0.0028,0.0028,0.0028,0.0566,0.0028,0.0028",1.0
intrusion-detection,p20,50,2,2,1,1,8,"6,6,0,2,8,5,8,8,8,8,6,8,3,8,8,8,8,5,6,5","0.0020,0.0020,0.8206,0.1111,0.0003,0.0055,0.0003,0.0003,0.0003,0.0003,0.0020,0.0003,0.0409,0.0003,0.0003,0.0003,0.0003,0.0055,0.0020,0.0055",1.0
intrusion-detection,p20,70,2,2,1,1,11,"8,7,0,3,11,6,11,11,11,10,8,10,6,11,11,11,11,8,8,6","0.0003,0.0009,0.9437,0.0470,0.0000,0.0023,0.0000,0.0000,0.0000,0.0000,0.0003,0.0000,0.0023,0.0000,0.0000,0.0000,0.0000,0.0003,0.0003,0.0023",1.0
intrusion-detection,p20,100,2,2,1,1,15,"12,9,0,7,15,10,15,15,15,12,12,10,10,15,15,15,15,12,12,10","0.0000,0.0001,0.9988,0.0009,0.0000,0.0000,0.0000,0.0000,0.0000,0.0000,0.0000,0.0000,0.0000,0.0000,0.0000,0.0000,0.0000,0.0000,0.0000,0.0000",1.0
intrusion-detection,p20,10,3,1,7,0,2,"1,0,0,0,2,0,2,2,2,2,0,2,2,2,2,2,2,2,0,0","0.0409,0.1112,0.1112,0.1112,0.0151,0.1112,0.0151,0.0151,0.0151,0.0151,0.1112,0.0151,0.0151,0.0151,0.0151,0.0151,0.0151,0.0151,0.1112,0.1112",1.0
intrusion-detection,p20,30,3,2,4,0,5,"4,2,0,0,5,0,5,5,5,5,2,5,5,5,5,5,5,5,2,0","0.0041,0.0300,0.2220,0.2220,0.0015,0.2220,0.0015,0.0015,0.0015,0.0015,0.0300,0.0015,0.0015,0.0015,0.0015,0.0015,0.0015,0.0015,0.0300,0.2220",1.0
intrusion-detection,p20,50,3,2,2,0,7,"5,4,0,0,7,2,7,7,7,7,4,7,5,7,7,7,7,5,4,2","0.0029,0.0078,0.4246,0.4246,0.0004,0.0575,0.0004,0.0004,0.0004,0.0004,0.0078,0.0004,0.0029,0.0004,0.0004,0.0004,0.0004,0.0029,0.0078,0.0575",1.0
intrusion-detection,p20,70,3,3,1,1,10,"8,7,2,0,10,5,10,10,10,10,7,10,7,10,10,10,10,5,7,5","0.0003,0.0008,0.1167,0.8621,0.0000,0.0058,0.0000,0.0000,0.0000,0.0000,0.0008,0.0000,0.0008,0.0000,0.0000,0.0000,0.0000,0.0058,0.0008,0.0058",1.0
intrusion-detection,p20,100,3,3,1,1,14,"12,8,6,0,14,9,14,14,14,14,8,14,11,14,14,14,14,8,8,9","0.0000,0.0003,0.0025,0.9959,0.0000,0.0001,0.0000,0.0000,0.0000,0.0000,0.0003,0.0000,0.0000,0.0000,0.0000,0.0000,0.0000,0.0003,0.0003,0.0001",1.0
intrusion-detection,p20,10,4,4,7,1,2,"1,2,2,2,0,2,0,0,0,2,2,0,2,0,2,2,0,2,2,2","0.0409,0.0151,0.0151,0.0151,0.1112,0.0151,0.1112,0.1112,0.1112,0.0151,0.0151,0.1112,0.0151,0.1112,0.0151,0.0151,0.1112,0.0151,0.0151,0.0151",1.0
intrusion-detection,p20,30,4,4,2,1,6,"4,5,6,6,0,6,1,0,3,6,5,1,6,3,5,5,3,6,5,5","0.0062,0.0023,0.0008,0.0008,0.3380,0.0008,0.1243,0.3380,0.0168,0.0008,0.0023,0.1243,0.0008,0.0168,0.0023,0.0023,0.0168,0.0008,0.0023,0.0023",1.0
intrusion-detection,p20,50,4,4,2,1,9,"7,5,9,9,0,9,4,0,6,9,5,4,9,6,6,5,6,9,6,6","0.0004,0.0032,0.0001,0.0001,0.4823,0.0001,0.0088,0.4823,0.0012,0.0001,0.0032,0.0088,0.0001,0.0012,0.0012,0.0032,0.0012,0.0001,0.0012,0.0012",1.0
intrusion-detection,p20,70,4,4,1,1,12,"9,6,12,12,0,12,7,1,8,12,6,7,12,9,9,6,8,12,9,9","0.0001,0.0018,0.0000,0.0000,0.7254,0.0000,0.0007,0.2669,0.0002,0.0000,0.0018,0.0007,0.0000,0.0001,0.0001,0.0018,0.0002,0.0000,0.0001,0.0001",1.0
intrusion-detection,p20,100,4,4,1,1,17,"14,11,17,17,0,17,12,6,11,17,11,12,17,14,14,11,8,17,14,14","0.0000,0.0000,0.0000,0.0000,0.9971,0.0000,0.0000,0.0025,0.0000,0.0000,0.0000,0.0000,0.0000,0.0000,0.0000,0.0000,0.0003,0.0000,0.0000,0.0000",1.0
intrusion-detection,p20,10,5,1,7,0,2,"1,0,0,0,2,0,2,2,2,2,0,2,2,2,2,2,2,2,0,0","0.0409,0.1112,0.1112,0.1112,0.0151,0.1112,0.0151,0.0151,0.0151,0.0151,0.1112,0.0151,0.0151,0.0151,0.0151,0.0151,0.0151,0.0151,0.1112,0.1112",1.0
intrusion-detection,p20,30,5,5,2,1,6,"4,3,1,1,6,0,6,6,6,5,3,6,6,6,5,5,6,5,3,0","0.0062,0.0169,0.1247,0.1247,0.0008,0.3390,0.0008,0.0008,0.0008,0.0023,0.0169,0.0008,0.0008,0.0008,0.0023,0.0023,0.0008,0.0023,0.0169,0.3390",1.0
intrusion-detection,p20,50,5,5,2,1,9,"7,6,4,4,9,0,9,9,9,5,6,9,9,9,6,6,9,6,6,0","0.0004,0.0012,0.0089,0.0089,0.0001,0.4854,0.0001,0.0001,0.0001,0.0033,0.0012,0.0001,0.0001,0.0001,0.0012,0.0012,0.0001,0.0012,0.0012,0.4854",1.0
intrusion-detection,p20,70,5,5,1,1,12,"9,9,7,7,12,0,11,12,12,5,9,12,11,12,8,9,11,9,8,1","0.0001,0.0001,0.0007,0.0007,0.0000,0.7258,0.0000,0.0000,0.0000,0.0049,0.0001,0.0000,0.0000,0.0000,0.0002,0.0001,0.0000,0.0001,0.0002,0.2670",1.0
intrusion-detection,p20,100,5,5,1,1,17,"14,14,12,12,17,0,14,17,17,8,14,17,11,17,8,14,14,14,8,6","0.0000,0.0000,0.0000,0.0000,0.0000,0.9965,0.0000,0.0000,0.0000,0.0003,0.0000,0.0000,0.0000,0.0000,0.0003,0.0000,0.0000,0.0000,0.0003,0.0025",1.0
intrusion-detection,p20,10,6,4,7,0,2,"1,2,2,2,0,2,0,0,0,2,2,0,2,0,2,2,0,2,2,2","0.0409,0.0151,0.0151,0.0151,0.1112,0.0151,0.1112,0.1112,0.1112,0.0151,0.0151,0.1112,0.0151,0.1112,0.0151,0.0151,0.1112,0.0151,0.0151,0.0151",1.0
intrusion-detection,p20,30,6,4,4,0,5,"4,5,5,5,0,5,0,0,2,5,5,0,5,2,5,5,2,5,5,5","0.0041,0.0015,0.0015,0.0015,0.2220,0.0015,0.2220,0.2220,0.0300,0.0015,0.0015,0.2220,0.0015,0.0300,0.0015,0.0015,0.0300,0.0015,0.0015,0.0015",1.0
intrusion-detection,p20,50,6,6,1,1,8,"6,8,8,8,3,6,0,3,5,5,8,3,6,5,6,8,2,8,6,8","0.0019,0.0003,0.0003,0.0003,0.0377,0.0019,0.7578,0.0377,0.0051,0.0051,0.0003,0.0377,0.0019,0.0051,0.0019,0.0003,0.1026,0.0003,0.0019,0.0003",1.0
intrusion-detection,p20,70,6,6,1,1,11,"8,11,11,11,6,8,0,6,7,6,11,5,8,7,8,10,3,10,8,11","0.0003,0.0000,0.0000,0.0000,0.0023,0.0003,0.9366,0.0023,0.0009,0.0023,0.0000,0.0063,0.0003,0.0009,0.0003,0.0000,0.0466,0.0000,0.0003,0.0000",1.0
intrusion-detection,p20,100,6,6,1,1,15,"12,15,15,15,10,12,0,10,7,10,15,5,12,7,12,12,7,12,12,15","0.0000,0.0000,0.0000,0.0000,0.0000,0.0000,0.9904,0.0000,0.0009,0.0000,0.0000,0.0067,0.0000,0.0009,0.0000,0.0000,0.0009,0.0000,0.0000,0.0000",1.0
intrusion-detection,p20,10,7,4,7,0,2,"1,2,2,2,0,2,0,0,0,2,2,0,2,0,2,2,0,2,2,2","0.0409,0.0151,0.0151,0.0151,0.1112,0.0151,0.1112,0.1112,0.1112,0.0151,0.0151,0.1112,0.0151,0.1112,0.0151,0.0151,0.1112,0.0151,0.0151,0.0151",1.0
intrusion-detection,p20,30,7,4,2,0,6,"4,5,6,6,0,6,1,0,3,6,5,1,6,3,5,5,3,6,5,5","0.0062,0.0023,0.0008,0.0008,0.3380,0.0008,0.1243,0.3380,0.0168,0.0008,0.0023,0.1243,0.0008,0.0168,0.0023,0.0023,0.0168,0.0008,0.0023,0.0023",1.0
intrusion-detection,p20,50,7,4,2,0,9,"7,5,9,9,0,9,4,0,6,9,5,4,9,6,6,5,6,9,6,6","0.0004,0.0032,0.0001,0.0001,0.4823,0.0001,0.0088,0.4823,0.0012,0.0001,0.0032,0.0088,0.0001,0.0012,0.0012,0.0032,0.0012,0.0001,0.0012,0.0012",1.0
intrusion-detection,p20,70,7,7,1,1,12,"9,6,12,12,1,12,7,0,9,12,5,7,11,9,9,6,9,12,9,9","0.0001,0.0018,0.0000,0.0000,0.2661,0.0000,0.0007,0.7234,0.0001,0.0000,0.0049,0.0007,0.0000,0.0001,0.0001,0.0018,0.0001,0.0000,0.0001,0.0001",1.0
intrusion-detection,p20,100,7,7,1,1,17,"14,11,17,17,6,17,12,0,14,17,5,12,11,14,14,11,14,17,14,14","0.0000,0.0000,0.0000,0.0000,0.0025,0.0000,0.0000,0.9908,0.0000,0.0000,0.0067,0.0000,0.0000,0.0000,0.0000,0.0000,0.0000,0.0000,0.0000,0.0000",1.0
intrusion-detection,p20,10,8,6,6,0,2,"1,2,2,2,2,2,0,2,0,2,2,0,2,0,2,0,2,0,2,2","0.0453,0.0167,0.0167,0.0167,0.0167,0.0167,0.1230,0.0167,0.1230,0.0167,0.0167,0.1230,0.0167,0.1230,0.0167,0.1230,0.0167,0.1230,0.0167,0.0167",1.0
intrusion-detection,p20,30,8,6,4,0,5,"4,5,5,5,5,5,0,5,0,5,5,0,5,0,5,2,5,2,5,5","0.0042,0.0015,0.0015,0.0015,0.0015,0.0015,0.2285,0.0015,0.2285,0.0015,0.0015,0.2285,0.0015,0.2285,0.0015,0.0309,0.0015,0.0309,0.0015,0.0015",1.0
intrusion-detection,p20,50,8,8,1,1,8,"6,8,8,8,6,8,3,8,0,8,8,3,8,3,8,5,6,5,8,8","0.0021,0.0003,0.0003,0.0003,0.0021,0.0003,0.0424,0.0003,0.8518,0.0003,0.0003,0.0424,0.0003,0.0424,0.0003,0.0057,0.0021,0.0057,0.0003,0.0003",1.0
intrusion-detection,p20,70,8,8,1,1,12,"9,12,12,12,7,12,5,10,0,12,12,5,12,5,12,9,7,9,12,12","0.0001,0.0000,0.0000,0.0000,0.0009,0.0000,0.0066,0.0000,0.9780,0.0000,0.0000,0.0066,0.0000,0.0066,0.0000,0.0001,0.0009,0.0001,0.0000,0.0000",1.0
intrusion-detection,p20,100,8,8,1,1,16,"13,16,16,16,10,16,8,13,0,16,16,8,16,5,16,13,7,13,16,16","0.0000,0.0000,0.0000,0.0000,0.0000,0.0000,0.0003,0.0000,0.9917,0.0000,0.0000,0.0003,0.0000,0.0067,0.0000,0.0000,0.0009,0.0000,0.0000,0.0000",1.0
intrusion-detection,p20,10,9,5,7,0,2,"1,2,2,2,2,0,0,2,2,0,2,2,0,2,0,2,0,2,0,2","0.0409,0.0151,0.0151,0.0151,0.0151,0.1112,0.1112,0.0151,0.0151,0.1112,0.0151,0.0151,0.1112,0.0151,0.1112,0.0151,0.1112,0.0151,0.1112,0.0151",1.0
intrusion-detection,p20,30,9,9,1,1,6,"4,5,5,6,6,3,1,6,6,0,6,5,3,6,3,6,1,6,3,6","0.0092,0.0034,0.0034,0.0012,0.0012,0.0249,0.1843,0.0012,0.0012,0.5011,0.0012,0.0034,0.0249,0.0012,0.0249,0.0012,0.1843,0.0012,0.0249,0.0012",1.0
intrusion-detection,p20,50,9,9,1,1,9,"7,5,6,9,9,6,4,9,9,0,9,6,6,9,6,9,4,9,6,9","0.0009,0.0064,0.0023,0.0001,0.0001,0.0023,0.0173,0.0001,0.0001,0.9432,0.0001,0.0023,0.0023,0.0001,0.0023,0.0001,0.0173,0.0001,0.0023,0.0001",1.0
intrusion-detection,p20,70,9,9,1,1,12,"9,6,9,12,12,8,7,12,12,0,12,9,9,12,8,11,7,11,9,11","0.0001,0.0025,0.0001,0.0000,0.0000,0.0003,0.0009,0.0000,0.0000,0.9944,0.0000,0.0001,0.0001,0.0000,0.0003,0.0000,0.0009,0.0000,0.0001,0.0000",1.0
intrusion-detection,p20,100,9,9,1,1,17,"14,11,14,17,17,8,12,17,17,0,17,14,14,17,11,14,12,14,14,11","0.0000,0.0000,0.0000,0.0000,0.0000,0.0003,0.0000,0.0000,0.0000,0.9996,0.0000,0.0000,0.0000,0.0000,0.0000,0.0000,0.0000,0.0000,0.0000,0.0000",1.0
intrusion-detection,p20,10,10,0,3,0,2,"0,1,2,2,1,2,2,0,2,2,0,2,1,2,1,1,2,2,1,1","0.1443,0.0531,0.0195,0.0195,0.0531,0.0195,0.0195,0.1443,0.0195,0.0195,0.1443,0.0195,0.0531,0.0195,0.0531,0.0531,0.0195,0.0195,0.0531,0.0531",1.0
intrusion-detection,p20,30,10,10,1,1,6,"3,2,4,4,4,4,6,2,6,6,0,6,4,6,4,4,6,6,2,2","0.0287,0.0779,0.0105,0.0105,0.0105,0.0105,0.0014,0.0779,0.0014,0.0014,0.5758,0.0014,0.0105,0.0014,0.0105,0.0105,0.0014,0.0014,0.0779,0.0779",1.0
intrusion-detection,p20,50,10,10,1,1,9,"6,2,6,4,7,6,9,5,9,9,0,9,7,9,7,7,9,9,2,4","0.0019,0.1021,0.0019,0.0138,0.0007,0.0019,0.0001,0.0051,0.0001,0.0001,0.7542,0.0001,0.0007,0.0001,0.0007,0.0007,0.0001,0.0001,0.1021,0.0138",1.0
intrusion-detection,p20,70,10,10,1,1,13,"10,2,10,7,8,10,13,6,13,13,0,13,11,13,10,8,13,13,4,7","0.0000,0.1168,0.0000,0.0008,0.0003,0.0000,0.0000,0.0021,0.0000,0.0000,0.8629,0.0000,0.0000,0.0000,0.0000,0.0003,0.0000,0.0000,0.0158,0.0008",1.0
intrusion-detection,p20,100,10,10,1,1,18,"15,6,15,12,12,15,18,6,18,18,0,18,12,18,15,12,18,18,9,12","0.0000,0.0025,0.0000,0.0000,0.0000,0.0000,0.0000,0.0025,0.0000,0.0000,0.9949,0.0000,0.0000,0.0000,0.0000,0.0000,0.0000,0.0000,0.0001,0.0000",1.0
intrusion-detection,p20,10,11,0,2,0,2,"0,1,1,2,2,2,1,2,1,1,2,0,2,1,2,1,2,1,2,2","0.1588,0.0584,0.0584,0.0215,0.0215,0.0215,0.0584,0.0215,0.0584,0.0584,0.0215,0.1588,0.0215,0.0584,0.0215,0.0584,0.0215,0.0584,0.0215,0.0215",1.0
intrusion-detection,p20,30,11,11,1,1,5,"2,4,4,5,3,5,1,3,1,4,5,0,5,1,5,3,3,3,5,5","0.0523,0.0071,0.0071,0.0026,0.0192,0.0026,0.1420,0.0192,0.1420,0.0071,0.0026,0.3861,0.0026,0.1420,0.0026,0.0192,0.0192,0.0192,0.0026,0.0026",1.0
intrusion-detection,p20,50,11,11,1,1,8,"5,6,6,8,4,8,2,4,3,6,8,0,8,3,8,6,5,6,8,8","0.0052,0.0019,0.0019,0.0003,0.0141,0.0003,0.1041,0.0141,0.0383,0.0019,0.0003,0.7694,0.0003,0.0383,0.0003,0.0019,0.0052,0.0019,0.0003,0.0003",1.0
intrusion-detection,p20,70,11,11,1,1,11,"8,9,9,11,6,11,2,6,4,9,11,0,11,4,11,8,8,8,11,11","0.0003,0.0001,0.0001,0.0000,0.0021,0.0000,0.1148,0.0021,0.0155,0.0001,0.0000,0.8484,0.0000,0.0155,0.0000,0.0003,0.0003,0.0003,0.0000,0.0000",1.0
intrusion-detection,p20,100,11,11,1,1,15,"12,12,10,15,10,15,5,10,7,12,15,0,15,7,15,12,12,12,15,15","0.0000,0.0000,0.0000,0.0000,0.0000,0.0000,0.0067,0.0000,0.0009,0.0000,0.0000,0.9913,0.0000,0.0009,0.0000,0.0000,0.0000,0.0000,0.0000,0.0000",1.0
intrusion-detection,p20,10,12,0,2,0,2,"0,2,1,1,2,2,2,1,2,2,1,2,0,2,2,2,2,1,2,2","0.1786,0.0242,0.0657,0.0657,0.0242,0.0242,0.0242,0.0657,0.0242,0.0242,0.0657,0.0242,0.1786,0.0242,0.0242,0.0242,0.0242,0.0657,0.0242,0.0242",1.0
intrusion-detection,p20,30,12,12,1,1,6,"3,6,4,4,6,4,4,4,6,4,4,6,0,6,4,6,4,4,4,6","0.0392,0.0020,0.0144,0.0144,0.0020,0.0144,0.0144,0.0144,0.0020,0.0144,0.0144,0.0020,0.7883,0.0020,0.0144,0.0020,0.0144,0.0144,0.0144,0.0020",1.0
intrusion-detection,p20,50,12,12,1,1,9,"6,9,7,7,9,4,6,7,9,6,7,9,0,9,4,9,6,7,4,9","0.0023,0.0001,0.0009,0.0009,0.0001,0.0171,0.0023,0.0009,0.0001,0.0023,0.0009,0.0001,0.9343,0.0001,0.0171,0.0001,0.0023,0.0009,0.0171,0.0001",1.0
intrusion-detection,p20,70,12,12,1,1,12,"9,12,8,9,12,6,9,10,12,9,10,12,0,12,6,12,9,9,6,12","0.0001,0.0000,0.0003,0.0001,0.0000,0.0025,0.0001,0.0000,0.0000,0.0001,0.0000,0.0000,0.9914,0.0000,0.0025,0.0000,0.0001,0.0001,0.0025,0.0000",1.0
intrusion-detection,p20,100,12,12,1,1,17,"14,17,12,14,17,11,14,11,17,14,11,17,0,17,11,17,14,14,11,17","0.0000,0.0000,0.0000,0.0000,0.0000,0.0000,0.0000,0.0000,0.0000,0.0000,0.0000,0.0000,0.9999,0.0000,0.0000,0.0000,0.0000,0.0000,0.0000,0.0000",1.0
intrusion-detection,p20,10,13,0,5,0,2,"0,2,2,2,1,2,0,1,0,2,2,0,2,0,2,1,1,1,2,2","0.1221,0.0165,0.0165,0.0165,0.0449,0.0165,0.1221,0.0449,0.1221,0.0165,0.0165,0.1221,0.0165,0.1221,0.0165,0.0449,0.0449,0.0449,0.0165,0.0165",1.0
intrusion-detection,p20,30,13,6,4,0,5,"3,5,5,5,2,5,0,2,0,5,5,0,5,0,5,3,2,3,5,5","0.0108,0.0015,0.0015,0.0015,0.0293,0.0015,0.2163,0.0293,0.2163,0.0015,0.0015,0.2163,0.0015,0.2163,0.0015,0.0108,0.0293,0.0108,0.0015,0.0015",1.0
intrusion-detection,p20,50,13,8,2,0,7,"5,7,7,7,4,7,2,4,0,7,7,2,7,0,7,5,2,5,7,7","0.0027,0.0004,0.0004,0.0004,0.0074,0.0004,0.0547,0.0074,0.4045,0.0004,0.0004,0.0547,0.0004,0.4045,0.0004,0.0027,0.0547,0.0027,0.0004,0.0004",1.0
intrusion-detection,p20,70,13,13,1,1,10,"8,10,10,10,7,10,4,7,1,10,10,4,10,0,10,6,4,6,10,10","0.0002,0.0000,0.0000,0.0000,0.0006,0.0000,0.0128,0.0006,0.2572,0.0000,0.0000,0.0128,0.0000,0.6991,0.0000,0.0017,0.0128,0.0017,0.0000,0.0000",1.0
intrusion-detection,p20,100,13,13,1,1,14,"12,14,14,14,11,14,6,11,3,14,14,6,14,0,14,8,8,8,14,14","0.0000,0.0000,0.0000,0.0000,0.0000,0.0000,0.0023,0.0000,0.0472,0.0000,0.0000,0.0023,0.0000,0.9472,0.0000,0.0003,0.0003,0.0003,0.0000,0.0000",1.0
intrusion-detection,p20,10,14,0,4,0,2,"0,1,2,2,1,1,2,1,2,1,1,2,2,2,0,0,2,1,1,0","0.1246,0.0458,0.0169,0.0169,0.0458,0.0458,0.0169,0.0458,0.0169,0.0458,0.0458,0.0169,0.0169,0.0169,0.1246,0.1246,0.0169,0.0458,0.0458,0.1246",1.0
intrusion-detection,p20,30,14,14,1,1,5,"2,4,5,5,4,1,3,4,5,1,4,5,3,5,0,2,3,3,2,2","0.0524,0.0071,0.0026,0.0026,0.0071,0.1424,0.0193,0.0071,0.0026,0.1424,0.0071,0.0026,0.0193,0.0026,0.3871,0.0524,0.0193,0.0193,0.0524,0.0524",1.0
intrusion-detection,p20,50,14,14,1,1,8,"5,6,8,8,6,2,5,6,8,3,6,8,4,8,0,4,5,6,2,4","0.0048,0.0018,0.0002,0.0002,0.0018,0.0960,0.0048,0.0018,0.0002,0.0353,0.0018,0.0002,0.0130,0.0002,0.7094,0.0130,0.0048,0.0018,0.0960,0.0130",1.0
intrusion-detection,p20,70,14,14,1,1,12,"9,10,12,12,10,3,9,10,12,6,10,12,6,12,0,6,9,8,4,7","0.0001,0.0000,0.0000,0.0000,0.0000,0.0462,0.0001,0.0000,0.0000,0.0023,0.0000,0.0000,0.0023,0.0000,0.9282,0.0023,0.0001,0.0003,0.0170,0.0008",1.0
intrusion-detection,p20,100,14,14,1,1,16,"13,13,16,16,13,7,13,13,16,10,13,16,10,16,0,8,13,11,5,8","0.0000,0.0000,0.0000,0.0000,0.0000,0.0009,0.0000,0.0000,0.0000,0.0000,0.0000,0.0000,0.0000,0.0000,0.9916,0.0003,0.0000,0.0000,0.0067,0.0003",1.0
intrusion-detection,p20,10,15,0,4,0,2,"0,1,2,2,1,1,2,1,2,1,1,2,2,2,0,0,2,1,1,0","0.1246,0.0458,0.0169,0.0169,0.0458,0.0458,0.0169,0.0458,0.0169,0.0458,0.0458,0.0169,0.0169,0.0169,0.1246,0.1246,0.0169,0.0458,0.0458,0.1246",1.0
intrusion-detection,p20,30,15,15,1,1,6,"3,4,6,6,4,4,4,4,4,4,4,4,6,4,2,0,6,2,4,2","0.0299,0.0110,0.0015,0.0015,0.0110,0.0110,0.0110,0.0110,0.0110,0.0110,0.0110,0.0110,0.0015,0.0110,0.0812,0.5998,0.0015,0.0812,0.0110,0.0812",1.0
intrusion-detection,p20,50,15,15,1,1,9,"6,7,9,9,7,7,6,7,6,7,7,6,9,4,5,0,9,2,7,5","0.0021,0.0008,0.0001,0.0001,0.0008,0.0008,0.0021,0.0008,0.0021,0.0008,0.0008,0.0021,0.0001,0.0155,0.0057,0.8447,0.0001,0.1143,0.0008,0.0057",1.0
intrusion-detection,p20,70,15,15,1,1,12,"9,10,12,12,10,9,9,10,9,9,10,9,12,6,6,0,12,2,10,7","0.0001,0.0000,0.0000,0.0000,0.0000,0.0001,0.0001,0.0000,0.0001,0.0001,0.0000,0.0001,0.0000,0.0022,0.0022,0.8755,0.0000,0.1185,0.0000,0.0008",1.0
intrusion-detection,p20,100,15,15,1,1,17,"14,11,17,17,11,14,14,11,14,14,11,14,17,11,9,0,17,6,14,11","0.0000,0.0000,0.0000,0.0000,0.0000,0.0000,0.0000,0.0000,0.0000,0.0000,0.0000,0.0000,0.0000,0.0000,0.0001,0.9973,0.0000,0.0025,0.0000,0.0000",1.0
intrusion-detection,p20,10,16,0,2,0,2,"0,2,2,2,1,1,1,2,1,1,2,2,1,2,1,2,0,2,1,2","0.1588,0.0215,0.0215,0.0215,0.0584,0.0584,0.0584,0.0215,0.0584,0.0584,0.0215,0.0215,0.0584,0.0215,0.0584,0.0215,0.1588,0.0215,0.0584,0.0215",1.0
intrusion-detection,p20,30,16,16,1,1,6,"3,6,6,6,2,4,2,4,2,4,6,4,4,4,4,6,0,6,4,6","0.0307,0.0015,0.0015,0.0015,0.0836,0.0113,0.0836,0.0113,0.0836,0.0113,0.0015,0.0113,0.0113,0.0113,0.0113,0.0015,0.6174,0.0015,0.0113,0.0015",1.0
intrusion-detection,p20,50,16,16,1,1,9,"6,9,9,9,4,7,4,6,2,7,9,6,7,4,7,9,0,9,7,9","0.0021,0.0001,0.0001,0.0001,0.0152,0.0008,0.0152,0.0021,0.1125,0.0008,0.0001,0.0021,0.0008,0.0152,0.0008,0.0001,0.8312,0.0001,0.0008,0.0001",1.0
intrusion-detection,p20,70,16,16,1,1,12,"9,12,12,12,5,10,7,9,3,10,12,9,10,6,10,12,0,12,10,12","0.0001,0.0000,0.0000,0.0000,0.0064,0.0000,0.0009,0.0001,0.0469,0.0000,0.0000,0.0001,0.0000,0.0023,0.0000,0.0000,0.9429,0.0000,0.0000,0.0000",1.0
intrusion-detection,p20,100,16,16,1,1,17,"14,17,17,17,8,14,9,14,8,12,17,14,14,11,14,17,0,17,14,17","0.0000,0.0000,0.0000,0.0000,0.0003,0.0000,0.0001,0.0000,0.0003,0.0000,0.0000,0.0000,0.0000,0.0000,0.0000,0.0000,0.9992,0.0000,0.0000,0.0000",1.0
intrusion-detection,p20,10,17,0,2,0,2,"0,2,1,1,2,1,2,2,2,1,2,2,1,2,1,1,2,0,2,1","0.1588,0.0215,0.0584,0.0584,0.0215,0.0584,0.0215,0.0215,0.0215,0.0584,0.0215,0.0215,0.0584,0.0215,0.0584,0.0584,0.0215,0.1588,0.0215,0.0584",1.0
intrusion-detection,p20,30,17,17,1,1,6,"3,6,4,4,6,4,4,6,4,4,6,4,4,4,4,2,6,0,6,4","0.0355,0.0018,0.0131,0.0131,0.0018,0.0131,0.0131,0.0018,0.0131,0.0131,0.0018,0.0131,0.0131,0.0131,0.0131,0.0966,0.0018,0.7135,0.0018,0.0131",1.0
intrusion-detection,p20,50,17,17,1,1,9,"6,9,7,7,9,7,6,9,6,7,9,6,7,4,7,2,9,0,9,7","0.0021,0.0001,0.0008,0.0008,0.0001,0.0008,0.0021,0.0001,0.0021,0.0008,0.0001,0.0021,0.0008,0.0156,0.0008,0.1156,0.0001,0.8542,0.0001,0.0008",1.0
intrusion-detection,p20,70,17,17,1,1,12,"9,12,9,8,12,10,9,12,9,10,12,9,9,6,10,4,12,0,12,10","0.0001,0.0000,0.0001,0.0003,0.0000,0.0000,0.0001,0.0000,0.0001,0.0000,0.0000,0.0001,0.0001,0.0024,0.0000,0.0179,0.0000,0.9784,0.0000,0.0000",1.0
intrusion-detection,p20,100,17,17,1,1,17,"14,17,14,11,17,14,14,17,14,14,17,14,14,11,12,6,17,0,17,14","0.0000,0.0000,0.0000,0.0000,0.0000,0.0000,0.0000,0.0000,0.0000,0.0000,0.0000,0.0000,0.0000,0.0000,0.0000,0.0025,0.0000,0.9975,0.0000,0.0000",1.0
intrusion-detection,p20,10,18,0,3,0,2,"0,1,2,2,1,1,1,1,2,1,1,2,1,2,0,1,1,2,0,1","0.1272,0.0468,0.0172,0.0172,0.0468,0.0468,0.0468,0.0468,0.0172,0.0468,0.0468,0.0172,0.0468,0.0172,0.1272,0.0468,0.0468,0.0172,0.1272,0.0468",1.0
intrusion-detection,p20,30,18,18,1,1,6,"3,2,4,4,4,2,4,4,6,4,2,6,4,6,2,4,4,6,0,2","0.0262,0.0712,0.0096,0.0096,0.0096,0.0712,0.0096,0.0096,0.0013,0.0096,0.0712,0.0013,0.0096,0.0013,0.0712,0.0096,0.0096,0.0013,0.5260,0.0712",1.0
intrusion-detection,p20,50,18,18,1,1,9,"6,2,6,4,7,4,7,7,9,7,2,9,7,9,5,7,7,9,0,4","0.0018,0.1007,0.0018,0.0136,0.0007,0.0136,0.0007,0.0007,0.0001,0.0007,0.1007,0.0001,0.0007,0.0001,0.0050,0.0007,0.0007,0.0001,0.7439,0.0136",1.0
intrusion-detection,p20,70,18,18,1,1,12,"9,4,9,6,10,5,9,10,12,9,4,12,8,12,6,10,9,12,0,7","0.0001,0.0174,0.0001,0.0024,0.0000,0.0064,0.0001,0.0000,0.0000,0.0001,0.0174,0.0000,0.0003,0.0000,0.0024,0.0000,0.0001,0.0000,0.9521,0.0009",1.0
intrusion-detection,p20,100,18,18,1,1,17,"14,8,14,11,14,8,14,14,17,14,8,17,11,17,6,14,14,17,0,9","0.0000,0.0003,0.0000,0.0000,0.0000,0.0003,0.0000,0.0000,0.0000,0.0000,0.0003,0.0000,0.0000,0.0000,0.0025,0.0000,0.0000,0.0000,0.9964,0.0001",1.0
intrusion-detection,p20,10,19,0,4,0,2,"0,1,2,2,1,1,2,1,2,1,1,2,2,2,0,0,2,1,1,0","0.1246,0.0458,0.0169,0.0169,0.0458,0.0458,0.0169,0.0458,0.0169,0.0458,0.0458,0.0169,0.0169,0.0169,0.1246,0.1246,0.0169,0.0458,0.0458,0.1246",1.0
intrusion-detection,p20,30,19,19,1,1,5,"2,2,3,3,4,1,5,4,5,3,2,5,5,5,2,2,5,3,2,0","0.0551,0.0551,0.0203,0.0203,0.0075,0.1498,0.0027,0.0075,0.0027,0.0203,0.0551,0.0027,0.0027,0.0027,0.0551,0.0551,0.0027,0.0203,0.0551,0.4071",1.0
intrusion-detection,p20,50,19,19,1,1,8,"5,3,4,4,6,2,8,6,8,6,3,8,8,8,4,4,8,6,3,0","0.0049,0.0362,0.0133,0.0133,0.0018,0.0983,0.0002,0.0018,0.0002,0.0018,0.0362,0.0002,0.0002,0.0002,0.0133,0.0133,0.0002,0.0018,0.0362,0.7264",1.0
intrusion-detection,p20,70,19,19,1,1,12,"9,7,7,7,10,2,12,10,12,7,7,12,12,12,7,7,12,9,7,0","0.0001,0.0008,0.0008,0.0008,0.0000,0.1184,0.0000,0.0000,0.0000,0.0008,0.0008,0.0000,0.0000,0.0000,0.0008,0.0008,0.0000,0.0001,0.0008,0.8749",1.0
intrusion-detection,p20,100,19,19,1,1,16,"13,10,11,11,13,5,16,13,16,10,10,16,16,16,8,10,16,13,8,0","0.0000,0.0000,0.0000,0.0000,0.0000,0.0067,0.0000,0.0000,0.0000,0.0000,0.0000,0.0000,0.0000,0.0000,0.0003,0.0000,0.0000,0.0000,0.0003,0.9924",1.0
kitchen,kitchen_h0_r10_i2,10,0,0,1,1,2,"0,1,1","0.5761,0.2119,0.2119",1.0
kitchen,kitchen_h0_r10_i2,30,0,0,1,1,6,"0,5,5","0.9867,0.0066,0.0066",1.0
kitchen,kitchen_h0_r10_i2,50,0,0,1,1,10,"0,9,9","0.9998,0.0001,0.0001",1.0
kitchen,kitchen_h0_r10_i2,70,0,0,1,1,14,"0,13,13","1.0000,0.0000,0.0000",1.0
kitchen,kitchen_h0_r10_i2,100,0,0,1,1,19,"1,19,19","1.0000,0.0000,0.0000",1.0
kitchen,kitchen_h0_r10_i2,10,1,0,3,0,1,"0,0,0","0.3333,0.3333,0.3333",1.0
kitchen,kitchen_h0_r10_i2,30,1,1,2,1,2,"1,0,0","0.1554,0.4223,0.4223",1.0
kitchen,kitchen_h0_r10_i2,50,1,1,1,1,3,"2,0,1","0.0900,0.6652,0.2447",1.0
kitchen,kitchen_h0_r10_i2,70,1,1,1,1,5,"4,0,1","0.0132,0.7214,0.2654",1.0
kitchen,kitchen_h0_r10_i2,100,1,1,1,1,6,"5,0,2","0.0059,0.8756,0.1185",1.0
kitchen,kitchen_h0_r10_i2,10,2,0,2,0,1,"0,1,0","0.4223,0.1554,0.4223",1.0
kitchen,kitchen_h0_r10_i2,30,2,2,1,1,2,"1,1,0","0.2119,0.2119,0.5761",1.0
kitchen,kitchen_h0_r10_i2,50,2,2,1,1,3,"2,2,0","0.1065,0.1065,0.7870",1.0
kitchen,kitchen_h0_r10_i2,70,2,2,1,1,4,"4,4,1","0.0453,0.0453,0.9094",1.0
kitchen,kitchen_h0_r10_i2,100,2,2,1,1,5,"5,5,1","0.0177,0.0177,0.9647",1.0
kitchen,kitchen_h0_r10_i3,10,0,0,1,1,2,"0,1,1","0.5761,0.2119,0.2119",1.0
kitchen,kitchen_h0_r10_i3,30,0,0,1,1,6,"0,5,5","0.9867,0.0066,0.0066",1.0
kitchen,kitchen_h0_r10_i3,50,0,0,1,1,10,"0,9,9","0.9998,0.0001,0.0001",1.0
kitchen,kitchen_h0_r10_i3,70,0,0,1,1,14,"0,13,13","1.0000,0.0000,0.0000",1.0
kitchen,kitchen_h0_r10_i3,100,0,0,1,1,19,"1,19,19","1.0000,0.0000,0.0000",1.0
kitchen,kitchen_h0_r10_i3,10,1,0,3,0,1,"0,0,0","0.3333,0.3333,0.3333",1.0
kitchen,kitchen_h0_r10_i3,30,1,1,2,1,2,"1,0,0","0.1554,0.4223,0.4223",1.0
kitchen,kitchen_h0_r10_i3,50,1,1,1,1,3,"2,0,1","0.0900,0.6652,0.2447",1.0
kitchen,kitchen_h0_r10_i3,70,1,1,1,1,5,"4,0,1","0.0132,0.7214,0.2654",1.0
kitchen,kitchen_h0_r10_i3,100,1,1,1,1,6,"5,0,2","0.0059,0.8756,0.1185",1.0
kitchen,kitchen_h0_r10_i3,10,2,0,2,0,1,"0,1,0","0.4223,0.1554,0.4223",1.0
kitchen,kitchen_h0_r10_i3,30,2,2,1,1,2,"1,1,0","0.2119,0.2119,0.5761",1.0
kitchen,kitchen_h0_r10_i3,50,2,2,1,1,3,"2,2,0","0.1065,0.1065,0.7870",1.0
kitchen,kitchen_h0_r10_i3,70,2,2,1,1,4,"4,4,1","0.0453,0.0453,0.9094",1.0
kitchen,kitchen_h0_r10_i3,100,2,2,1,1,5,"5,5,1","0.0177,0.0177,0.9647",1.0
kitchen,kitchen_h0_r10_i4,10,0,0,1,1,2,"0,1,1","0.5761,0.2119,0.2119",1.0
kitchen,kitchen_h0_r10_i4,30,0,0,1,1,6,"0,5,5","0.9867,0.0066,0.0066",1.0
kitchen,kitchen_h0_r10_i4,50,0,0,1,1,10,"0,9,9","0.9998,0.0001,0.0001",1.0
kitchen,kitchen_h0_r10_i4,70,0,0,1,1,14,"0,13,13","1.0000,0.0000,0.0000",1.0
kitchen,kitchen_h0_r10_i4,100,0,0,1,1,19,"1,19,19","1.0000,0.0000,0.0000",1.0
kitchen,kitchen_h0_r10_i4,10,1,0,3,0,1,"0,0,0","0.3333,0.3333,0.3333",1.0
kitchen,kitchen_h0_r10_i4,30,1,1,2,1,2,"1,0,0","0.1554,0.4223,0.4223",1.0
kitchen,kitchen_h0_r10_i4,50,1,1,1,1,3,"2,0,1","0.0900,0.6652,0.2447",1.0
kitchen,kitchen_h0_r10_i4,70,1,1,1,1,5,"4,0,1","0.0132,0.7214,0.2654",1.0
kitchen,kitchen_h0_r10_i4,100,1,1,1,1,6,"5,0,2","0.0059,0.8756,0.1185",1.0
kitchen,kitchen_h0_r10_i4,10,2,0,2,0,1,"0,1,0","0.4223,0.1554,0.4223",1.0
kitchen,kitchen_h0_r10_i4,30,2,2,1,1,2,"1,1,0","0.2119,0.2119,0.5761",1.0
kitchen,kitchen_h0_r10_i4,50,2,2,1,1,3,"2,2,0","0.1065,0.1065,0.7870",1.0
kitchen,kitchen_h0_r10_i4,70,2,2,1,1,4,"4,4,1","0.0453,0.0453,0.9094",1.0
kitchen,kitchen_h0_r10_i4,100,2,2,1,1,5,"5,5,1","0.0177,0.0177,0.9647",1.0
kitchen,kitchen_h0_r10_i6,10,0,0,1,1,2,"0,1,1","0.5761,0.2119,0.2119",1.0
kitchen,kitchen_h0_r10_i6,30,0,0,1,1,6,"0,5,5","0.9867,0.0066,0.0066",1.0
kitchen,kitchen_h0_r10_i6,50,0,0,1,1,10,"0,9,9","0.9998,0.0001,0.0001",1.0
kitchen,kitchen_h0_r10_i6,70,0,0,1,1,14,"0,13,13","1.0000,0.0000,0.0000",1.0
kitchen,kitchen_h0_r10_i6,100,0,0,1,1,19,"1,19,19","1.0000,0.0000,0.0000",1.0
kitchen,kitchen_h0_r10_i6,10,1,0,3,0,1,"0,0,0","0.3333,0.3333,0.3333",1.0
kitchen,kitchen_h0_r10_i6,30,1,1,2,1,2,"1,0,0","0.1554,0.4223,0.4223",1.0
kitchen,kitchen_h0_r10_i6,50,1,1,1,1,3,"2,0,1","0.0900,0.6652,0.2447",1.0
kitchen,kitchen_h0_r10_i6,70,1,1,1,1,5,"4,0,1","0.0132,0.7214,0.2654",1.0
kitchen,kitchen_h0_r10_i6,100,1,1,1,1,6,"5,0,2","0.0059,0.8756,0.1185",1.0
kitchen,kitchen_h0_r10_i6,10,2,0,2,0,1,"0,1,0","0.4223,0.1554,0.4223",1.0
kitchen,kitchen_h0_r10_i6,30,2,2,1,1,2,"1,1,0","0.2119,0.2119,0.5761",1.0
kitchen,kitchen_h0_r10_i6,50,2,2,1,1,3,"2,2,0","0.1065,0.1065,0.7870",1.0
kitchen,kitchen_h0_r10_i6,70,2,2,1,1,4,"4,4,1","0.0453,0.0453,0.9094",1.0
kitchen,kitchen_h0_r10_i6,100,2,2,1,1,5,"5,5,1","0.0177,0.0177,0.9647",1.0
kitchen,kitchen_h0_r10_i7,10,0,0,1,1,2,"0,1,1","0.5761,0.2119,0.2119",1.0
kitchen,kitchen_h0_r10_i7,30,0,0,1,1,6,"0,5,5","0.9867,0.0066,0.0066",1.0
kitchen,kitchen_h0_r10_i7,50,0,0,1,1,10,"0,9,9","0.9998,0.0001,0.0001",1.0
kitchen,kitchen_h0_r10_i7,70,0,0,1,1,14,"0,13,13","1.0000,0.0000,0.0000",1.0
kitchen,kitchen_h0_r10_i7,100,0,0,1,1,19,"1,19,19","1.0000,0.0000,0.0000",1.0
kitchen,kitchen_h0_r10_i7,10,1,0,3,0,1,"0,0,0","0.3333,0.3333,0.3333",1.0
kitchen,kitchen_h0_r10_i7,30,1,1,2,1,2,"1,0,0","0.1554,0.4223,0.4223",1.0
kitchen,kitchen_h0_r10_i7,50,1,1,1,1,3,"2,0,1","0.0900,0.6652,0.2447",1.0
kitchen,kitchen_h0_r10_i7,70,1,1,1,1,5,"4,0,1","0.0132,0.7214,0.2654",1.0
kitchen,kitchen_h0_r10_i7,100,1,1,1,1,6,"5,0,2","0.0059,0.8756,0.1185",1.0
kitchen,kitchen_h0_r10_i7,10,2,0,2,0,1,"0,1,0","0.4223,0.1554,0.4223",1.0
kitchen,kitchen_h0_r10_i7,30,2,2,1,1,2,"1,1,0","0.2119,0.2119,0.5761",1.0
kitchen,kitchen_h0_r10_i7,50,2,2,1,1,3,"2,2,0","0.1065,0.1065,0.7870",1.0
kitchen,kitchen_h0_r10_i7,70,2,2,1,1,4,"4,4,1","0.0453,0.0453,0.9094",1.0
kitchen,kitchen_h0_r10_i7,100,2,2,1,1,5,"5,5,1","0.0177,0.0177,0.9647",1.0
kitchen,kitchen_h0_r10_i8,10,0,0,1,1,2,"0,1,1","0.5761,0.2119,0.2119",1.0
kitchen,kitchen_h0_r10_i8,30,0,0,1,1,6,"0,5,5","0.9867,0.0066,0.0066",1.0
kitchen,kitchen_h0_r10_i8,50,0,0,1,1,10,"0,9,9","0.9998,0.0001,0.0001",1.0
kitchen,kitchen_h0_r10_i8,70,0,0,1,1,14,"0,13,13","1.0000,0.0000,0.0000",1.0
kitchen,kitchen_h0_r10_i8,100,0,0,1,1,19,"1,19,19","1.0000,0.0000,0.0000",1.0
kitchen,kitchen_h0_r10_i8,10,1,0,3,0,1,"0,0,0","0.3333,0.3333,0.3333",1.0
kitchen,kitchen_h0_r10_i8,30,1,1,2,1,2,"1,0,0","0.1554,0.4223,0.4223",1.0
kitchen,kitchen_h0_r10_i8,50,1,1,1,1,3,"2,0,1","0.0900,0.6652,0.2447",1.0
kitchen,kitchen_h0_r10_i8,70,1,1,1,1,5,"4,0,1","0.0132,0.7214,0.2654",1.0
kitchen,kitchen_h0_r10_i8,100,1,1,1,1,6,"5,0,2","0.0059,0.8756,0.1185",1.0
kitchen,kitchen_h0_r10_i8,10,2,0,2,0,1,"0,1,0","0.4223,0.1554,0.4223",1.0
kitchen,kitchen_h0_r10_i8,30,2,2,1,1,2,"1,1,0","0.2119,0.2119,0.5761",1.0
kitchen,kitchen_h0_r10_i8,50,2,2,1,1,3,"2,2,0","0.1065,0.1065,0.7870",1.0
kitchen,kitchen_h0_r10_i8,70,2,2,1,1,4,"4,4,1","0.0453,0.0453,0.9094",1.0
kitchen,kitchen_h0_r10_i8,100,2,2,1,1,5,"5,5,1","0.0177,0.0177,0.9647",1.0
kitchen,kitchen_h0_r30_i0,10,0,0,1,1,2,"0,1,1","0.5761,0.2119,0.2119",1.0
kitchen,kitchen_h0_r30_i0,30,0,0,1,1,6,"0,5,5","0.9867,0.0066,0.0066",1.0
kitchen,kitchen_h0_r30_i0,50,0,0,1,1,10,"0,9,9","0.9998,0.0001,0.0001",1.0
kitchen,kitchen_h0_r30_i0,70,0,0,1,1,14,"0,13,13","1.0000,0.0000,0.0000",1.0
kitchen,kitchen_h0_r30_i0,100,0,0,1,1,19,"1,19,19","1.0000,0.0000,0.0000",1.0
kitchen,kitchen_h0_r30_i0,10,1,0,3,0,1,"0,0,0","0.3333,0.3333,0.3333",1.0
kitchen,kitchen_h0_r30_i0,30,1,1,2,1,2,"1,0,0","0.1554,0.4223,0.4223",1.0
kitchen,kitchen_h0_r30_i0,50,1,1,1,1,3,"2,0,1","0.0900,0.6652,0.2447",1.0
kitchen,kitchen_h0_r30_i0,70,1,1,1,1,5,"4,0,1","0.0132,0.7214,0.2654",1.0
kitchen,kitchen_h0_r30_i0,100,1,1,1,1,6,"5,0,2","0.0059,0.8756,0.1185",1.0
kitchen,kitchen_h0_r30_i0,10,2,0,2,0,1,"0,1,0","0.4223,0.1554,0.4223",1.0
kitchen,kitchen_h0_r30_i0,30,2,2,1,1,2,"1,1,0","0.2119,0.2119,0.5761",1.0
kitchen,kitchen_h0_r30_i0,50,2,2,1,1,3,"2,2,0","0.1065,0.1065,0.7870",1.0
kitchen,kitchen_h0_r30_i0,70,2,2,1,1,4,"4,4,1","0.0453,0.0453,0.9094",1.0
kitchen,kitchen_h0_r30_i0,100,2,2,1,1,5,"5,5,1","0.0177,0.0177,0.9647",1.0
kitchen,kitchen_h0_r30_i2,10,0,0,1,1,2,"0,1,1","0.5761,0.2119,0.2119",1.0
kitchen,kitchen_h0_r30_i2,30,0,0,1,1,6,"0,5,5","0.9867,0.0066,0.0066",1.0
kitchen,kitchen_h0_r30_i2,50,0,0,1,1,10,"0,9,9","0.9998,0.0001,0.0001",1.0
kitchen,kitchen_h0_r30_i2,70,0,0,1,1,14,"0,13,13","1.0000,0.0000,0.0000",1.0
kitchen,kitchen_h0_r30_i2,100,0,0,1,1,19,"1,19,19","1.0000,0.0000,0.0000",1.0
kitchen,kitchen_h0_r30_i2,10,1,0,3,0,1,"0,0,0","0.3333,0.3333,0.3333",1.0
kitchen,kitchen_h0_r30_i2,30,1,1,2,1,2,"1,0,0","0.1554,0.4223,0.4223",1.0
kitchen,kitchen_h0_r30_i2,50,1,1,1,1,3,"2,0,1","0.0900,0.6652,0.2447",1.0
kitchen,kitchen_h0_r30_i2,70,1,1,1,1,5,"4,0,1","0.0132,0.7214,0.2654",1.0
kitchen,kitchen_h0_r30_i2,100,1,1,1,1,6,"5,0,2","0.0059,0.8756,0.1185",1.0
kitchen,kitchen_h0_r30_i2,10,2,0,2,0,1,"0,1,0","0.4223,0.1554,0.4223",1.0
kitchen,kitchen_h0_r30_i2,30,2,2,1,1,2,"1,1,0","0.2119,0.2119,0.5761",1.0
kitchen,kitchen_h0_r30_i2,50,2,2,1,1,3,"2,2,0","0.1065,0.1065,0.7870",1.0
kitchen,kitchen_h0_r30_i2,70,2,2,1,1,4,"4,4,1","0.0453,0.0453,0.9094",1.0
kitchen,kitchen_h0_r30_i2,100,2,2,1,1,5,"5,5,1","0.0177,0.0177,0.9647",1.0
kitchen,kitchen_h0_r30_i3,10,0,0,1,1,2,"0,1,1","0.5761,0.2119,0.2119",1.0
kitchen,kitchen_h0_r30_i3,30,0,0,1,1,6,"0,5,5","0.9867,0.0066,0.0066",1.0
kitchen,kitchen_h0_r30_i3,50,0,0,1,1,10,"0,9,9","0.9998,0.0001,0.0001",1.0
kitchen,kitchen_h0_r30_i3,70,0,0,1,1,14,"0,13,13","1.0000,0.0000,0.0000",1.0
kitchen,kitchen_h0_r30_i3,100,0,0,1,1,19,"1,19,19","1.0000,0.0000,0.0000",1.0
kitchen,kitchen_h0_r30_i3,10,1,0,3,0,1,"0,0,0","0.3333,0.3333,0.3333",1.0
kitchen,kitchen_h0_r30_i3,30,1,1,2,1,2,"1,0,0","0.1554,0.4223,0.4223",1.0
kitchen,kitchen_h0_r30_i3,50,1,1,1,1,3,"2,0,1","0.0900,0.6652,0.2447",1.0
kitchen,kitchen_h0_r30_i3,70,1,1,1,1,5,"4,0,1","0.0132,0.7214,0.2654",1.0
kitchen,kitchen_h0_r30_i3,100,1,1,1,1,6,"5,0,2","0.0059,0.8756,0.1185",1.0
kitchen,kitchen_h0_r30_i3,10,2,0,2,0,1,"0,1,0","0.4223,0.1554,0.4223",1.0
kitchen,kitchen_h0_r30_i3,30,2,2,1,1,2,"1,1,0","0.2119,0.2119,0.5761",1.0
kitchen,kitchen_h0_r30_i3,50,2,2,1,1,3,"2,2,0","0.1065,0.1065,0.7870",1.0
kitchen,kitchen_h0_r30_i3,70,2,2,1,1,4,"4,4,1","0.0453,0.0453,0.9094",1.0
kitchen,kitchen_h0_r30_i3,100,2,2,1,1,5,"5,5,1","0.0177,0.0177,0.9647",1.0
kitchen,kitchen_h0_r50_i6,10,0,0,1,1,2,"0,1,1","0.5761,0.2119,0.2119",1.0
kitchen,kitchen_h0_r50_i6,30,0,0,1,1,6,"0,5,5","0.9867,0.0066,0.0066",1.0
kitchen,kitchen_h0_r50_i6,50,0,0,1,1,10,"0,9,9","0.9998,0.0001,0.0001",1.0
kitchen,kitchen_h0_r50_i6,70,0,0,1,1,14,"0,13,13","1.0000,0.0000,0.0000",1.0
kitchen,kitchen_h0_r50_i6,100,0,0,1,1,19,"1,19,19","1.0000,0.0000,0.0000",1.0
kitchen,kitchen_h0_r50_i6,10,1,0,3,0,1,"0,0,0","0.3333,0.3333,0.3333",1.0
kitchen,kitchen_h0_r50_i6,30,1,1,2,1,2,"1,0,0","0.1554,0.4223,0.4223",1.0
kitchen,kitchen_h0_r50_i6,50,1,1,1,1,3,"2,0,1","0.0900,0.6652,0.2447",1.0
kitchen,kitchen_h0_r50_i6,70,1,1,1,1,5,"4,0,1","0.0132,0.7214,0.2654",1.0
kitchen,kitchen_h0_r50_i6,100,1,1,1,1,6,"5,0,2","0.0059,0.8756,0.1185",1.0
kitchen,kitchen_h0_r50_i6,10,2,0,2,0,1,"0,1,0","0.4223,0.1554,0.4223",1.0
kitchen,kitchen_h0_r50_i6,30,2,2,1,1,2,"1,1,0","0.2119,0.2119,0.5761",1.0
kitchen,kitchen_h0_r50_i6,50,2,2,1,1,3,"2,2,0","0.1065,0.1065,0.7870",1.0
kitchen,kitchen_h0_r50_i6,70,2,2,1,1,4,"4,4,1","0.0453,0.0453,0.9094",1.0
kitchen,kitchen_h0_r50_i6,100,2,2,1,1,5,"5,5,1","0.0177,0.0177,0.9647",1.0
kitchen,kitchen_h0_r50_i7,10,0,0,1,1,2,"0,1,1","0.5761,0.2119,0.2119",1.0
kitchen,kitchen_h0_r50_i7,30,0,0,1,1,6,"0,5,5","0.9867,0.0066,0.0066",1.0
kitchen,kitchen_h0_r50_i7,50,0,0,1,1,10,"0,9,9","0.9998,0.0001,0.0001",1.0
kitchen,kitchen_h0_r50_i7,70,0,0,1,1,14,"0,13,13","1.0000,0.0000,0.0000",1.0
kitchen,kitchen_h0_r50_i7,100,0,0,1,1,19,"1,19,19","1.0000,0.0000,0.0000",1.0
kitchen,kitchen_h0_r50_i7,10,1,0,3,0,1,"0,0,0","0.3333,0.3333,0.3333",1.0
kitchen,kitchen_h0_r50_i7,30,1,1,2,1,2,"1,0,0","0.1554,0.4223,0.4223",1.0
kitchen,kitchen_h0_r50_i7,50,1,1,1,1,3,"2,0,1","0.0900,0.6652,0.2447",1.0
kitchen,kitchen_h0_r50_i7,70,1,1,1,1,5,"4,0,1","0.0132,0.7214,0.2654",1.0
kitchen,kitchen_h0_r50_i7,100,1,1,1,1,6,"5,0,2","0.0059,0.8756,0.1185",1.0
kitchen,kitchen_h0_r50_i7,10,2,0,2,0,1,"0,1,0","0.4223,0.1554,0.4223",1.0
kitchen,kitchen_h0_r50_i7,30,2,2,1,1,2,"1,1,0","0.2119,0.2119,0.5761",1.0
kitchen,kitchen_h0_r50_i7,50,2,2,1,1,3,"2,2,0","0.1065,0.1065,0.7870",1.0
kitchen,kitchen_h0_r50_i7,70,2,2,1,1,4,"4,4,1","0.0453,0.0453,0.9094",1.0
kitchen,kitchen_h0_r50_i7,100,2,2,1,1,5,"5,5,1","0.0177,0.0177,0.9647",1.0
kitchen,kitchen_h0_r50_i8,10,0,0,1,1,2,"0,1,1","0.5761,0.2119,0.2119",1.0
kitchen,kitchen_h0_r50_i8,30,0,0,1,1,6,"0,5,5","0.9867,0.0066,0.0066",1.0
kitchen,kitchen_h0_r50_i8,50,0,0,1,1,10,"0,9,9","0.9998,0.0001,0.0001",1.0
kitchen,kitchen_h0_r50_i8,70,0,0,1,1,14,"0,13,13","1.0000,0.0000,0.0000",1.0
kitchen,kitchen_h0_r50_i8,100,0,0,1,1,19,"1,19,19","1.0000,0.0000,0.0000",1.0
kitchen,kitchen_h0_r50_i8,10,1,0,3,0,1,"0,0,0","0.3333,0.3333,0.3333",1.0
kitchen,kitchen_h0_r50_i8,30,1,1,2,1,2,"1,0,0","0.1554,0.4223,0.4223",1.0
kitchen,kitchen_h0_r50_i8,50,1,1,1,1,3,"2,0,1","0.0900,0.6652,0.2447",1.0
kitchen,kitchen_h0_r50_i8,70,1,1,1,1,5,"4,0,1","0.0132,0.7214,0.2654",1.0
kitchen,kitchen_h0_r50_i8,100,1,1,1,1,6,"5,0,2","0.0059,0.8756,0.1185",1.0
kitchen,kitchen_h0_r50_i8,10,2,0,2,0,1,"0,1,0","0.4223,0.1554,0.4223",1.0
kitchen,kitchen_h0_r50_i8,30,2,2,1,1,2,"1,1,0","0.2119,0.2119,0.5761",1.0
kitchen,kitchen_h0_r50_i8,50,2,2,1,1,3,"2,2,0","0.1065,0.1065,0.7870",1.0
kitchen,kitchen_h0_r50_i8,70,2,2,1,1,4,"4,4,1","0.0453,0.0453,0.9094",1.0
kitchen,kitchen_h0_r50_i8,100,2,2,1,1,5,"5,5,1","0.0177,0.0177,0.9647",1.0
kitchen,kitchen_h0_r70_i2,10,0,0,1,1,2,"0,1,1","0.5761,0.2119,0.2119",1.0
kitchen,kitchen_h0_r70_i2,30,0,0,1,1,6,"0,5,5","0.9867,0.0066,0.0066",1.0
kitchen,kitchen_h0_r70_i2,50,0,0,1,1,10,"0,9,9","0.9998,0.0001,0.0001",1.0
kitchen,kitchen_h0_r70_i2,70,0,0,1,1,14,"0,13,13","1.0000,0.0000,0.0000",1.0
kitchen,kitchen_h0_r70_i2,100,0,0,1,1,19,"1,19,19","1.0000,0.0000,0.0000",1.0
kitchen,kitchen_h0_r70_i2,10,1,0,3,0,1,"0,0,0","0.3333,0.3333,0.3333",1.0
kitchen,kitchen_h0_r70_i2,30,1,1,2,1,2,"1,0,0","0.1554,0.4223,0.4223",1.0
kitchen,kitchen_h0_r70_i2,50,1,1,1,1,3,"2,0,1","0.0900,0.6652,0.2447",1.0
kitchen,kitchen_h0_r70_i2,70,1,1,1,1,5,"4,0,1","0.0132,0.7214,0.2654",1.0
kitchen,kitchen_h0_r70_i2,100,1,1,1,1,6,"5,0,2","0.0059,0.8756,0.1185",1.0
kitchen,kitchen_h0_r70_i2,10,2,0,2,0,1,"0,1,0","0.4223,0.1554,0.4223",1.0
kitchen,kitchen_h0_r70_i2,30,2,2,1,1,2,"1,1,0","0.2119,0.2119,0.5761",1.0
kitchen,kitchen_h0_r70_i2,50,2,2,1,1,3,"2,2,0","0.1065,0.1065,0.7870",1.0
kitchen,kitchen_h0_r70_i2,70,2,2,1,1,4,"4,4,1","0.0453,0.0453,0.9094",1.0
kitchen,kitchen_h0_r70_i2,100,2,2,1,1,5,"5,5,1","0.0177,0.0177,0.9647",1.0
kitchen,kitchen_h0_r70_i3,10,0,0,1,1,2,"0,1,1","0.5761,0.2119,0.2119",1.0
kitchen,kitchen_h0_r70_i3,30,0,0,1,1,6,"0,5,5","0.9867,0.0066,0.0066",1.0
kitchen,kitchen_h0_r70_i3,50,0,0,1,1,10,"0,9,9","0.9998,0.0001,0.0001",1.0
kitchen,kitchen_h0_r70_i3,70,0,0,1,1,14,"0,13,13","1.0000,0.0000,0.0000",1.0
kitchen,kitchen_h0_r70_i3,100,0,0,1,1,19,"1,19,19","1.0000,0.0000,0.0000",1.0
kitchen,kitchen_h0_r70_i3,10,1,0,3,0,1,"0,0,0","0.3333,0.3333,0.3333",1.0
kitchen,kitchen_h0_r70_i3,30,1,1,2,1,2,"1,0,0","0.1554,0.4223,0.4223",1.0
kitchen,kitchen_h0_r70_i3,50,1,1,1,1,3,"2,0,1","0.0900,0.6652,0.2447",1.0
kitchen,kitchen_h0_r70_i3,70,1,1,1,1,5,"4,0,1","0.0132,0.7214,0.2654",1.0
kitchen,kitchen_h0_r70_i3,100,1,1,1,1,6,"5,0,2","0.0059,0.8756,0.1185",1.0
kitchen,kitchen_h0_r70_i3,10,2,0,2,0,1,"0,1,0","0.4223,0.1554,0.4223",1.0
kitchen,kitchen_h0_r70_i3,30,2,2,1,1,2,"1,1,0","0.2119,0.2119,0.5761",1.0
kitchen,kitchen_h0_r70_i3,50,2,2,1,1,3,"2,2,0","0.1065,0.1065,0.7870",1.0
kitchen,kitchen_h0_r70_i3,70,2,2,1,1,4,"4,4,1","0.0453,0.0453,0.9094",1.0
kitchen,kitchen_h0_r70_i3,100,2,2,1,1,5,"5,5,1","0.0177,0.0177,0.9647",1.0
kitchen,kitchen_h0_r70_i5,10,0,0,1,1,2,"0,1,1","0.5761,0.2119,0.2119",1.0
kitchen,kitchen_h0_r70_i5,30,0,0,1,1,6,"0,5,5","0.9867,0.0066,0.0066",1.0
kitchen,kitchen_h0_r70_i5,50,0,0,1,1,10,"0,9,9","0.9998,0.0001,0.0001",1.0
kitchen,kitchen_h0_r70_i5,70,0,0,1,1,14,"0,13,13","1.0000,0.0000,0.0000",1.0
kitchen,kitchen_h0_r70_i5,100,0,0,1,1,19,"1,19,19","1.0000,0.0000,0.0000",1.0
kitchen,kitchen_h0_r70_i5,10,1,0,3,0,1,"0,0,0","0.3333,0.3333,0.3333",1.0
kitchen,kitchen_h0_r70_i5,30,1,1,2,1,2,"1,0,0","0.1554,0.4223,0.4223",1.0
kitchen,kitchen_h0_r70_i5,50,1,1,1,1,3,"2,0,1","0.0900,0.6652,0.2447",1.0
kitchen,kitchen_h0_r70_i5,70,1,1,1,1,5,"4,0,1","0.0132,0.7214,0.2654",1.0
kitchen,kitchen_h0_r70_i5,100,1,1,1,1,6,"5,0,2","0.0059,0.8756,0.1185",1.0
kitchen,kitchen_h0_r70_i5,10,2,0,2,0,1,"0,1,0","0.4223,0.1554,0.4223",1.0
kitchen,kitchen_h0_r70_i5,30,2,2,1,1,2,"1,1,0","0.2119,0.2119,0.5761",1.0
kitchen,kitchen_h0_r70_i5,50,2,2,1,1,3,"2,2,0","0.1065,0.1065,0.7870",1.0
kitchen,kitchen_h0_r70_i5,70,2,2,1,1,4,"4,4,1","0.0453,0.0453,0.9094",1.0
kitchen,kitchen_h0_r70_i5,100,2,2,1,1,5,"5,5,1","0.0177,0.0177,0.9647",1.0
kitchen,kitchen_h0_r70_i7,10,0,0,1,1,2,"0,1,1","0.5761,0.2119,0.2119",1.0
kitchen,kitchen_h0_r70_i7,30,0,0,1,1,6,"0,5,5","0.9867,0.0066,0.0066",1.0
kitchen,kitchen_h0_r70_i7,50,0,0,1,1,10,"0,9,9","0.9998,0.0001,0.0001",1.0
kitchen,kitchen_h0_r70_i7,70,0,0,1,1,14,"0,13,13","1.0000,0.0000,0.0000",1.0
kitchen,kitchen_h0_r70_i7,100,0,0,1,1,19,"1,19,19","1.0000,0.0000,0.0000",1.0
kitchen,kitchen_h0_r70_i7,10,1,0,3,0,1,"0,0,0","0.3333,0.3333,0.3333",1.0
kitchen,kitchen_h0_r70_i7,30,1,1,2,1,2,"1,0,0","0.1554,0.4223,0.4223",1.0
kitchen,kitchen_h0_r70_i7,50,1,1,1,1,3,"2,0,1","0.0900,0.6652,0.2447",1.0
kitchen,kitchen_h0_r70_i7,70,1,1,1,1,5,"4,0,1","0.0132,0.7214,0.2654",1.0
kitchen,kitchen_h0_r70_i7,100,1,1,1,1,6,"5,0,2","0.0059,0.8756,0.1185",1.0
kitchen,kitchen_h0_r70_i7,10,2,0,2,0,1,"0,1,0","0.4223,0.1554,0.4223",1.0
kitchen,kitchen_h0_r70_i7,30,2,2,1,1,2,"1,1,0","0.2119,0.2119,0.5761",1.0
kitchen,kitchen_h0_r70_i7,50,2,2,1,1,3,"2,2,0","0.1065,0.1065,0.7870",1.0
kitchen,kitchen_h0_r70_i7,70,2,2,1,1,4,"4,4,1","0.0453,0.0453,0.9094",1.0
kitchen,kitchen_h0_r70_i7,100,2,2,1,1,5,"5,5,1","0.0177,0.0177,0.9647",1.0
kitchen,kitchen_h0_r70_i8,10,0,0,1,1,2,"0,1,1","0.5761,0.2119,0.2119",1.0
kitchen,kitchen_h0_r70_i8,30,0,0,1,1,6,"0,5,5","0.9867,0.0066,0.0066",1.0
kitchen,kitchen_h0_r70_i8,50,0,0,1,1,10,"0,9,9","0.9998,0.0001,0.0001",1.0
kitchen,kitchen_h0_r70_i8,70,0,0,1,1,14,"0,13,13","1.0000,0.0000,0.0000",1.0
kitchen,kitchen_h0_r70_i8,100,0,0,1,1,19,"1,19,19","1.0000,0.0000,0.0000",1.0
kitchen,kitchen_h0_r70_i8,10,1,0,3,0,1,"0,0,0","0.3333,0.3333,0.3333",1.0
kitchen,kitchen_h0_r70_i8,30,1,1,2,1,2,"1,0,0","0.1554,0.4223,0.4223",1.0
kitchen,kitchen_h0_r70_i8,50,1,1,1,1,3,"2,0,1","0.0900,0.6652,0.2447",1.0
kitchen,kitchen_h0_r70_i8,70,1,1,1,1,5,"4,0,1","0.0132,0.7214,0.2654",1.0
kitchen,kitchen_h0_r70_i8,100,1,1,1,1,6,"5,0,2","0.0059,0.8756,0.1185",1.0
kitchen,kitchen_h0_r70_i8,10,2,0,2,0,1,"0,1,0","0.4223,0.1554,0.4223",1.0
kitchen,kitchen_h0_r70_i8,30,2,2,1,1,2,"1,1,0","0.2119,0.2119,0.5761",1.0
kitchen,kitchen_h0_r70_i8,50,2,2,1,1,3,"2,2,0","0.1065,0.1065,0.7870",1.0
kitchen,kitchen_h0_r70_i8,70,2,2,1,1,4,"4,4,1","0.0453,0.0453,0.9094",1.0
kitchen,kitchen_h0_r70_i8,100,2,2,1,1,5,"5,5,1","0.0177,0.0177,0.9647",1.0
kitchen,kitchen_h0_rfull_i0,10,0,0,1,1,2,"0,1,1","0.5761,0.2119,0.2119",1.0
kitchen,kitchen_h0_rfull_i0,30,0,0,1,1,6,"0,5,5","0.9867,0.0066,0.0066",1.0
kitchen,kitchen_h0_rfull_i0,50,0,0,1,1,10,"0,9,9","0.9998,0.0001,0.0001",1.0
kitchen,kitchen_h0_rfull_i0,70,0,0,1,1,14,"0,13,13","1.0000,0.0000,0.0000",1.0
kitchen,kitchen_h0_rfull_i0,100,0,0,1,1,19,"1,19,19","1.0000,0.0000,0.0000",1.0
kitchen,kitchen_h0_rfull_i0,10,1,0,3,0,1,"0,0,0","0.3333,0.3333,0.3333",1.0
kitchen,kitchen_h0_rfull_i0,30,1,1,2,1,2,"1,0,0","0.1554,0.4223,0.4223",1.0
kitchen,kitchen_h0_rfull_i0,50,1,1,1,1,3,"2,0,1","0.0900,0.6652,0.2447",1.0
kitchen,kitchen_h0_rfull_i0,70,1,1,1,1,5,"4,0,1","0.0132,0.7214,0.2654",1.0
kitchen,kitchen_h0_rfull_i0,100,1,1,1,1,6,"5,0,2","0.0059,0.8756,0.1185",1.0
kitchen,kitchen_h0_rfull_i0,10,2,0,2,0,1,"0,1,0","0.4223,0.1554,0.4223",1.0
kitchen,kitchen_h0_rfull_i0,30,2,2,1,1,2,"1,1,0","0.2119,0.2119,0.5761",1.0
kitchen,kitchen_h0_rfull_i0,50,2,2,1,1,3,"2,2,0","0.1065,0.1065,0.7870",1.0
kitchen,kitchen_h0_rfull_i0,70,2,2,1,1,4,"4,4,1","0.0453,0.0453,0.9094",1.0
kitchen,kitchen_h0_rfull_i0,100,2,2,1,1,5,"5,5,1","0.0177,0.0177,0.9647",1.0
kitchen,kitchen_h0_rfull_i1,10,0,0,1,1,2,"0,1,1","0.5761,0.2119,0.2119",1.0
kitchen,kitchen_h0_rfull_i1,30,0,0,1,1,6,"0,5,5","0.9867,0.0066,0.0066",1.0
kitchen,kitchen_h0_rfull_i1,50,0,0,1,1,10,"0,9,9","0.9998,0.0001,0.0001",1.0
kitchen,kitchen_h0_rfull_i1,70,0,0,1,1,14,"0,13,13","1.0000,0.0000,0.0000",1.0
kitchen,kitchen_h0_rfull_i1,100,0,0,1,1,19,"1,19,19","1.0000,0.0000,0.0000",1.0
kitchen,kitchen_h0_rfull_i1,10,1,0,3,0,1,"0,0,0","0.3333,0.3333,0.3333",1.0
kitchen,kitchen_h0_rfull_i1,30,1,1,2,1,2,"1,0,0","0.1554,0.4223,0.4223",1.0
kitchen,kitchen_h0_rfull_i1,50,1,1,1,1,3,"2,0,1","0.0900,0.6652,0.2447",1.0
kitchen,kitchen_h0_rfull_i1,70,1,1,1,1,5,"4,0,1","0.0132,0.7214,0.2654",1.0
kitchen,kitchen_h0_rfull_i1,100,1,1,1,1,6,"5,0,2","0.0059,0.8756,0.1185",1.0
kitchen,kitchen_h0_rfull_i1,10,2,0,2,0,1,"0,1,0","0.4223,0.1554,0.4223",1.0
kitchen,kitchen_h0_rfull_i1,30,2,2,1,1,2,"1,1,0","0.2119,0.2119,0.5761",1.0
kitchen,kitchen_h0_rfull_i1,50,2,2,1,1,3,"2,2,0","0.1065,0.1065,0.7870",1.0
kitchen,kitchen_h0_rfull_i1,70,2,2,1,1,4,"4,4,1","0.0453,0.0453,0.9094",1.0
kitchen,kitchen_h0_rfull_i1,100,2,2,1,1,5,"5,5,1","0.0177,0.0177,0.9647",1.0
kitchen,kitchen_h0_rfull_i2,10,0,0,1,1,2,"0,1,1","0.5761,0.2119,0.2119",1.0
kitchen,kitchen_h0_rfull_i2,30,0,0,1,1,6,"0,5,5","0.9867,0.0066,0.0066",1.0
kitchen,kitchen_h0_rfull_i2,50,0,0,1,1,10,"0,9,9","0.9998,0.0001,0.0001",1.0
kitchen,kitchen_h0_rfull_i2,70,0,0,1,1,14,"0,13,13","1.0000,0.0000,0.0000",1.0
kitchen,kitchen_h0_rfull_i2,100,0,0,1,1,19,"1,19,19","1.0000,0.0000,0.0000",1.0
kitchen,kitchen_h0_rfull_i2,10,1,0,3,0,1,"0,0,0","0.3333,0.3333,0.3333",1.0
kitchen,kitchen_h0_rfull_i2,30,1,1,2,1,2,"1,0,0","0.1554,0.4223,0.4223",1.0
kitchen,kitchen_h0_rfull_i2,50,1,1,1,1,3,"2,0,1","0.0900,0.6652,0.2447",1.0
kitchen,kitchen_h0_rfull_i2,70,1,1,1,1,5,"4,0,1","0.0132,0.7214,0.2654",1.0
kitchen,kitchen_h0_rfull_i2,100,1,1,1,1,6,"5,0,2","0.0059,0.8756,0.1185",1.0
kitchen,kitchen_h0_rfull_i2,10,2,0,2,0,1,"0,1,0","0.4223,0.1554,0.4223",1.0
kitchen,kitchen_h0_rfull_i2,30,2,2,1,1,2,"1,1,0","0.2119,0.2119,0.5761",1.0
kitchen,kitchen_h0_rfull_i2,50,2,2,1,1,3,"2,2,0","0.1065,0.1065,0.7870",1.0
kitchen,kitchen_h0_rfull_i2,70,2,2,1,1,4,"4,4,1","0.0453,0.0453,0.9094",1.0
kitchen,kitchen_h0_rfull_i2,100,2,2,1,1,5,"5,5,1","0.0177,0.0177,0.9647",1.0
kitchen,kitchen_h0_rfull_i4,10,0,0,1,1,2,"0,1,1","0.5761,0.2119,0.2119",1.0
kitchen,kitchen_h0_rfull_i4,30,0,0,1,1,6,"0,5,5","0.9867,0.0066,0.0066",1.0
kitchen,kitchen_h0_rfull_i4,50,0,0,1,1,10,"0,9,9","0.9998,0.0001,0.0001",1.0
kitchen,kitchen_h0_rfull_i4,70,0,0,1,1,14,"0,13,13","1.0000,0.0000,0.0000",1.0
kitchen,kitchen_h0_rfull_i4,100,0,0,1,1,19,"1,19,19","1.0000,0.0000,0.0000",1.0
kitchen,kitchen_h0_rfull_i4,10,1,0,3,0,1,"0,0,0","0.3333,0.3333,0.3333",1.0
kitchen,kitchen_h0_rfull_i4,30,1,1,2,1,2,"1,0,0","0.1554,0.4223,0.4223",1.0
kitchen,kitchen_h0_rfull_i4,50,1,1,1,1,3,"2,0,1","0.0900,0.6652,0.2447",1.0
kitchen,kitchen_h0_rfull_i4,70,1,1,1,1,5,"4,0,1","0.0132,0.7214,0.2654",1.0
kitchen,kitchen_h0_rfull_i4,100,1,1,1,1,6,"5,0,2","0.0059,0.8756,0.1185",1.0
kitchen,kitchen_h0_rfull_i4,10,2,0,2,0,1,"0,1,0","0.4223,0.1554,0.4223",1.0
kitchen,kitchen_h0_rfull_i4,30,2,2,1,1,2,"1,1,0","0.2119,0.2119,0.5761",1.0
kitchen,kitchen_h0_rfull_i4,50,2,2,1,1,3,"2,2,0","0.1065,0.1065,0.7870",1.0
kitchen,kitchen_h0_rfull_i4,70,2,2,1,1,4,"4,4,1","0.0453,0.0453,0.9094",1.0
kitchen,kitchen_h0_rfull_i4,100,2,2,1,1,5,"5,5,1","0.0177,0.0177,0.9647",1.0
kitchen,kitchen_h0_rfull_i6,10,0,0,1,1,2,"0,1,1","0.5761,0.2119,0.2119",1.0
kitchen,kitchen_h0_rfull_i6,30,0,0,1,1,6,"0,5,5","0.9867,0.0066,0.0066",1.0
kitchen,kitchen_h0_rfull_i6,50,0,0,1,1,10,"0,9,9","0.9998,0.0001,0.0001",1.0
kitchen,kitchen_h0_rfull_i6,70,0,0,1,1,14,"0,13,13","1.0000,0.0000,0.0000",1.0
kitchen,kitchen_h0_rfull_i6,100,0,0,1,1,19,"1,19,19","1.0000,0.0000,0.0000",1.0
kitchen,kitchen_h0_rfull_i6,10,1,0,3,0,1,"0,0,0","0.3333,0.3333,0.3333",1.0
kitchen,kitchen_h0_rfull_i6,30,1,1,2,1,2,"1,0,0","0.1554,0.4223,0.4223",1.0
kitchen,kitchen_h0_rfull_i6,50,1,1,1,1,3,"2,0,1","0.0900,0.6652,0.2447",1.0
kitchen,kitchen_h0_rfull_i6,70,1,1,1,1,5,"4,0,1","0.0132,0.7214,0.2654",1.0
kitchen,kitchen_h0_rfull_i6,100,1,1,1,1,6,"5,0,2","0.0059,0.8756,0.1185",1.0
kitchen,kitchen_h0_rfull_i6,10,2,0,2,0,1,"0,1,0","0.4223,0.1554,0.4223",1.0
kitchen,kitchen_h0_rfull_i6,30,2,2,1,1,2,"1,1,0","0.2119,0.2119,0.5761",1.0
kitchen,kitchen_h0_rfull_i6,50,2,2,1,1,3,"2,2,0","0.1065,0.1065,0.7870",1.0
kitchen,kitchen_h0_rfull_i6,70,2,2,1,1,4,"4,4,1","0.0453,0.0453,0.9094",1.0
kitchen,kitchen_h0_rfull_i6,100,2,2,1,1,5,"5,5,1","0.0177,0.0177,0.9647",1.0
kitchen,kitchen_h0_rfull_i7,10,0,0,1,1,2,"0,1,1","0.5761,0.2119,0.2119",1.0
kitchen,kitchen_h0_rfull_i7,30,0,0,1,1,6,"0,5,5","0.9867,0.0066,0.0066",1.0
kitchen,kitchen_h0_rfull_i7,50,0,0,1,1,10,"0,9,9","0.9998,0.0001,0.0001",1.0
kitchen,kitchen_h0_rfull_i7,70,0,0,1,1,14,"0,13,13","1.0000,0.0000,0.0000",1.0
kitchen,kitchen_h0_rfull_i7,100,0,0,1,1,19,"1,19,19","1.0000,0.0000,0.0000",1.0
kitchen,kitchen_h0_rfull_i7,10,1,0,3,0,1,"0,0,0","0.3333,0.3333,0.3333",1.0
kitchen,kitchen_h0_rfull_i7,30,1,1,2,1,2,"1,0,0","0.1554,0.4223,0.4223",1.0
kitchen,kitchen_h0_rfull_i7,50,1,1,1,1,3,"2,0,1","0.0900,0.6652,0.2447",1.0
kitchen,kitchen_h0_rfull_i7,70,1,1,1,1,5,"4,0,1","0.0132,0.7214,0.2654",1.0
kitchen,kitchen_h0_rfull_i7,100,1,1,1,1,6,"5,0,2","0.0059,0.8756,0.1185",1.0
kitchen,kitchen_h0_rfull_i7,10,2,0,2,0,1,"0,1,0","0.4223,0.1554,0.4223",1.0
kitchen,kitchen_h0_rfull_i7,30,2,2,1,1,2,"1,1,0","0.2119,0.2119,0.5761",1.0
kitchen,kitchen_h0_rfull_i7,50,2,2,1,1,3,"2,2,0","0.1065,0.1065,0.7870",1.0
kitchen,kitchen_h0_rfull_i7,70,2,2,1,1,4,"4,4,1","0.0453,0.0453,0.9094",1.0
kitchen,kitchen_h0_rfull_i7,100,2,2,1,1,5,"5,5,1","0.0177,0.0177,0.9647",1.0
kitchen,kitchen_h0_rfull_i8,10,0,0,1,1,2,"0,1,1","0.5761,0.2119,0.2119",1.0
kitchen,kitchen_h0_rfull_i8,30,0,0,1,1,6,"0,5,5","0.9867,0.0066,0.0066",1.0
kitchen,kitchen_h0_rfull_i8,50,0,0,1,1,10,"0,9,9","0.9998,0.0001,0.0001",1.0
kitchen,kitchen_h0_rfull_i8,70,0,0,1,1,14,"0,13,13","1.0000,0.0000,0.0000",1.0
kitchen,kitchen_h0_rfull_i8,100,0,0,1,1,19,"1,19,19","1.0000,0.0000,0.0000",1.0
kitchen,kitchen_h0_rfull_i8,10,1,0,3,0,1,"0,0,0","0.3333,0.3333,0.3333",1.0
kitchen,kitchen_h0_rfull_i8,30,1,1,2,1,2,"1,0,0","0.1554,0.4223,0.4223",1.0
kitchen,kitchen_h0_rfull_i8,50,1,1,1,1,3,"2,0,1","0.0900,0.6652,0.2447",1.0
kitchen,kitchen_h0_rfull_i8,70,1,1,1,1,5,"4,0,1","0.0132,0.7214,0.2654",1.0
kitchen,kitchen_h0_rfull_i8,100,1,1,1,1,6,"5,0,2","0.0059,0.8756,0.1185",1.0
kitchen,kitchen_h0_rfull_i8,10,2,0,2,0,1,"0,1,0","0.4223,0.1554,0.4223",1.0
kitchen,kitchen_h0_rfull_i8,30,2,2,1,1,2,"1,1,0","0.2119,0.2119,0.5761",1.0
kitchen,kitchen_h0_rfull_i8,50,2,2,1,1,3,"2,2,0","0.1065,0.1065,0.7870",1.0
kitchen,kitchen_h0_rfull_i8,70,2,2,1,1,4,"4,4,1","0.0453,0.0453,0.9094",1.0
kitchen,kitchen_h0_rfull_i8,100,2,2,1,1,5,"5,5,1","0.0177,0.0177,0.9647",1.0
kitchen,kitchen_h0_rfull_i9,10,0,0,1,1,2,"0,1,1","0.5761,0.2119,0.2119",1.0
kitchen,kitchen_h0_rfull_i9,30,0,0,1,1,6,"0,5,5","0.9867,0.0066,0.0066",1.0
kitchen,kitchen_h0_rfull_i9,50,0,0,1,1,10,"0,9,9","0.9998,0.0001,0.0001",1.0
kitchen,kitchen_h0_rfull_i9,70,0,0,1,1,14,"0,13,13","1.0000,0.0000,0.0000",1.0
kitchen,kitchen_h0_rfull_i9,100,0,0,1,1,19,"1,19,19","1.0000,0.0000,0.0000",1.0
kitchen,kitchen_h0_rfull_i9,10,1,0,3,0,1,"0,0,0","0.3333,0.3333,0.3333",1.0
kitchen,kitchen_h0_rfull_i9,30,1,1,2,1,2,"1,0,0","0.1554,0.4223,0.4223",1.0
kitchen,kitchen_h0_rfull_i9,50,1,1,1,1,3,"2,0,1","0.0900,0.6652,0.2447",1.0
kitchen,kitchen_h0_rfull_i9,70,1,1,1,1,5,"4,0,1","0.0132,0.7214,0.2654",1.0
kitchen,kitchen_h0_rfull_i9,100,1,1,1,1,6,"5,0,2","0.0059,0.8756,0.1185",1.0
kitchen,kitchen_h0_rfull_i9,10,2,0,2,0,1,"0,1,0","0.4223,0.1554,0.4223",1.0
kitchen,kitchen_h0_rfull_i9,30,2,2,1,1,2,"1,1,0","0.2119,0.2119,0.5761",1.0
kitchen,kitchen_h0_rfull_i9,50,2,2,1,1,3,"2,2,0","0.1065,0.1065,0.7870",1.0
kitchen,kitchen_h0_rfull_i9,70,2,2,1,1,4,"4,4,1","0.0453,0.0453,0.9094",1.0
kitchen,kitchen_h0_rfull_i9,100,2,2,1,1,5,"5,5,1","0.0177,0.0177,0.9647",1.0
kitchen,kitchen_h1_r10_i1,10,0,0,1,1,2,"0,1,1","0.5761,0.2119,0.2119",1.0
kitchen,kitchen_h1_r10_i1,30,0,0,1,1,6,"0,5,5","0.9867,0.0066,0.0066",1.0
kitchen,kitchen_h1_r10_i1,50,0,0,1,1,10,"0,9,9","0.9998,0.0001,0.0001",1.0
kitchen,kitchen_h1_r10_i1,70,0,0,1,1,14,"0,13,13","1.0000,0.0000,0.0000",1.0
kitchen,kitchen_h1_r10_i1,100,0,0,1,1,19,"1,19,19","1.0000,0.0000,0.0000",1.0
kitchen,kitchen_h1_r10_i1,10,1,0,3,0,1,"0,0,0","0.3333,0.3333,0.3333",1.0
kitchen,kitchen_h1_r10_i1,30,1,1,2,1,2,"1,0,0","0.1554,0.4223,0.4223",1.0
kitchen,kitchen_h1_r10_i1,50,1,1,1,1,3,"2,0,1","0.0900,0.6652,0.2447",1.0
kitchen,kitchen_h1_r10_i1,70,1,1,1,1,5,"4,0,1","0.0132,0.7214,0.2654",1.0
kitchen,kitchen_h1_r10_i1,100,1,1,1,1,6,"5,0,2","0.0059,0.8756,0.1185",1.0
kitchen,kitchen_h1_r10_i1,10,2,0,2,0,1,"0,1,0","0.4223,0.1554,0.4223",1.0
kitchen,kitchen_h1_r10_i1,30,2,2,1,1,2,"1,1,0","0.2119,0.2119,0.5761",1.0
kitchen,kitchen_h1_r10_i1,50,2,2,1,1,3,"2,2,0","0.1065,0.1065,0.7870",1.0
kitchen,kitchen_h1_r10_i1,70,2,2,1,1,4,"4,4,1","0.0453,0.0453,0.9094",1.0
kitchen,kitchen_h1_r10_i1,100,2,2,1,1,5,"5,5,1","0.0177,0.0177,0.9647",1.0
kitchen,kitchen_h1_r10_i5,10,0,0,1,1,2,"0,1,1","0.5761,0.2119,0.2119",1.0
kitchen,kitchen_h1_r10_i5,30,0,0,1,1,6,"0,5,5","0.9867,0.0066,0.0066",1.0
kitchen,kitchen_h1_r10_i5,50,0,0,1,1,10,"0,9,9","0.9998,0.0001,0.0001",1.0
kitchen,kitchen_h1_r10_i5,70,0,0,1,1,14,"0,13,13","1.0000,0.0000,0.0000",1.0
kitchen,kitchen_h1_r10_i5,100,0,0,1,1,19,"1,19,19","1.0000,0.0000,0.0000",1.0
kitchen,kitchen_h1_r10_i5,10,1,0,3,0,1,"0,0,0","0.3333,0.3333,0.3333",1.0
kitchen,kitchen_h1_r10_i5,30,1,1,2,1,2,"1,0,0","0.1554,0.4223,0.4223",1.0
kitchen,kitchen_h1_r10_i5,50,1,1,1,1,3,"2,0,1","0.0900,0.6652,0.2447",1.0
kitchen,kitchen_h1_r10_i5,70,1,1,1,1,5,"4,0,1","0.0132,0.7214,0.2654",1.0
kitchen,kitchen_h1_r10_i5,100,1,1,1,1,6,"5,0,2","0.0059,0.8756,0.1185",1.0
kitchen,kitchen_h1_r10_i5,10,2,0,2,0,1,"0,1,0","0.4223,0.1554,0.4223",1.0
kitchen,kitchen_h1_r10_i5,30,2,2,1,1,2,"1,1,0","0.2119,0.2119,0.5761",1.0
kitchen,kitchen_h1_r10_i5,50,2,2,1,1,3,"2,2,0","0.1065,0.1065,0.7870",1.0
kitchen,kitchen_h1_r10_i5,70,2,2,1,1,4,"4,4,1","0.0453,0.0453,0.9094",1.0
kitchen,kitchen_h1_r10_i5,100,2,2,1,1,5,"5,5,1","0.0177,0.0177,0.9647",1.0
kitchen,kitchen_h1_r10_i9,10,0,0,1,1,2,"0,1,1","0.5761,0.2119,0.2119",1.0
kitchen,kitchen_h1_r10_i9,30,0,0,1,1,6,"0,5,5","0.9867,0.0066,0.0066",1.0
kitchen,kitchen_h1_r10_i9,50,0,0,1,1,10,"0,9,9","0.9998,0.0001,0.0001",1.0
kitchen,kitchen_h1_r10_i9,70,0,0,1,1,14,"0,13,13","1.0000,0.0000,0.0000",1.0
kitchen,kitchen_h1_r10_i9,100,0,0,1,1,19,"1,19,19","1.0000,0.0000,0.0000",1.0
kitchen,kitchen_h1_r10_i9,10,1,0,3,0,1,"0,0,0","0.3333,0.3333,0.3333",1.0
kitchen,kitchen_h1_r10_i9,30,1,1,2,1,2,"1,0,0","0.1554,0.4223,0.4223",1.0
kitchen,kitchen_h1_r10_i9,50,1,1,1,1,3,"2,0,1","0.0900,0.6652,0.2447",1.0
kitchen,kitchen_h1_r10_i9,70,1,1,1,1,5,"4,0,1","0.0132,0.7214,0.2654",1.0
kitchen,kitchen_h1_r10_i9,100,1,1,1,1,6,"5,0,2","0.0059,0.8756,0.1185",1.0
kitchen,kitchen_h1_r10_i9,10,2,0,2,0,1,"0,1,0","0.4223,0.1554,0.4223",1.0
kitchen,kitchen_h1_r10_i9,30,2,2,1,1,2,"1,1,0","0.2119,0.2119,0.5761",1.0
kitchen,kitchen_h1_r10_i9,50,2,2,1,1,3,"2,2,0","0.1065,0.1065,0.7870",1.0
kitchen,kitchen_h1_r10_i9,70,2,2,1,1,4,"4,4,1","0.0453,0.0453,0.9094",1.0
kitchen,kitchen_h1_r10_i9,100,2,2,1,1,5,"5,5,1","0.0177,0.0177,0.9647",1.0
kitchen,kitchen_h1_r30_i1,10,0,0,1,1,2,"0,1,1","0.5761,0.2119,0.2119",1.0
kitchen,kitchen_h1_r30_i1,30,0,0,1,1,6,"0,5,5","0.9867,0.0066,0.0066",1.0
kitchen,kitchen_h1_r30_i1,50,0,0,1,1,10,"0,9,9","0.9998,0.0001,0.0001",1.0
kitchen,kitchen_h1_r30_i1,70,0,0,1,1,14,"0,13,13","1.0000,0.0000,0.0000",1.0
kitchen,kitchen_h1_r30_i1,100,0,0,1,1,19,"1,19,19","1.0000,0.0000,0.0000",1.0
kitchen,kitchen_h1_r30_i1,10,1,0,3,0,1,"0,0,0","0.3333,0.3333,0.3333",1.0
kitchen,kitchen_h1_r30_i1,30,1,1,2,1,2,"1,0,0","0.1554,0.4223,0.4223",1.0
kitchen,kitchen_h1_r30_i1,50,1,1,1,1,3,"2,0,1","0.0900,0.6652,0.2447",1.0
kitchen,kitchen_h1_r30_i1,70,1,1,1,1,5,"4,0,1","0.0132,0.7214,0.2654",1.0
kitchen,kitchen_h1_r30_i1,100,1,1,1,1,6,"5,0,2","0.0059,0.8756,0.1185",1.0
kitchen,kitchen_h1_r30_i1,10,2,0,2,0,1,"0,1,0","0.4223,0.1554,0.4223",1.0
kitchen,kitchen_h1_r30_i1,30,2,2,1,1,2,"1,1,0","0.2119,0.2119,0.5761",1.0
kitchen,kitchen_h1_r30_i1,50,2,2,1,1,3,"2,2,0","0.1065,0.1065,0.7870",1.0
kitchen,kitchen_h1_r30_i1,70,2,2,1,1,4,"4,4,1","0.0453,0.0453,0.9094",1.0
kitchen,kitchen_h1_r30_i1,100,2,2,1,1,5,"5,5,1","0.0177,0.0177,0.9647",1.0
kitchen,kitchen_h1_r30_i9,10,0,0,1,1,2,"0,1,1","0.5761,0.2119,0.2119",1.0
kitchen,kitchen_h1_r30_i9,30,0,0,1,1,6,"0,5,5","0.9867,0.0066,0.0066",1.0
kitchen,kitchen_h1_r30_i9,50,0,0,1,1,10,"0,9,9","0.9998,0.0001,0.0001",1.0
kitchen,kitchen_h1_r30_i9,70,0,0,1,1,14,"0,13,13","1.0000,0.0000,0.0000",1.0
kitchen,kitchen_h1_r30_i9,100,0,0,1,1,19,"1,19,19","1.0000,0.0000,0.0000",1.0
kitchen,kitchen_h1_r30_i9,10,1,0,3,0,1,"0,0,0","0.3333,0.3333,0.3333",1.0
kitchen,kitchen_h1_r30_i9,30,1,1,2,1,2,"1,0,0","0.1554,0.4223,0.4223",1.0
kitchen,kitchen_h1_r30_i9,50,1,1,1,1,3,"2,0,1","0.0900,0.6652,0.2447",1.0
kitchen,kitchen_h1_r30_i9,70,1,1,1,1,5,"4,0,1","0.0132,0.7214,0.2654",1.0
kitchen,kitchen_h1_r30_i9,100,1,1,1,1,6,"5,0,2","0.0059,0.8756,0.1185",1.0
kitchen,kitchen_h1_r30_i9,10,2,0,2,0,1,"0,1,0","0.4223,0.1554,0.4223",1.0
kitchen,kitchen_h1_r30_i9,30,2,2,1,1,2,"1,1,0","0.2119,0.2119,0.5761",1.0
kitchen,kitchen_h1_r30_i9,50,2,2,1,1,3,"2,2,0","0.1065,0.1065,0.7870",1.0
kitchen,kitchen_h1_r30_i9,70,2,2,1,1,4,"4,4,1","0.0453,0.0453,0.9094",1.0
kitchen,kitchen_h1_r30_i9,100,2,2,1,1,5,"5,5,1","0.0177,0.0177,0.9647",1.0
kitchen,kitchen_h1_r50_i2,10,0,0,1,1,2,"0,1,1","0.5761,0.2119,0.2119",1.0
kitchen,kitchen_h1_r50_i2,30,0,0,1,1,6,"0,5,5","0.9867,0.0066,0.0066",1.0
kitchen,kitchen_h1_r50_i2,50,0,0,1,1,10,"0,9,9","0.9998,0.0001,0.0001",1.0
kitchen,kitchen_h1_r50_i2,70,0,0,1,1,14,"0,13,13","1.0000,0.0000,0.0000",1.0
kitchen,kitchen_h1_r50_i2,100,0,0,1,1,19,"1,19,19","1.0000,0.0000,0.0000",1.0
kitchen,kitchen_h1_r50_i2,10,1,0,3,0,1,"0,0,0","0.3333,0.3333,0.3333",1.0
kitchen,kitchen_h1_r50_i2,30,1,1,2,1,2,"1,0,0","0.1554,0.4223,0.4223",1.0
kitchen,kitchen_h1_r50_i2,50,1,1,1,1,3,"2,0,1","0.0900,0.6652,0.2447",1.0
kitchen,kitchen_h1_r50_i2,70,1,1,1,1,5,"4,0,1","0.0132,0.7214,0.2654",1.0
kitchen,kitchen_h1_r50_i2,100,1,1,1,1,6,"5,0,2","0.0059,0.8756,0.1185",1.0
kitchen,kitchen_h1_r50_i2,10,2,0,2,0,1,"0,1,0","0.4223,0.1554,0.4223",1.0
kitchen,kitchen_h1_r50_i2,30,2,2,1,1,2,"1,1,0","0.2119,0.2119,0.5761",1.0
kitchen,kitchen_h1_r50_i2,50,2,2,1,1,3,"2,2,0","0.1065,0.1065,0.7870",1.0
kitchen,kitchen_h1_r50_i2,70,2,2,1,1,4,"4,4,1","0.0453,0.0453,0.9094",1.0
kitchen,kitchen_h1_r50_i2,100,2,2,1,1,5,"5,5,1","0.0177,0.0177,0.9647",1.0
kitchen,kitchen_h1_r50_i3,10,0,0,1,1,2,"0,1,1","0.5761,0.2119,0.2119",1.0
kitchen,kitchen_h1_r50_i3,30,0,0,1,1,6,"0,5,5","0.9867,0.0066,0.0066",1.0
kitchen,kitchen_h1_r50_i3,50,0,0,1,1,10,"0,9,9","0.9998,0.0001,0.0001",1.0
kitchen,kitchen_h1_r50_i3,70,0,0,1,1,14,"0,13,13","1.0000,0.0000,0.0000",1.0
kitchen,kitchen_h1_r50_i3,100,0,0,1,1,19,"1,19,19","1.0000,0.0000,0.0000",1.0
kitchen,kitchen_h1_r50_i3,10,1,0,3,0,1,"0,0,0","0.3333,0.3333,0.3333",1.0
kitchen,kitchen_h1_r50_i3,30,1,1,2,1,2,"1,0,0","0.1554,0.4223,0.4223",1.0
kitchen,kitchen_h1_r50_i3,50,1,1,1,1,3,"2,0,1","0.0900,0.6652,0.2447",1.0
kitchen,kitchen_h1_r50_i3,70,1,1,1,1,5,"4,0,1","0.0132,0.7214,0.2654",1.0
kitchen,kitchen_h1_r50_i3,100,1,1,1,1,6,"5,0,2","0.0059,0.8756,0.1185",1.0
kitchen,kitchen_h1_r50_i3,10,2,0,2,0,1,"0,1,0","0.4223,0.1554,0.4223",1.0
kitchen,kitchen_h1_r50_i3,30,2,2,1,1,2,"1,1,0","0.2119,0.2119,0.5761",1.0
kitchen,kitchen_h1_r50_i3,50,2,2,1,1,3,"2,2,0","0.1065,0.1065,0.7870",1.0
kitchen,kitchen_h1_r50_i3,70,2,2,1,1,4,"4,4,1","0.0453,0.0453,0.9094",1.0
kitchen,kitchen_h1_r50_i3,100,2,2,1,1,5,"5,5,1","0.0177,0.0177,0.9647",1.0
kitchen,kitchen_h1_r50_i4,10,0,0,1,1,2,"0,1,1","0.5761,0.2119,0.2119",1.0
kitchen,kitchen_h1_r50_i4,30,0,0,1,1,6,"0,5,5","0.9867,0.0066,0.0066",1.0
kitchen,kitchen_h1_r50_i4,50,0,0,1,1,10,"0,9,9","0.9998,0.0001,0.0001",1.0
kitchen,kitchen_h1_r50_i4,70,0,0,1,1,14,"0,13,13","1.0000,0.0000,0.0000",1.0
kitchen,kitchen_h1_r50_i4,100,0,0,1,1,19,"1,19,19","1.0000,0.0000,0.0000",1.0
kitchen,kitchen_h1_r50_i4,10,1,0,3,0,1,"0,0,0","0.3333,0.3333,0.3333",1.0
kitchen,kitchen_h1_r50_i4,30,1,1,2,1,2,"1,0,0","0.1554,0.4223,0.4223",1.0
kitchen,kitchen_h1_r50_i4,50,1,1,1,1,3,"2,0,1","0.0900,0.6652,0.2447",1.0
kitchen,kitchen_h1_r50_i4,70,1,1,1,1,5,"4,0,1","0.0132,0.7214,0.2654",1.0
kitchen,kitchen_h1_r50_i4,100,1,1,1,1,6,"5,0,2","0.0059,0.8756,0.1185",1.0
kitchen,kitchen_h1_r50_i4,10,2,0,2,0,1,"0,1,0","0.4223,0.1554,0.4223",1.0
kitchen,kitchen_h1_r50_i4,30,2,2,1,1,2,"1,1,0","0.2119,0.2119,0.5761",1.0
kitchen,kitchen_h1_r50_i4,50,2,2,1,1,3,"2,2,0","0.1065,0.1065,0.7870",1.0
kitchen,kitchen_h1_r50_i4,70,2,2,1,1,4,"4,4,1","0.0453,0.0453,0.9094",1.0
kitchen,kitchen_h1_r50_i4,100,2,2,1,1,5,"5,5,1","0.0177,0.0177,0.9647",1.0
kitchen,kitchen_h1_r50_i5,10,0,0,1,1,2,"0,1,1","0.5761,0.2119,0.2119",1.0
kitchen,kitchen_h1_r50_i5,30,0,0,1,1,6,"0,5,5","0.9867,0.0066,0.0066",1.0
kitchen,kitchen_h1_r50_i5,50,0,0,1,1,10,"0,9,9","0.9998,0.0001,0.0001",1.0
kitchen,kitchen_h1_r50_i5,70,0,0,1,1,14,"0,13,13","1.0000,0.0000,0.0000",1.0
kitchen,kitchen_h1_r50_i5,100,0,0,1,1,19,"1,19,19","1.0000,0.0000,0.0000",1.0
kitchen,kitchen_h1_r50_i5,10,1,0,3,0,1,"0,0,0","0.3333,0.3333,0.3333",1.0
kitchen,kitchen_h1_r50_i5,30,1,1,2,1,2,"1,0,0","0.1554,0.4223,0.4223",1.0
kitchen,kitchen_h1_r50_i5,50,1,1,1,1,3,"2,0,1","0.0900,0.6652,0.2447",1.0
kitchen,kitchen_h1_r50_i5,70,1,1,1,1,5,"4,0,1","0.0132,0.7214,0.2654",1.0
kitchen,kitchen_h1_r50_i5,100,1,1,1,1,6,"5,0,2","0.0059,0.8756,0.1185",1.0
kitchen,kitchen_h1_r50_i5,10,2,0,2,0,1,"0,1,0","0.4223,0.1554,0.4223",1.0
kitchen,kitchen_h1_r50_i5,30,2,2,1,1,2,"1,1,0","0.2119,0.2119,0.5761",1.0
kitchen,kitchen_h1_r50_i5,50,2,2,1,1,3,"2,2,0","0.1065,0.1065,0.7870",1.0
kitchen,kitchen_h1_r50_i5,70,2,2,1,1,4,"4,4,1","0.0453,0.0453,0.9094",1.0
kitchen,kitchen_h1_r50_i5,100,2,2,1,1,5,"5,5,1","0.0177,0.0177,0.9647",1.0
kitchen,kitchen_h1_r70_i9,10,0,0,1,1,2,"0,1,1","0.5761,0.2119,0.2119",1.0
kitchen,kitchen_h1_r70_i9,30,0,0,1,1,6,"0,5,5","0.9867,0.0066,0.0066",1.0
kitchen,kitchen_h1_r70_i9,50,0,0,1,1,10,"0,9,9","0.9998,0.0001,0.0001",1.0
kitchen,kitchen_h1_r70_i9,70,0,0,1,1,14,"0,13,13","1.0000,0.0000,0.0000",1.0
kitchen,kitchen_h1_r70_i9,100,0,0,1,1,19,"1,19,19","1.0000,0.0000,0.0000",1.0
kitchen,kitchen_h1_r70_i9,10,1,0,3,0,1,"0,0,0","0.3333,0.3333,0.3333",1.0
kitchen,kitchen_h1_r70_i9,30,1,1,2,1,2,"1,0,0","0.1554,0.4223,0.4223",1.0
kitchen,kitchen_h1_r70_i9,50,1,1,1,1,3,"2,0,1","0.0900,0.6652,0.2447",1.0
kitchen,kitchen_h1_r70_i9,70,1,1,1,1,5,"4,0,1","0.0132,0.7214,0.2654",1.0
kitchen,kitchen_h1_r70_i9,100,1,1,1,1,6,"5,0,2","0.0059,0.8756,0.1185",1.0
kitchen,kitchen_h1_r70_i9,10,2,0,2,0,1,"0,1,0","0.4223,0.1554,0.4223",1.0
kitchen,kitchen_h1_r70_i9,30,2,2,1,1,2,"1,1,0","0.2119,0.2119,0.5761",1.0
kitchen,kitchen_h1_r70_i9,50,2,2,1,1,3,"2,2,0","0.1065,0.1065,0.7870",1.0
kitchen,kitchen_h1_r70_i9,70,2,2,1,1,4,"4,4,1","0.0453,0.0453,0.9094",1.0
kitchen,kitchen_h1_r70_i9,100,2,2,1,1,5,"5,5,1","0.0177,0.0177,0.9647",1.0
kitchen,kitchen_h1_rfull_i3,10,0,0,1,1,2,"0,1,1","0.5761,0.2119,0.2119",1.0
kitchen,kitchen_h1_rfull_i3,30,0,0,1,1,6,"0,5,5","0.9867,0.0066,0.0066",1.0
kitchen,kitchen_h1_rfull_i3,50,0,0,1,1,10,"0,9,9","0.9998,0.0001,0.0001",1.0
kitchen,kitchen_h1_rfull_i3,70,0,0,1,1,14,"0,13,13","1.0000,0.0000,0.0000",1.0
kitchen,kitchen_h1_rfull_i3,100,0,0,1,1,19,"1,19,19","1.0000,0.0000,0.0000",1.0
kitchen,kitchen_h1_rfull_i3,10,1,0,3,0,1,"0,0,0","0.3333,0.3333,0.3333",1.0
kitchen,kitchen_h1_rfull_i3,30,1,1,2,1,2,"1,0,0","0.1554,0.4223,0.4223",1.0
kitchen,kitchen_h1_rfull_i3,50,1,1,1,1,3,"2,0,1","0.0900,0.6652,0.2447",1.0
kitchen,kitchen_h1_rfull_i3,70,1,1,1,1,5,"4,0,1","0.0132,0.7214,0.2654",1.0
kitchen,kitchen_h1_rfull_i3,100,1,1,1,1,6,"5,0,2","0.0059,0.8756,0.1185",1.0
kitchen,kitchen_h1_rfull_i3,10,2,0,2,0,1,"0,1,0","0.4223,0.1554,0.4223",1.0
kitchen,kitchen_h1_rfull_i3,30,2,2,1,1,2,"1,1,0","0.2119,0.2119,0.5761",1.0
kitchen,kitchen_h1_rfull_i3,50,2,2,1,1,3,"2,2,0","0.1065,0.1065,0.7870",1.0
kitchen,kitchen_h1_rfull_i3,70,2,2,1,1,4,"4,4,1","0.0453,0.0453,0.9094",1.0
kitchen,kitchen_h1_rfull_i3,100,2,2,1,1,5,"5,5,1","0.0177,0.0177,0.9647",1.0
kitchen,kitchen_h2_r10_i0,10,0,0,1,1,2,"0,1,1","0.5761,0.2119,0.2119",1.0
kitchen,kitchen_h2_r10_i0,30,0,0,1,1,6,"0,5,5","0.9867,0.0066,0.0066",1.0
kitchen,kitchen_h2_r10_i0,50,0,0,1,1,10,"0,9,9","0.9998,0.0001,0.0001",1.0
kitchen,kitchen_h2_r10_i0,70,0,0,1,1,14,"0,13,13","1.0000,0.0000,0.0000",1.0
kitchen,kitchen_h2_r10_i0,100,0,0,1,1,19,"1,19,19","1.0000,0.0000,0.0000",1.0
kitchen,kitchen_h2_r10_i0,10,1,0,3,0,1,"0,0,0","0.3333,0.3333,0.3333",1.0
kitchen,kitchen_h2_r10_i0,30,1,1,2,1,2,"1,0,0","0.1554,0.4223,0.4223",1.0
kitchen,kitchen_h2_r10_i0,50,1,1,1,1,3,"2,0,1","0.0900,0.6652,0.2447",1.0
kitchen,kitchen_h2_r10_i0,70,1,1,1,1,5,"4,0,1","0.0132,0.7214,0.2654",1.0
kitchen,kitchen_h2_r10_i0,100,1,1,1,1,6,"5,0,2","0.0059,0.8756,0.1185",1.0
kitchen,kitchen_h2_r10_i0,10,2,0,2,0,1,"0,1,0","0.4223,0.1554,0.4223",1.0
kitchen,kitchen_h2_r10_i0,30,2,2,1,1,2,"1,1,0","0.2119,0.2119,0.5761",1.0
kitchen,kitchen_h2_r10_i0,50,2,2,1,1,3,"2,2,0","0.1065,0.1065,0.7870",1.0
kitchen,kitchen_h2_r10_i0,70,2,2,1,1,4,"4,4,1","0.0453,0.0453,0.9094",1.0
kitchen,kitchen_h2_r10_i0,100,2,2,1,1,5,"5,5,1","0.0177,0.0177,0.9647",1.0
kitchen,kitchen_h2_r30_i4,10,0,0,1,1,2,"0,1,1","0.5761,0.2119,0.2119",1.0
kitchen,kitchen_h2_r30_i4,30,0,0,1,1,6,"0,5,5","0.9867,0.0066,0.0066",1.0
kitchen,kitchen_h2_r30_i4,50,0,0,1,1,10,"0,9,9","0.9998,0.0001,0.0001",1.0
kitchen,kitchen_h2_r30_i4,70,0,0,1,1,14,"0,13,13","1.0000,0.0000,0.0000",1.0
kitchen,kitchen_h2_r30_i4,100,0,0,1,1,19,"1,19,19","1.0000,0.0000,0.0000",1.0
kitchen,kitchen_h2_r30_i4,10,1,0,3,0,1,"0,0,0","0.3333,0.3333,0.3333",1.0
kitchen,kitchen_h2_r30_i4,30,1,1,2,1,2,"1,0,0","0.1554,0.4223,0.4223",1.0
kitchen,kitchen_h2_r30_i4,50,1,1,1,1,3,"2,0,1","0.0900,0.6652,0.2447",1.0
kitchen,kitchen_h2_r30_i4,70,1,1,1,1,5,"4,0,1","0.0132,0.7214,0.2654",1.0
kitchen,kitchen_h2_r30_i4,100,1,1,1,1,6,"5,0,2","0.0059,0.8756,0.1185",1.0
kitchen,kitchen_h2_r30_i4,10,2,0,2,0,1,"0,1,0","0.4223,0.1554,0.4223",1.0
kitchen,kitchen_h2_r30_i4,30,2,2,1,1,2,"1,1,0","0.2119,0.2119,0.5761",1.0
kitchen,kitchen_h2_r30_i4,50,2,2,1,1,3,"2,2,0","0.1065,0.1065,0.7870",1.0
kitchen,kitchen_h2_r30_i4,70,2,2,1,1,4,"4,4,1","0.0453,0.0453,0.9094",1.0
kitchen,kitchen_h2_r30_i4,100,2,2,1,1,5,"5,5,1","0.0177,0.0177,0.9647",1.0
kitchen,kitchen_h2_r30_i5,10,0,0,1,1,2,"0,1,1","0.5761,0.2119,0.2119",1.0
kitchen,kitchen_h2_r30_i5,30,0,0,1,1,6,"0,5,5","0.9867,0.0066,0.0066",1.0
kitchen,kitchen_h2_r30_i5,50,0,0,1,1,10,"0,9,9","0.9998,0.0001,0.0001",1.0
kitchen,kitchen_h2_r30_i5,70,0,0,1,1,14,"0,13,13","1.0000,0.0000,0.0000",1.0
kitchen,kitchen_h2_r30_i5,100,0,0,1,1,19,"1,19,19","1.0000,0.0000,0.0000",1.0
kitchen,kitchen_h2_r30_i5,10,1,0,3,0,1,"0,0,0","0.3333,0.3333,0.3333",1.0
kitchen,kitchen_h2_r30_i5,30,1,1,2,1,2,"1,0,0","0.1554,0.4223,0.4223",1.0
kitchen,kitchen_h2_r30_i5,50,1,1,1,1,3,"2,0,1","0.0900,0.6652,0.2447",1.0
kitchen,kitchen_h2_r30_i5,70,1,1,1,1,5,"4,0,1","0.0132,0.7214,0.2654",1.0
kitchen,kitchen_h2_r30_i5,100,1,1,1,1,6,"5,0,2","0.0059,0.8756,0.1185",1.0
kitchen,kitchen_h2_r30_i5,10,2,0,2,0,1,"0,1,0","0.4223,0.1554,0.4223",1.0
kitchen,kitchen_h2_r30_i5,30,2,2,1,1,2,"1,1,0","0.2119,0.2119,0.5761",1.0
kitchen,kitchen_h2_r30_i5,50,2,2,1,1,3,"2,2,0","0.1065,0.1065,0.7870",1.0
kitchen,kitchen_h2_r30_i5,70,2,2,1,1,4,"4,4,1","0.0453,0.0453,0.9094",1.0
kitchen,kitchen_h2_r30_i5,100,2,2,1,1,5,"5,5,1","0.0177,0.0177,0.9647",1.0
kitchen,kitchen_h2_r30_i6,10,0,0,1,1,2,"0,1,1","0.5761,0.2119,0.2119",1.0
kitchen,kitchen_h2_r30_i6,30,0,0,1,1,6,"0,5,5","0.9867,0.0066,0.0066",1.0
kitchen,kitchen_h2_r30_i6,50,0,0,1,1,10,"0,9,9","0.9998,0.0001,0.0001",1.0
kitchen,kitchen_h2_r30_i6,70,0,0,1,1,14,"0,13,13","1.0000,0.0000,0.0000",1.0
kitchen,kitchen_h2_r30_i6,100,0,0,1,1,19,"1,19,19","1.0000,0.0000,0.0000",1.0
kitchen,kitchen_h2_r30_i6,10,1,0,3,0,1,"0,0,0","0.3333,0.3333,0.3333",1.0
kitchen,kitchen_h2_r30_i6,30,1,1,2,1,2,"1,0,0","0.1554,0.4223,0.4223",1.0
kitchen,kitchen_h2_r30_i6,50,1,1,1,1,3,"2,0,1","0.0900,0.6652,0.2447",1.0
kitchen,kitchen_h2_r30_i6,70,1,1,1,1,5,"4,0,1","0.0132,0.7214,0.2654",1.0
kitchen,kitchen_h2_r30_i6,100,1,1,1,1,6,"5,0,2","0.0059,0.8756,0.1185",1.0
kitchen,kitchen_h2_r30_i6,10,2,0,2,0,1,"0,1,0","0.4223,0.1554,0.4223",1.0
kitchen,kitchen_h2_r30_i6,30,2,2,1,1,2,"1,1,0","0.2119,0.2119,0.5761",1.0
kitchen,kitchen_h2_r30_i6,50,2,2,1,1,3,"2,2,0","0.1065,0.1065,0.7870",1.0
kitchen,kitchen_h2_r30_i6,70,2,2,1,1,4,"4,4,1","0.0453,0.0453,0.9094",1.0
kitchen,kitchen_h2_r30_i6,100,2,2,1,1,5,"5,5,1","0.0177,0.0177,0.9647",1.0
kitchen,kitchen_h2_r30_i7,10,0,0,1,1,2,"0,1,1","0.5761,0.2119,0.2119",1.0
kitchen,kitchen_h2_r30_i7,30,0,0,1,1,6,"0,5,5","0.9867,0.0066,0.0066",1.0
kitchen,kitchen_h2_r30_i7,50,0,0,1,1,10,"0,9,9","0.9998,0.0001,0.0001",1.0
kitchen,kitchen_h2_r30_i7,70,0,0,1,1,14,"0,13,13","1.0000,0.0000,0.0000",1.0
kitchen,kitchen_h2_r30_i7,100,0,0,1,1,19,"1,19,19","1.0000,0.0000,0.0000",1.0
kitchen,kitchen_h2_r30_i7,10,1,0,3,0,1,"0,0,0","0.3333,0.3333,0.3333",1.0
kitchen,kitchen_h2_r30_i7,30,1,1,2,1,2,"1,0,0","0.1554,0.4223,0.4223",1.0
kitchen,kitchen_h2_r30_i7,50,1,1,1,1,3,"2,0,1","0.0900,0.6652,0.2447",1.0
kitchen,kitchen_h2_r30_i7,70,1,1,1,1,5,"4,0,1","0.0132,0.7214,0.2654",1.0
kitchen,kitchen_h2_r30_i7,100,1,1,1,1,6,"5,0,2","0.0059,0.8756,0.1185",1.0
kitchen,kitchen_h2_r30_i7,10,2,0,2,0,1,"0,1,0","0.4223,0.1554,0.4223",1.0
kitchen,kitchen_h2_r30_i7,30,2,2,1,1,2,"1,1,0","0.2119,0.2119,0.5761",1.0
kitchen,kitchen_h2_r30_i7,50,2,2,1,1,3,"2,2,0","0.1065,0.1065,0.7870",1.0
kitchen,kitchen_h2_r30_i7,70,2,2,1,1,4,"4,4,1","0.0453,0.0453,0.9094",1.0
kitchen,kitchen_h2_r30_i7,100,2,2,1,1,5,"5,5,1","0.0177,0.0177,0.9647",1.0
kitchen,kitchen_h2_r30_i8,10,0,0,1,1,2,"0,1,1","0.5761,0.2119,0.2119",1.0
kitchen,kitchen_h2_r30_i8,30,0,0,1,1,6,"0,5,5","0.9867,0.0066,0.0066",1.0
kitchen,kitchen_h2_r30_i8,50,0,0,1,1,10,"0,9,9","0.9998,0.0001,0.0001",1.0
kitchen,kitchen_h2_r30_i8,70,0,0,1,1,14,"0,13,13","1.0000,0.0000,0.0000",1.0
kitchen,kitchen_h2_r30_i8,100,0,0,1,1,19,"1,19,19","1.0000,0.0000,0.0000",1.0
kitchen,kitchen_h2_r30_i8,10,1,0,3,0,1,"0,0,0","0.3333,0.3333,0.3333",1.0
kitchen,kitchen_h2_r30_i8,30,1,1,2,1,2,"1,0,0","0.1554,0.4223,0.4223",1.0
kitchen,kitchen_h2_r30_i8,50,1,1,1,1,3,"2,0,1","0.0900,0.6652,0.2447",1.0
kitchen,kitchen_h2_r30_i8,70,1,1,1,1,5,"4,0,1","0.0132,0.7214,0.2654",1.0
kitchen,kitchen_h2_r30_i8,100,1,1,1,1,6,"5,0,2","0.0059,0.8756,0.1185",1.0
kitchen,kitchen_h2_r30_i8,10,2,0,2,0,1,"0,1,0","0.4223,0.1554,0.4223",1.0
kitchen,kitchen_h2_r30_i8,30,2,2,1,1,2,"1,1,0","0.2119,0.2119,0.5761",1.0
kitchen,kitchen_h2_r30_i8,50,2,2,1,1,3,"2,2,0","0.1065,0.1065,0.7870",1.0
kitchen,kitchen_h2_r30_i8,70,2,2,1,1,4,"4,4,1","0.0453,0.0453,0.9094",1.0
kitchen,kitchen_h2_r30_i8,100,2,2,1,1,5,"5,5,1","0.0177,0.0177,0.9647",1.0
kitchen,kitchen_h2_r50_i0,10,0,0,1,1,2,"0,1,1","0.5761,0.2119,0.2119",1.0
kitchen,kitchen_h2_r50_i0,30,0,0,1,1,6,"0,5,5","0.9867,0.0066,0.0066",1.0
kitchen,kitchen_h2_r50_i0,50,0,0,1,1,10,"0,9,9","0.9998,0.0001,0.0001",1.0
kitchen,kitchen_h2_r50_i0,70,0,0,1,1,14,"0,13,13","1.0000,0.0000,0.0000",1.0
kitchen,kitchen_h2_r50_i0,100,0,0,1,1,19,"1,19,19","1.0000,0.0000,0.0000",1.0
kitchen,kitchen_h2_r50_i0,10,1,0,3,0,1,"0,0,0","0.3333,0.3333,0.3333",1.0
kitchen,kitchen_h2_r50_i0,30,1,1,2,1,2,"1,0,0","0.1554,0.4223,0.4223",1.0
kitchen,kitchen_h2_r50_i0,50,1,1,1,1,3,"2,0,1","0.0900,0.6652,0.2447",1.0
kitchen,kitchen_h2_r50_i0,70,1,1,1,1,5,"4,0,1","0.0132,0.7214,0.2654",1.0
kitchen,kitchen_h2_r50_i0,100,1,1,1,1,6,"5,0,2","0.0059,0.8756,0.1185",1.0
kitchen,kitchen_h2_r50_i0,10,2,0,2,0,1,"0,1,0","0.4223,0.1554,0.4223",1.0
kitchen,kitchen_h2_r50_i0,30,2,2,1,1,2,"1,1,0","0.2119,0.2119,0.5761",1.0
kitchen,kitchen_h2_r50_i0,50,2,2,1,1,3,"2,2,0","0.1065,0.1065,0.7870",1.0
kitchen,kitchen_h2_r50_i0,70,2,2,1,1,4,"4,4,1","0.0453,0.0453,0.9094",1.0
kitchen,kitchen_h2_r50_i0,100,2,2,1,1,5,"5,5,1","0.0177,0.0177,0.9647",1.0
kitchen,kitchen_h2_r50_i1,10,0,0,1,1,2,"0,1,1","0.5761,0.2119,0.2119",1.0
kitchen,kitchen_h2_r50_i1,30,0,0,1,1,6,"0,5,5","0.9867,0.0066,0.0066",1.0
kitchen,kitchen_h2_r50_i1,50,0,0,1,1,10,"0,9,9","0.9998,0.0001,0.0001",1.0
kitchen,kitchen_h2_r50_i1,70,0,0,1,1,14,"0,13,13","1.0000,0.0000,0.0000",1.0
kitchen,kitchen_h2_r50_i1,100,0,0,1,1,19,"1,19,19","1.0000,0.0000,0.0000",1.0
kitchen,kitchen_h2_r50_i1,10,1,0,3,0,1,"0,0,0","0.3333,0.3333,0.3333",1.0
kitchen,kitchen_h2_r50_i1,30,1,1,2,1,2,"1,0,0","0.1554,0.4223,0.4223",1.0
kitchen,kitchen_h2_r50_i1,50,1,1,1,1,3,"2,0,1","0.0900,0.6652,0.2447",1.0
kitchen,kitchen_h2_r50_i1,70,1,1,1,1,5,"4,0,1","0.0132,0.7214,0.2654",1.0
kitchen,kitchen_h2_r50_i1,100,1,1,1,1,6,"5,0,2","0.0059,0.8756,0.1185",1.0
kitchen,kitchen_h2_r50_i1,10,2,0,2,0,1,"0,1,0","0.4223,0.1554,0.4223",1.0
kitchen,kitchen_h2_r50_i1,30,2,2,1,1,2,"1,1,0","0.2119,0.2119,0.5761",1.0
kitchen,kitchen_h2_r50_i1,50,2,2,1,1,3,"2,2,0","0.1065,0.1065,0.7870",1.0
kitchen,kitchen_h2_r50_i1,70,2,2,1,1,4,"4,4,1","0.0453,0.0453,0.9094",1.0
kitchen,kitchen_h2_r50_i1,100,2,2,1,1,5,"5,5,1","0.0177,0.0177,0.9647",1.0
kitchen,kitchen_h2_r50_i9,10,0,0,1,1,2,"0,1,1","0.5761,0.2119,0.2119",1.0
kitchen,kitchen_h2_r50_i9,30,0,0,1,1,6,"0,5,5","0.9867,0.0066,0.0066",1.0
kitchen,kitchen_h2_r50_i9,50,0,0,1,1,10,"0,9,9","0.9998,0.0001,0.0001",1.0
kitchen,kitchen_h2_r50_i9,70,0,0,1,1,14,"0,13,13","1.0000,0.0000,0.0000",1.0
kitchen,kitchen_h2_r50_i9,100,0,0,1,1,19,"1,19,19","1.0000,0.0000,0.0000",1.0
kitchen,kitchen_h2_r50_i9,10,1,0,3,0,1,"0,0,0","0.3333,0.3333,0.3333",1.0
kitchen,kitchen_h2_r50_i9,30,1,1,2,1,2,"1,0,0","0.1554,0.4223,0.4223",1.0
kitchen,kitchen_h2_r50_i9,50,1,1,1,1,3,"2,0,1","0.0900,0.6652,0.2447",1.0
kitchen,kitchen_h2_r50_i9,70,1,1,1,1,5,"4,0,1","0.0132,0.7214,0.2654",1.0
kitchen,kitchen_h2_r50_i9,100,1,1,1,1,6,"5,0,2","0.0059,0.8756,0.1185",1.0
kitchen,kitchen_h2_r50_i9,10,2,0,2,0,1,"0,1,0","0.4223,0.1554,0.4223",1.0
kitchen,kitchen_h2_r50_i9,30,2,2,1,1,2,"1,1,0","0.2119,0.2119,0.5761",1.0
kitchen,kitchen_h2_r50_i9,50,2,2,1,1,3,"2,2,0","0.1065,0.1065,0.7870",1.0
kitchen,kitchen_h2_r50_i9,70,2,2,1,1,4,"4,4,1","0.0453,0.0453,0.9094",1.0
kitchen,kitchen_h2_r50_i9,100,2,2,1,1,5,"5,5,1","0.0177,0.0177,0.9647",1.0
kitchen,kitchen_h2_r70_i0,10,0,0,1,1,2,"0,1,1","0.5761,0.2119,0.2119",1.0
kitchen,kitchen_h2_r70_i0,30,0,0,1,1,6,"0,5,5","0.9867,0.0066,0.0066",1.0
kitchen,kitchen_h2_r70_i0,50,0,0,1,1,10,"0,9,9","0.9998,0.0001,0.0001",1.0
kitchen,kitchen_h2_r70_i0,70,0,0,1,1,14,"0,13,13","1.0000,0.0000,0.0000",1.0
kitchen,kitchen_h2_r70_i0,100,0,0,1,1,19,"1,19,19","1.0000,0.0000,0.0000",1.0
kitchen,kitchen_h2_r70_i0,10,1,0,3,0,1,"0,0,0","0.3333,0.3333,0.3333",1.0
kitchen,kitchen_h2_r70_i0,30,1,1,2,1,2,"1,0,0","0.1554,0.4223,0.4223",1.0
kitchen,kitchen_h2_r70_i0,50,1,1,1,1,3,"2,0,1","0.0900,0.6652,0.2447",1.0
kitchen,kitchen_h2_r70_i0,70,1,1,1,1,5,"4,0,1","0.0132,0.7214,0.2654",1.0
kitchen,kitchen_h2_r70_i0,100,1,1,1,1,6,"5,0,2","0.0059,0.8756,0.1185",1.0
kitchen,kitchen_h2_r70_i0,10,2,0,2,0,1,"0,1,0","0.4223,0.1554,0.4223",1.0
kitchen,kitchen_h2_r70_i0,30,2,2,1,1,2,"1,1,0","0.2119,0.2119,0.5761",1.0
kitchen,kitchen_h2_r70_i0,50,2,2,1,1,3,"2,2,0","0.1065,0.1065,0.7870",1.0
kitchen,kitchen_h2_r70_i0,70,2,2,1,1,4,"4,4,1","0.0453,0.0453,0.9094",1.0
kitchen,kitchen_h2_r70_i0,100,2,2,1,1,5,"5,5,1","0.0177,0.0177,0.9647",1.0
kitchen,kitchen_h2_r70_i1,10,0,0,1,1,2,"0,1,1","0.5761,0.2119,0.2119",1.0
kitchen,kitchen_h2_r70_i1,30,0,0,1,1,6,"0,5,5","0.9867,0.0066,0.0066",1.0
kitchen,kitchen_h2_r70_i1,50,0,0,1,1,10,"0,9,9","0.9998,0.0001,0.0001",1.0
kitchen,kitchen_h2_r70_i1,70,0,0,1,1,14,"0,13,13","1.0000,0.0000,0.0000",1.0
kitchen,kitchen_h2_r70_i1,100,0,0,1,1,19,"1,19,19","1.0000,0.0000,0.0000",1.0
kitchen,kitchen_h2_r70_i1,10,1,0,3,0,1,"0,0,0","0.3333,0.3333,0.3333",1.0
kitchen,kitchen_h2_r70_i1,30,1,1,2,1,2,"1,0,0","0.1554,0.4223,0.4223",1.0
kitchen,kitchen_h2_r70_i1,50,1,1,1,1,3,"2,0,1","0.0900,0.6652,0.2447",1.0
kitchen,kitchen_h2_r70_i1,70,1,1,1,1,5,"4,0,1","0.0132,0.7214,0.2654",1.0
kitchen,kitchen_h2_r70_i1,100,1,1,1,1,6,"5,0,2","0.0059,0.8756,0.1185",1.0
kitchen,kitchen_h2_r70_i1,10,2,0,2,0,1,"0,1,0","0.4223,0.1554,0.4223",1.0
kitchen,kitchen_h2_r70_i1,30,2,2,1,1,2,"1,1,0","0.2119,0.2119,0.5761",1.0
kitchen,kitchen_h2_r70_i1,50,2,2,1,1,3,"2,2,0","0.1065,0.1065,0.7870",1.0
kitchen,kitchen_h2_r70_i1,70,2,2,1,1,4,"4,4,1","0.0453,0.0453,0.9094",1.0
kitchen,kitchen_h2_r70_i1,100,2,2,1,1,5,"5,5,1","0.0177,0.0177,0.9647",1.0
kitchen,kitchen_h2_r70_i4,10,0,0,1,1,2,"0,1,1","0.5761,0.2119,0.2119",1.0
kitchen,kitchen_h2_r70_i4,30,0,0,1,1,6,"0,5,5","0.9867,0.0066,0.0066",1.0
kitchen,kitchen_h2_r70_i4,50,0,0,1,1,10,"0,9,9","0.9998,0.0001,0.0001",1.0
kitchen,kitchen_h2_r70_i4,70,0,0,1,1,14,"0,13,13","1.0000,0.0000,0.0000",1.0
kitchen,kitchen_h2_r70_i4,100,0,0,1,1,19,"1,19,19","1.0000,0.0000,0.0000",1.0
kitchen,kitchen_h2_r70_i4,10,1,0,3,0,1,"0,0,0","0.3333,0.3333,0.3333",1.0
kitchen,kitchen_h2_r70_i4,30,1,1,2,1,2,"1,0,0","0.1554,0.4223,0.4223",1.0
kitchen,kitchen_h2_r70_i4,50,1,1,1,1,3,"2,0,1","0.0900,0.6652,0.2447",1.0
kitchen,kitchen_h2_r70_i4,70,1,1,1,1,5,"4,0,1","0.0132,0.7214,0.2654",1.0
kitchen,kitchen_h2_r70_i4,100,1,1,1,1,6,"5,0,2","0.0059,0.8756,0.1185",1.0
kitchen,kitchen_h2_r70_i4,10,2,0,2,0,1,"0,1,0","0.4223,0.1554,0.4223",1.0
kitchen,kitchen_h2_r70_i4,30,2,2,1,1,2,"1,1,0","0.2119,0.2119,0.5761",1.0
kitchen,kitchen_h2_r70_i4,50,2,2,1,1,3,"2,2,0","0.1065,0.1065,0.7870",1.0
kitchen,kitchen_h2_r70_i4,70,2,2,1,1,4,"4,4,1","0.0453,0.0453,0.9094",1.0
kitchen,kitchen_h2_r70_i4,100,2,2,1,1,5,"5,5,1","0.0177,0.0177,0.9647",1.0
kitchen,kitchen_h2_r70_i6,10,0,0,1,1,2,"0,1,1","0.5761,0.2119,0.2119",1.0
kitchen,kitchen_h2_r70_i6,30,0,0,1,1,6,"0,5,5","0.9867,0.0066,0.0066",1.0
kitchen,kitchen_h2_r70_i6,50,0,0,1,1,10,"0,9,9","0.9998,0.0001,0.0001",1.0
kitchen,kitchen_h2_r70_i6,70,0,0,1,1,14,"0,13,13","1.0000,0.0000,0.0000",1.0
kitchen,kitchen_h2_r70_i6,100,0,0,1,1,19,"1,19,19","1.0000,0.0000,0.0000",1.0
kitchen,kitchen_h2_r70_i6,10,1,0,3,0,1,"0,0,0","0.3333,0.3333,0.3333",1.0
kitchen,kitchen_h2_r70_i6,30,1,1,2,1,2,"1,0,0","0.1554,0.4223,0.4223",1.0
kitchen,kitchen_h2_r70_i6,50,1,1,1,1,3,"2,0,1","0.0900,0.6652,0.2447",1.0
kitchen,kitchen_h2_r70_i6,70,1,1,1,1,5,"4,0,1","0.0132,0.7214,0.2654",1.0
kitchen,kitchen_h2_r70_i6,100,1,1,1,1,6,"5,0,2","0.0059,0.8756,0.1185",1.0
kitchen,kitchen_h2_r70_i6,10,2,0,2,0,1,"0,1,0","0.4223,0.1554,0.4223",1.0
kitchen,kitchen_h2_r70_i6,30,2,2,1,1,2,"1,1,0","0.2119,0.2119,0.5761",1.0
kitchen,kitchen_h2_r70_i6,50,2,2,1,1,3,"2,2,0","0.1065,0.1065,0.7870",1.0
kitchen,kitchen_h2_r70_i6,70,2,2,1,1,4,"4,4,1","0.0453,0.0453,0.9094",1.0
kitchen,kitchen_h2_r70_i6,100,2,2,1,1,5,"5,5,1","0.0177,0.0177,0.9647",1.0
kitchen,kitchen_h2_rfull_i5,10,0,0,1,1,2,"0,1,1","0.5761,0.2119,0.2119",1.0
kitchen,kitchen_h2_rfull_i5,30,0,0,1,1,6,"0,5,5","0.9867,0.0066,0.0066",1.0
kitchen,kitchen_h2_rfull_i5,50,0,0,1,1,10,"0,9,9","0.9998,0.0001,0.0001",1.0
kitchen,kitchen_h2_rfull_i5,70,0,0,1,1,14,"0,13,13","1.0000,0.0000,0.0000",1.0
kitchen,kitchen_h2_rfull_i5,100,0,0,1,1,19,"1,19,19","1.0000,0.0000,0.0000",1.0
kitchen,kitchen_h2_rfull_i5,10,1,0,3,0,1,"0,0,0","0.3333,0.3333,0.3333",1.0
kitchen,kitchen_h2_rfull_i5,30,1,1,2,1,2,"1,0,0","0.1554,0.4223,0.4223",1.0
kitchen,kitchen_h2_rfull_i5,50,1,1,1,1,3,"2,0,1","0.0900,0.6652,0.2447",1.0
kitchen,kitchen_h2_rfull_i5,70,1,1,1,1,5,"4,0,1","0.0132,0.7214,0.2654",1.0
kitchen,kitchen_h2_rfull_i5,100,1,1,1,1,6,"5,0,2","0.0059,0.8756,0.1185",1.0
kitchen,kitchen_h2_rfull_i5,10,2,0,2,0,1,"0,1,0","0.4223,0.1554,0.4223",1.0
kitchen,kitchen_h2_rfull_i5,30,2,2,1,1,2,"1,1,0","0.2119,0.2119,0.5761",1.0
kitchen,kitchen_h2_rfull_i5,50,2,2,1,1,3,"2,2,0","0.1065,0.1065,0.7870",1.0
kitchen,kitchen_h2_rfull_i5,70,2,2,1,1,4,"4,4,1","0.0453,0.0453,0.9094",1.0
kitchen,kitchen_h2_rfull_i5,100,2,2,1,1,5,"5,5,1","0.0177,0.0177,0.9647",1.0
logistics,p01,10,0,0,2,1,2,"0,2,2,0","0.4404,0.0596,0.0596,0.4404",1.0
logistics,p01,30,0,0,1,1,6,"0,5,5,1","0.7239,0.0049,0.0049,0.2663",1.0
logistics,p01,50,0,0,1,1,10,"0,8,8,2","0.8803,0.0003,0.0003,0.1191",1.0
logistics,p01,70,0,0,1,1,14,"0,11,11,3","0.9525,0.0000,0.0000,0.0474",1.0
logistics,p01,100,0,0,1,1,19,"0,15,14,7","0.9991,0.0000,0.0000,0.0009",1.0
logistics,p01,10,1,1,2,1,2,"2,0,0,2","0.0596,0.4404,0.4404,0.0596",1.0
logistics,p01,30,1,1,1,1,6,"5,0,3,5","0.0063,0.9405,0.0468,0.0063",1.0
logistics,p01,50,1,1,1,1,10,"8,0,4,8","0.0003,0.9814,0.0180,0.0003",1.0
logistics,p01,70,1,1,1,1,14,"11,0,7,11","0.0000,0.9991,0.0009,0.0000",1.0
logistics,p01,100,1,1,1,1,19,"15,0,11,15","0.0000,1.0000,0.0000,0.0000",1.0
logistics,p01,10,2,1,2,0,2,"2,0,0,2","0.0596,0.4404,0.4404,0.0596",1.0
logistics,p01,30,2,2,1,1,6,"6,2,0,4","0.0021,0.1171,0.8650,0.0158",1.0
logistics,p01,50,2,2,1,1,10,"8,4,0,5","0.0003,0.0179,0.9752,0.0066",1.0
logistics,p01,70,2,2,1,1,14,"12,8,0,8","0.0000,0.0003,0.9993,0.0003",1.0
logistics,p01,100,2,2,1,1,19,"15,12,0,11","0.0000,0.0000,1.0000,0.0000",1.0
logistics,p01,10,3,2,2,0,2,"2,2,0,0","0.0596,0.0596,0.4404,0.4404",1.0
logistics,p01,30,3,3,1,1,6,"2,5,3,0","0.1135,0.0057,0.0418,0.8390",1.0
logistics,p01,50,3,3,1,1,10,"3,8,4,0","0.0466,0.0003,0.0171,0.9359",1.0
logistics,p01,70,3,3,1,1,14,"3,11,8,0","0.0474,0.0000,0.0003,0.9523",1.0
logistics,p01,100,3,3,1,1,20,"8,16,11,0","0.0003,0.0000,0.0000,0.9996",1.0
logistics,p02,10,0,0,3,1,2,"0,2,0,1,1,0,1","0.2359,0.0319,0.2359,0.0868,0.0868,0.2359,0.0868",1.0
logistics,p02,30,0,0,2,1,6,"0,4,1,3,4,0,4","0.4044,0.0074,0.1488,0.0201,0.0074,0.4044,0.0074",1.0
logistics,p02,50,0,0,2,1,10,"0,5,2,4,7,0,7","0.4625,0.0031,0.0626,0.0085,0.0004,0.4625,0.0004",1.0
logistics,p02,70,0,0,2,1,14,"0,8,6,7,11,0,11","0.4991,0.0002,0.0012,0.0005,0.0000,0.4991,0.0000",1.0
logistics,p02,100,0,0,1,1,19,"0,11,9,10,15,3,14","0.9524,0.0000,0.0001,0.0000,0.0000,0.0474,0.0000",1.0
logistics,p02,10,1,1,1,1,2,"1,0,2,1,2,1,2","0.1466,0.3985,0.0539,0.1466,0.0539,0.1466,0.0539",1.0
logistics,p02,30,1,1,1,1,6,"3,0,5,3,6,3,6","0.0429,0.8613,0.0058,0.0429,0.0021,0.0429,0.0021",1.0
logistics,p02,50,1,1,1,1,9,"5,0,7,5,8,5,8","0.0066,0.9787,0.0009,0.0066,0.0003,0.0066,0.0003",1.0
logistics,p02,70,1,1,1,1,13,"8,0,11,8,11,8,11","0.0003,0.9989,0.0000,0.0003,0.0000,0.0003,0.0000",1.0
logistics,p02,100,1,1,1,1,18,"11,0,15,8,15,8,15","0.0000,0.9993,0.0000,0.0003,0.0000,0.0003,0.0000",1.0
logistics,p02,10,2,0,3,0,2,"0,2,0,1,1,0,1","0.2359,0.0319,0.2359,0.0868,0.0868,0.2359,0.0868",1.0
logistics,p02,30,2,2,1,1,6,"2,5,0,4,3,2,3","0.0970,0.0048,0.7167,0.0131,0.0357,0.0970,0.0357",1.0
logistics,p02,50,2,2,1,1,10,"3,7,0,6,5,3,5","0.0446,0.0008,0.8957,0.0022,0.0060,0.0446,0.0060",1.0
logistics,p02,70,2,2,1,1,14,"6,11,0,9,9,6,9","0.0025,0.0000,0.9947,0.0001,0.0001,0.0025,0.0001",1.0
logistics,p02,100,2,2,1,1,20,"10,16,0,14,14,11,13","0.0000,0.0000,0.9999,0.0000,0.0000,0.0000,0.0000",1.0
logistics,p02,10,3,0,4,0,2,"0,0,1,0,2,0,2","0.2156,0.2156,0.0793,0.2156,0.0292,0.2156,0.0292",1.0
logistics,p02,30,3,3,1,1,6,"1,2,3,0,3,1,3","0.1821,0.0670,0.0246,0.4949,0.0246,0.1821,0.0246",1.0
logistics,p02,50,3,3,1,1,10,"4,5,6,0,3,4,3","0.0160,0.0059,0.0022,0.8730,0.0435,0.0160,0.0435",1.0
logistics,p02,70,3,3,1,1,14,"7,8,9,0,6,7,6","0.0009,0.0003,0.0001,0.9928,0.0025,0.0009,0.0025",1.0
logistics,p02,100,3,3,1,1,19,"10,8,13,0,10,7,10","0.0000,0.0003,0.0000,0.9986,0.0000,0.0009,0.0000",1.0
logistics,p02,10,4,3,3,0,2,"1,2,1,0,0,1,0","0.0868,0.0319,0.0868,0.2359,0.2359,0.0868,0.2359",1.0
logistics,p02,30,4,4,2,1,6,"4,5,3,3,0,4,0","0.0085,0.0031,0.0232,0.0232,0.4666,0.0085,0.4666",1.0
logistics,p02,50,4,4,2,1,10,"6,7,5,3,0,6,0","0.0012,0.0004,0.0033,0.0241,0.4849,0.0012,0.4849",1.0
logistics,p02,70,4,4,2,1,14,"10,10,9,6,0,10,0","0.0000,0.0000,0.0001,0.0012,0.4993,0.0000,0.4993",1.0
logistics,p02,100,4,4,1,1,20,"15,15,14,11,0,15,3","0.0000,0.0000,0.0000,0.0000,0.9526,0.0000,0.0474",1.0
logistics,p02,10,5,0,3,0,2,"0,1,1,0,1,0,1","0.2236,0.0823,0.0823,0.2236,0.0823,0.2236,0.0823",1.0
logistics,p02,30,5,0,2,0,6,"0,4,1,3,4,0,4","0.4044,0.0074,0.1488,0.0201,0.0074,0.4044,0.0074",1.0
logistics,p02,50,5,0,2,0,10,"0,5,2,4,7,0,7","0.4625,0.0031,0.0626,0.0085,0.0004,0.4625,0.0004",1.0
logistics,p02,70,5,0,2,0,14,"0,8,6,7,11,0,11","0.4991,0.0002,0.0012,0.0005,0.0000,0.4991,0.0000",1.0
logistics,p02,100,5,5,1,1,19,"3,8,10,7,15,0,15","0.0474,0.0003,0.0000,0.0009,0.0000,0.9514,0.0000",1.0
logistics,p02,10,6,3,3,0,2,"1,2,1,0,0,1,0","0.0868,0.0319,0.0868,0.2359,0.2359,0.0868,0.2359",1.0
logistics,p02,30,6,4,2,0,6,"4,5,3,2,0,4,0","0.0082,0.0030,0.0223,0.0607,0.4487,0.0082,0.4487",1.0
logistics,p02,50,6,4,2,0,10,"6,7,5,3,0,6,0","0.0012,0.0004,0.0033,0.0241,0.4849,0.0012,0.4849",1.0
logistics,p02,70,6,4,2,0,14,"10,10,9,6,0,10,0","0.0000,0.0000,0.0001,0.0012,0.4993,0.0000,0.4993",1.0
logistics,p02,100,6,6,1,1,20,"14,15,13,11,3,15,0","0.0000,0.0000,0.0000,0.0000,0.0474,0.0000,0.9526",1.0
logistics,p03,10,0,0,1,1,2,"0,2,2,2,2","0.6488,0.0878,0.0878,0.0878,0.0878",1.0
logistics,p03,30,0,0,1,1,6,"0,5,5,5,5","0.9738,0.0066,0.0066,0.0066,0.0066",1.0
logistics,p03,50,0,0,1,1,10,"0,8,8,5,7","0.9917,0.0003,0.0003,0.0067,0.0009",1.0
logistics,p03,70,0,0,1,1,14,"0,11,12,7,11","0.9990,0.0000,0.0000,0.0009,0.0000",1.0
logistics,p03,100,0,0,1,1,19,"0,16,16,11,16","1.0000,0.0000,0.0000,0.0000,0.0000",1.0
logistics,p03,10,1,1,2,1,2,"2,0,1,2,0","0.0513,0.3790,0.1394,0.0513,0.3790",1.0
logistics,p03,30,1,1,2,1,5,"4,0,3,4,0","0.0088,0.4793,0.0239,0.0088,0.4793",1.0
logistics,p03,50,1,1,2,1,7,"5,0,5,5,0","0.0033,0.4950,0.0033,0.0033,0.4950",1.0
logistics,p03,70,1,1,1,1,10,"7,0,8,7,1","0.0007,0.7299,0.0002,0.0007,0.2685",1.0
logistics,p03,100,1,1,1,1,14,"10,0,12,10,6","0.0000,0.9974,0.0000,0.0000,0.0025",1.0
logistics,p03,10,2,2,2,1,2,"2,1,0,2,0","0.0513,0.1394,0.3790,0.0513,0.3790",1.0
logistics,p03,30,2,2,2,1,4,"4,3,0,4,0","0.0088,0.0239,0.4793,0.0088,0.4793",1.0
logistics,p03,50,2,2,2,1,7,"5,6,0,5,0","0.0033,0.0012,0.4960,0.0033,0.4960",1.0
logistics,p03,70,2,2,1,1,10,"8,9,0,8,2","0.0003,0.0001,0.8802,0.0003,0.1191",1.0
logistics,p03,100,2,2,1,1,13,"10,12,0,11,6","0.0000,0.0000,0.9975,0.0000,0.0025",1.0
logistics,p03,10,3,1,2,0,2,"2,0,2,0,2","0.0562,0.4156,0.0562,0.4156,0.0562",1.0
logistics,p03,30,3,3,1,1,6,"4,4,4,0,4","0.0171,0.0171,0.0171,0.9317,0.0171",1.0
logistics,p03,50,3,3,1,1,10,"5,8,8,0,7","0.0067,0.0003,0.0003,0.9917,0.0009",1.0
logistics,p03,70,3,3,1,1,14,"7,11,12,0,11","0.0009,0.0000,0.0000,0.9990,0.0000",1.0
logistics,p03,100,3,3,1,1,19,"11,21,16,0,15","0.0000,0.0000,0.0000,1.0000,0.0000",1.0
logistics,p03,10,4,4,1,1,2,"2,1,1,2,0","0.0675,0.1834,0.1834,0.0675,0.4984",1.0
logistics,p03,30,4,4,1,1,6,"6,3,2,6,0","0.0021,0.0418,0.1137,0.0021,0.8403",1.0
logistics,p03,50,4,4,1,1,10,"8,3,5,8,0","0.0003,0.0471,0.0064,0.0003,0.9459",1.0
logistics,p03,70,4,4,1,1,14,"12,6,9,12,0","0.0000,0.0025,0.0001,0.0000,0.9974",1.0
logistics,p03,100,4,4,1,1,19,"16,11,12,15,0","0.0000,0.0000,0.0000,0.0000,1.0000",1.0
logistics,p04,10,0,0,4,1,2,"0,2,2,0,2,2,0,1,0,2","0.1982,0.0268,0.0268,0.1982,0.0268,0.0268,0.1982,0.0729,0.1982,0.0268",1.0
logistics,p04,30,0,0,2,1,6,"0,6,6,2,6,4,2,4,0,4","0.4286,0.0011,0.0011,0.0580,0.0011,0.0079,0.0580,0.0079,0.4286,0.0079",1.0
logistics,p04,50,0,0,2,1,10,"0,9,8,5,8,4,4,4,0,4","0.4806,0.0001,0.0002,0.0032,0.0002,0.0088,0.0088,0.0088,0.4806,0.0088",1.0
logistics,p04,70,0,0,2,1,14,"0,13,11,8,12,7,7,4,0,6","0.4943,0.0000,0.0000,0.0002,0.0000,0.0005,0.0005,0.0091,0.4943,0.0012",1.0
logistics,p04,100,0,0,1,1,19,"0,17,15,11,16,10,10,9,3,9","0.9523,0.0000,0.0000,0.0000,0.0000,0.0000,0.0000,0.0001,0.0474,0.0001",1.0
logistics,p04,10,1,1,1,1,2,"2,0,2,1,1,1,2,1,2,2","0.0430,0.3176,0.0430,0.1169,0.1169,0.1169,0.0430,0.1169,0.0430,0.0430",1.0
logistics,p04,30,1,1,1,1,6,"6,0,6,3,3,3,6,3,6,6","0.0020,0.8254,0.0020,0.0411,0.0411,0.0411,0.0020,0.0411,0.0020,0.0020",1.0
logistics,p04,50,1,1,1,1,9,"8,0,8,4,4,4,8,4,8,8","0.0003,0.9303,0.0003,0.0170,0.0170,0.0170,0.0003,0.0170,0.0003,0.0003",1.0
logistics,p04,70,1,1,1,1,13,"12,0,12,7,7,8,12,7,12,12","0.0000,0.9969,0.0000,0.0009,0.0009,0.0003,0.0000,0.0009,0.0000,0.0000",1.0
logistics,p04,100,1,1,1,1,18,"16,0,16,10,10,11,16,12,16,16","0.0000,0.9999,0.0000,0.0000,0.0000,0.0000,0.0000,0.0000,0.0000,0.0000",1.0
logistics,p04,10,2,2,2,1,2,"2,2,0,2,2,2,2,2,2,0","0.0439,0.0439,0.3244,0.0439,0.0439,0.0439,0.0439,0.0439,0.0439,0.3244",1.0
logistics,p04,30,2,2,1,1,6,"5,6,0,5,5,6,4,5,5,1","0.0047,0.0017,0.7018,0.0047,0.0047,0.0017,0.0129,0.0047,0.0047,0.2582",1.0
logistics,p04,50,2,2,1,1,10,"8,9,0,8,5,9,4,8,8,4","0.0003,0.0001,0.9570,0.0003,0.0064,0.0001,0.0175,0.0003,0.0003,0.0175",1.0
logistics,p04,70,2,2,1,1,14,"12,13,0,12,8,12,7,11,12,7","0.0000,0.0000,0.9978,0.0000,0.0003,0.0000,0.0009,0.0000,0.0000,0.0009",1.0
logistics,p04,100,2,2,1,1,19,"16,17,0,16,11,16,10,16,15,10","0.0000,0.0000,0.9999,0.0000,0.0000,0.0000,0.0000,0.0000,0.0000,0.0000",1.0
logistics,p04,10,3,0,4,0,2,"0,2,2,0,2,2,0,1,0,2","0.1982,0.0268,0.0268,0.1982,0.0268,0.0268,0.1982,0.0729,0.1982,0.0268",1.0
logistics,p04,30,3,3,1,1,6,"3,3,6,0,6,6,3,3,3,6","0.0395,0.0395,0.0020,0.7944,0.0020,0.0020,0.0395,0.0395,0.0395,0.0020",1.0
logistics,p04,50,3,3,1,1,9,"4,4,8,0,8,8,4,4,4,8","0.0168,0.0168,0.0003,0.9150,0.0003,0.0003,0.0168,0.0168,0.0168,0.0003",1.0
logistics,p04,70,3,3,1,1,13,"7,7,11,0,12,12,7,6,7,11","0.0009,0.0009,0.0000,0.9939,0.0000,0.0000,0.0009,0.0025,0.0009,0.0000",1.0
logistics,p04,100,3,3,1,1,18,"10,10,15,0,16,16,10,11,10,15","0.0000,0.0000,0.0000,0.9998,0.0000,0.0000,0.0000,0.0000,0.0000,0.0000",1.0
logistics,p04,10,4,4,1,1,2,"2,1,1,2,0,1,1,2,2,2","0.0430,0.1169,0.1169,0.0430,0.3176,0.1169,0.1169,0.0430,0.0430,0.0430",1.0
logistics,p04,30,4,4,1,1,6,"6,2,4,6,0,2,4,5,6,6","0.0019,0.1022,0.0138,0.0019,0.7553,0.1022,0.0138,0.0051,0.0019,0.0019",1.0
logistics,p04,50,4,4,1,1,9,"8,4,4,8,0,4,4,7,8,8","0.0003,0.0170,0.0170,0.0003,0.9298,0.0170,0.0170,0.0008,0.0003,0.0003",1.0
logistics,p04,70,4,4,1,1,13,"12,7,7,12,0,8,7,11,12,12","0.0000,0.0009,0.0009,0.0000,0.9969,0.0003,0.0009,0.0000,0.0000,0.0000",1.0
logistics,p04,100,4,4,1,1,18,"16,10,10,16,0,11,10,16,15,16","0.0000,0.0000,0.0000,0.0000,0.9998,0.0000,0.0000,0.0000,0.0000,0.0000",1.0
logistics,p04,10,5,1,3,0,2,"2,0,2,2,0,0,2,1,2,2","0.0324,0.2392,0.0324,0.0324,0.2392,0.2392,0.0324,0.0880,0.0324,0.0324",1.0
logistics,p04,30,5,5,1,1,6,"4,2,6,6,2,0,6,4,4,4","0.0136,0.1001,0.0018,0.0018,0.1001,0.7400,0.0018,0.0136,0.0136,0.0136",1.0
logistics,p04,50,5,5,1,1,10,"4,5,8,9,4,0,8,4,4,4","0.0167,0.0061,0.0003,0.0001,0.0167,0.9098,0.0003,0.0167,0.0167,0.0167",1.0
logistics,p04,70,5,5,1,1,14,"7,9,11,13,8,0,12,6,7,4","0.0009,0.0001,0.0000,0.0000,0.0003,0.9774,0.0000,0.0024,0.0009,0.0179",1.0
logistics,p04,100,5,5,1,1,19,"10,12,15,17,11,0,16,11,11,7","0.0000,0.0000,0.0000,0.0000,0.0000,0.9990,0.0000,0.0000,0.0000,0.0009",1.0
logistics,p04,10,6,0,4,0,2,"0,2,2,0,2,2,0,1,0,2","0.1982,0.0268,0.0268,0.1982,0.0268,0.0268,0.1982,0.0729,0.1982,0.0268",1.0
logistics,p04,30,6,6,1,1,6,"2,6,4,2,4,6,0,5,2,6","0.0929,0.0017,0.0126,0.0929,0.0126,0.0017,0.6864,0.0046,0.0929,0.0017",1.0
logistics,p04,50,6,6,1,1,9,"4,8,4,4,4,8,0,7,4,8","0.0167,0.0003,0.0167,0.0167,0.0167,0.0003,0.9145,0.0008,0.0167,0.0003",1.0
logistics,p04,70,6,6,1,1,13,"7,12,6,7,7,12,0,10,7,11","0.0009,0.0000,0.0025,0.0009,0.0009,0.0000,0.9938,0.0000,0.0009,0.0000",1.0
logistics,p04,100,6,6,1,1,18,"10,16,9,10,10,16,0,15,7,15","0.0000,0.0000,0.0001,0.0000,0.0000,0.0000,0.9988,0.0000,0.0009,0.0000",1.0
logistics,p04,10,7,7,1,1,2,"1,1,2,1,2,1,2,0,1,1","0.1018,0.1018,0.0375,0.1018,0.0375,0.1018,0.0375,0.2768,0.1018,0.1018",1.0
logistics,p04,30,7,7,1,1,6,"2,3,6,3,6,2,6,0,2,2","0.0821,0.0302,0.0015,0.0302,0.0015,0.0821,0.0015,0.6067,0.0821,0.0821",1.0
logistics,p04,50,7,7,1,1,9,"3,4,8,4,8,3,8,0,3,3","0.0403,0.0148,0.0003,0.0148,0.0003,0.0403,0.0003,0.8085,0.0403,0.0403",1.0
logistics,p04,70,7,7,1,1,13,"4,7,12,6,12,5,11,0,4,5","0.0174,0.0009,0.0000,0.0024,0.0000,0.0064,0.0000,0.9492,0.0174,0.0064",1.0
logistics,p04,100,7,7,1,1,18,"7,12,15,10,17,11,15,0,7,10","0.0009,0.0000,0.0000,0.0000,0.0000,0.0000,0.0000,0.9981,0.0009,0.0000",1.0
logistics,p04,10,8,0,4,0,2,"0,2,2,0,2,2,0,1,0,2","0.1982,0.0268,0.0268,0.1982,0.0268,0.0268,0.1982,0.0729,0.1982,0.0268",1.0
logistics,p04,30,8,0,2,0,6,"0,6,6,2,6,4,2,3,0,4","0.4229,0.0010,0.0010,0.0572,0.0010,0.0077,0.0572,0.0211,0.4229,0.0077",1.0
logistics,p04,50,8,0,2,0,10,"0,8,9,4,9,4,5,3,0,4","0.4735,0.0002,0.0001,0.0087,0.0001,0.0087,0.0032,0.0236,0.4735,0.0087",1.0
logistics,p04,70,8,0,2,0,14,"0,12,12,7,13,7,8,3,0,6","0.4868,0.0000,0.0000,0.0004,0.0000,0.0004,0.0002,0.0242,0.4868,0.0012",1.0
logistics,p04,100,8,8,1,1,19,"3,16,15,10,16,11,8,8,0,10","0.0474,0.0000,0.0000,0.0000,0.0000,0.0000,0.0003,0.0003,0.9519,0.0000",1.0
logistics,p04,10,9,2,2,0,2,"2,2,0,2,2,2,2,1,2,0","0.0408,0.0408,0.3016,0.0408,0.0408,0.0408,0.0408,0.1110,0.0408,0.3016",1.0
logistics,p04,30,9,9,1,1,6,"4,5,2,6,5,3,6,4,4,0","0.0146,0.0054,0.1075,0.0020,0.0054,0.0396,0.0020,0.0146,0.0146,0.7946",1.0
logistics,p04,50,9,9,1,1,10,"5,9,4,10,8,4,9,5,5,0","0.0064,0.0001,0.0173,0.0000,0.0003,0.0173,0.0001,0.0064,0.0064,0.9457",1.0
logistics,p04,70,9,9,1,1,14,"6,12,6,13,11,4,12,5,6,0","0.0024,0.0000,0.0024,0.0000,0.0000,0.0177,0.0000,0.0065,0.0024,0.9685",1.0
logistics,p04,100,9,9,1,1,20,"11,17,10,18,16,7,17,12,12,0","0.0000,0.0000,0.0000,0.0000,0.0000,0.0009,0.0000,0.0000,0.0000,0.9990",1.0
logistics,p05,10,0,0,2,1,2,"0,2,2,1,2,1,1,1,0,1","0.2355,0.0319,0.0319,0.0867,0.0319,0.0867,0.0867,0.0867,0.2355,0.0867",1.0
logistics,p05,30,0,0,2,1,6,"0,6,6,2,6,4,2,3,0,4","0.4229,0.0010,0.0010,0.0572,0.0010,0.0077,0.0572,0.0211,0.4229,0.0077",1.0
logistics,p05,50,0,0,2,1,9,"0,8,8,4,8,4,4,3,0,4","0.4708,0.0002,0.0002,0.0086,0.0002,0.0086,0.0086,0.0234,0.4708,0.0086",1.0
logistics,p05,70,0,0,2,1,13,"0,12,12,7,12,7,7,3,0,7","0.4870,0.0000,0.0000,0.0004,0.0000,0.0004,0.0004,0.0242,0.4870,0.0004",1.0
logistics,p05,100,0,0,1,1,18,"0,16,16,10,16,10,10,8,3,10","0.9521,0.0000,0.0000,0.0000,0.0000,0.0000,0.0000,0.0003,0.0474,0.0000",1.0
logistics,p05,10,1,1,1,1,2,"2,0,2,1,1,1,2,1,2,2","0.0430,0.3176,0.0430,0.1169,0.1169,0.1169,0.0430,0.1169,0.0430,0.0430",1.0
logistics,p05,30,1,1,1,1,6,"6,0,6,4,2,2,6,3,6,6","0.0018,0.7401,0.0018,0.0136,0.1002,0.1002,0.0018,0.0368,0.0018,0.0018",1.0
logistics,p05,50,1,1,1,1,9,"8,0,8,4,4,4,8,3,8,8","0.0003,0.9038,0.0003,0.0166,0.0166,0.0166,0.0003,0.0450,0.0003,0.0003",1.0
logistics,p05,70,1,1,1,1,13,"12,0,12,7,7,8,12,6,12,12","0.0000,0.9954,0.0000,0.0009,0.0009,0.0003,0.0000,0.0025,0.0000,0.0000",1.0
logistics,p05,100,1,1,1,1,18,"16,0,16,10,10,11,16,11,16,16","0.0000,0.9999,0.0000,0.0000,0.0000,0.0000,0.0000,0.0000,0.0000,0.0000",1.0
logistics,p05,10,2,2,1,1,2,"2,2,0,2,1,2,1,2,2,1","0.0464,0.0464,0.3430,0.0464,0.1262,0.0464,0.1262,0.0464,0.0464,0.1262",1.0
logistics,p05,30,2,2,1,1,6,"6,6,0,6,4,6,4,5,6,2","0.0021,0.0021,0.8396,0.0021,0.0154,0.0021,0.0154,0.0057,0.0021,0.1136",1.0
logistics,p05,50,2,2,1,1,9,"8,8,0,8,4,8,4,7,8,4","0.0003,0.0003,0.9456,0.0003,0.0173,0.0003,0.0173,0.0009,0.0003,0.0173",1.0
logistics,p05,70,2,2,1,1,13,"12,12,0,12,7,11,7,10,12,7","0.0000,0.0000,0.9972,0.0000,0.0009,0.0000,0.0009,0.0000,0.0000,0.0009",1.0
logistics,p05,100,2,2,1,1,18,"16,16,0,16,10,15,10,15,15,10","0.0000,0.0000,0.9999,0.0000,0.0000,0.0000,0.0000,0.0000,0.0000,0.0000",1.0
logistics,p05,10,3,3,1,1,2,"1,1,2,0,2,2,1,1,1,2","0.1088,0.1088,0.0400,0.2958,0.0400,0.0400,0.1088,0.1088,0.1088,0.0400",1.0
logistics,p05,30,3,3,1,1,6,"2,4,6,0,6,6,2,3,2,6","0.0912,0.0123,0.0017,0.6738,0.0017,0.0017,0.0912,0.0335,0.0912,0.0017",1.0
logistics,p05,50,3,3,1,1,9,"4,4,8,0,8,8,4,3,4,8","0.0163,0.0163,0.0003,0.8894,0.0003,0.0003,0.0163,0.0443,0.0163,0.0003",1.0
logistics,p05,70,3,3,1,1,13,"7,7,12,0,12,12,7,5,7,12","0.0009,0.0009,0.0000,0.9897,0.0000,0.0000,0.0009,0.0067,0.0009,0.0000",1.0
logistics,p05,100,3,3,1,1,18,"10,10,16,0,16,16,10,10,10,16","0.0000,0.0000,0.0000,0.9998,0.0000,0.0000,0.0000,0.0000,0.0000,0.0000",1.0
logistics,p05,10,4,4,1,1,2,"2,1,1,2,0,1,1,2,2,2","0.0430,0.1169,0.1169,0.0430,0.3176,0.1169,0.1169,0.0430,0.0430,0.0430",1.0
logistics,p05,30,4,4,1,1,6,"6,2,4,6,0,2,4,5,6,6","0.0019,0.1022,0.0138,0.0019,0.7553,0.1022,0.0138,0.0051,0.0019,0.0019",1.0
logistics,p05,50,4,4,1,1,9,"8,4,4,8,0,4,4,7,8,8","0.0003,0.0170,0.0170,0.0003,0.9298,0.0170,0.0170,0.0008,0.0003,0.0003",1.0
logistics,p05,70,4,4,1,1,13,"12,7,7,12,0,8,7,11,12,12","0.0000,0.0009,0.0009,0.0000,0.9969,0.0003,0.0009,0.0000,0.0000,0.0000",1.0
logistics,p05,100,4,4,1,1,18,"16,10,10,16,0,11,10,16,15,16","0.0000,0.0000,0.0000,0.0000,0.9998,0.0000,0.0000,0.0000,0.0000,0.0000",1.0
logistics,p05,10,5,5,1,1,2,"1,1,2,2,1,0,2,1,1,1","0.1018,0.1018,0.0375,0.0375,0.1018,0.2768,0.0375,0.1018,0.1018,0.1018",1.0
logistics,p05,30,5,5,1,1,6,"2,4,6,6,4,0,6,1,2,2","0.0744,0.0101,0.0014,0.0014,0.0101,0.5501,0.0014,0.2024,0.0744,0.0744",1.0
logistics,p05,50,5,5,1,1,9,"4,4,8,8,4,0,8,3,4,4","0.0160,0.0160,0.0003,0.0003,0.0160,0.8754,0.0003,0.0436,0.0160,0.0160",1.0
logistics,p05,70,5,5,1,1,13,"7,8,11,12,8,0,12,5,7,4","0.0009,0.0003,0.0000,0.0000,0.0003,0.9732,0.0000,0.0066,0.0009,0.0178",1.0
logistics,p05,100,5,5,1,1,18,"10,11,15,16,11,0,16,10,11,7","0.0000,0.0000,0.0000,0.0000,0.0000,0.9989,0.0000,0.0000,0.0000,0.0009",1.0
logistics,p05,10,6,6,1,1,2,"1,2,1,1,1,2,0,2,1,2","0.1088,0.0400,0.1088,0.1088,0.1088,0.0400,0.2958,0.0400,0.1088,0.0400",1.0
logistics,p05,30,6,6,1,1,6,"2,6,4,2,4,6,0,5,2,6","0.0929,0.0017,0.0126,0.0929,0.0126,0.0017,0.6864,0.0046,0.0929,0.0017",1.0
logistics,p05,50,6,6,1,1,9,"4,8,4,4,4,8,0,7,4,8","0.0167,0.0003,0.0167,0.0167,0.0167,0.0003,0.9145,0.0008,0.0167,0.0003",1.0
logistics,p05,70,6,6,1,1,13,"7,12,7,7,7,12,0,10,7,12","0.0009,0.0000,0.0009,0.0009,0.0009,0.0000,0.9954,0.0000,0.0009,0.0000",1.0
logistics,p05,100,6,6,1,1,18,"10,16,10,10,10,16,0,15,7,16","0.0000,0.0000,0.0000,0.0000,0.0000,0.0000,0.9989,0.0000,0.0009,0.0000",1.0
logistics,p05,10,7,0,5,0,2,"0,2,2,2,2,0,2,0,0,0","0.1762,0.0238,0.0238,0.0238,0.0238,0.1762,0.0238,0.1762,0.1762,0.1762",1.0
logistics,p05,30,7,7,1,1,6,"3,3,6,3,6,3,6,0,3,3","0.0381,0.0381,0.0019,0.0381,0.0019,0.0381,0.0019,0.7656,0.0381,0.0381",1.0
logistics,p05,50,7,7,1,1,9,"4,4,8,4,8,4,8,0,4,4","0.0165,0.0165,0.0003,0.0165,0.0003,0.0165,0.0003,0.9002,0.0165,0.0165",1.0
logistics,p05,70,7,7,1,1,13,"6,6,12,7,11,5,12,0,6,6","0.0024,0.0024,0.0000,0.0009,0.0000,0.0066,0.0000,0.9827,0.0024,0.0024",1.0
logistics,p05,100,7,7,1,1,18,"9,11,16,11,16,11,16,0,9,12","0.0001,0.0000,0.0000,0.0000,0.0000,0.0000,0.0000,0.9997,0.0001,0.0000",1.0
logistics,p05,10,8,0,2,0,2,"0,2,2,1,2,1,1,1,0,1","0.2355,0.0319,0.0319,0.0867,0.0319,0.0867,0.0867,0.0867,0.2355,0.0867",1.0
logistics,p05,30,8,0,2,0,6,"0,6,6,2,6,4,2,3,0,4","0.4229,0.0010,0.0010,0.0572,0.0010,0.0077,0.0572,0.0211,0.4229,0.0077",1.0
logistics,p05,50,8,0,2,0,9,"0,8,8,4,8,4,4,3,0,4","0.4708,0.0002,0.0002,0.0086,0.0002,0.0086,0.0086,0.0234,0.4708,0.0086",1.0
logistics,p05,70,8,0,2,0,13,"0,12,12,7,12,7,7,3,0,7","0.4870,0.0000,0.0000,0.0004,0.0000,0.0004,0.0004,0.0242,0.4870,0.0004",1.0
logistics,p05,100,8,8,1,1,18,"3,16,15,10,15,11,7,8,0,11","0.0474,0.0000,0.0000,0.0000,0.0000,0.0000,0.0009,0.0003,0.9514,0.0000",1.0
logistics,p05,10,9,9,1,1,2,"1,2,1,2,2,1,2,1,1,0","0.1088,0.0400,0.1088,0.0400,0.0400,0.1088,0.0400,0.1088,0.1088,0.2958",1.0
logistics,p05,30,9,9,1,1,6,"4,6,2,6,6,4,6,3,4,0","0.0147,0.0020,0.1083,0.0020,0.0020,0.0147,0.0020,0.0398,0.0147,0.8000",1.0
logistics,p05,50,9,9,1,1,9,"4,8,4,8,8,4,8,3,4,0","0.0163,0.0003,0.0163,0.0003,0.0003,0.0163,0.0003,0.0443,0.0163,0.8894",1.0
logistics,p05,70,9,9,1,1,13,"7,12,7,12,12,4,12,5,7,0","0.0009,0.0000,0.0009,0.0000,0.0000,0.0178,0.0000,0.0066,0.0009,0.9729",1.0
logistics,p05,100,9,9,1,1,18,"10,16,10,16,16,7,16,10,11,0","0.0000,0.0000,0.0000,0.0000,0.0000,0.0009,0.0000,0.0000,0.0000,0.9989",1.0
