domain,instance,obs_pct,true_idx,predicted_idx,spread,correct,obs_count,deltas,posterior,beta
block-words,p02,10,0,0,14,1,1,"0,0,0,0,0,0,0,1,1,0,0,0,1,0,1,1,0,0,0,1","0.0515,0.0515,0.0515,0.0515,0.0515,0.0515,0.0515,0.0466,0.0466,0.0515,0.0515,0.0515,0.0466,0.0515,0.0466,0.0466,0.0515,0.0515,0.0515,0.0466",0.1
block-words,p02,30,0,0,10,1,3,"0,0,0,0,0,0,0,5,3,0,0,0,5,5,5,5,3,2,2,5","0.0597,0.0597,0.0597,0.0597,0.0597,0.0597,0.0597,0.0362,0.0442,0.0597,0.0597,0.0597,0.0362,0.0362,0.0362,0.0362,0.0442,0.0489,0.0489,0.0362",0.1
block-words,p02,50,0,0,8,1,4,"0,0,0,0,0,0,0,5,5,0,2,2,8,6,6,7,5,4,4,8","0.0654,0.0654,0.0654,0.0654,0.0654,0.0654,0.0654,0.0397,0.0397,0.0654,0.0535,0.0535,0.0294,0.0359,0.0359,0.0325,0.0397,0.0438,0.0438,0.0294",0.1
block-words,p02,70,0,0,1,1,6,"0,4,4,3,4,4,4,10,10,2,4,4,10,8,8,10,10,8,8,12","0.0894,0.0599,0.0599,0.0662,0.0599,0.0599,0.0599,0.0329,0.0329,0.0732,0.0599,0.0599,0.0329,0.0402,0.0402,0.0329,0.0329,0.0402,0.0402,0.0269",0.1
block-words,p02,100,0,0,1,1,8,"0,6,6,6,6,6,8,12,14,4,6,6,12,8,10,10,10,8,8,14","0.1052,0.0577,0.0577,0.0577,0.0577,0.0577,0.0473,0.0317,0.0259,0.0705,0.0577,0.0577,0.0317,0.0473,0.0387,0.0387,0.0387,0.0473,0.0473,0.0259",0.1
block-words,p02,10,1,0,10,0,2,"0,0,0,0,0,0,0,3,2,0,0,0,4,4,4,4,2,2,2,3","0.0573,0.0573,0.0573,0.0573,0.0573,0.0573,0.0573,0.0425,0.0470,0.0573,0.0573,0.0573,0.0384,0.0384,0.0384,0.0384,0.0470,0.0470,0.0470,0.0425",0.1
block-words,p02,30,1,1,9,1,4,"2,0,0,0,0,0,0,5,4,0,0,0,8,8,8,8,4,6,6,5","0.0536,0.0655,0.0655,0.0655,0.0655,0.0655,0.0655,0.0397,0.0439,0.0655,0.0655,0.0655,0.0294,0.0294,0.0294,0.0294,0.0439,0.0359,0.0359,0.0397",0.1
block-words,p02,50,1,1,9,1,6,"4,0,0,0,0,0,0,6,6,0,0,0,8,8,8,8,6,8,6,6","0.0457,0.0682,0.0682,0.0682,0.0682,0.0682,0.0682,0.0374,0.0374,0.0682,0.0682,0.0682,0.0306,0.0306,0.0306,0.0306,0.0374,0.0306,0.0374,0.0374",0.1
block-words,p02,70,1,1,3,1,9,"8,0,0,1,0,1,5,9,8,5,4,4,8,11,9,8,10,9,7,8","0.0374,0.0831,0.0831,0.0752,0.0831,0.0752,0.0504,0.0338,0.0374,0.0504,0.0557,0.0557,0.0374,0.0277,0.0338,0.0374,0.0306,0.0338,0.0413,0.0374",0.1
block-words,p02,100,1,1,1,1,12,"14,0,3,6,4,6,14,14,14,8,9,10,10,14,12,13,16,14,12,14","0.0312,0.1265,0.0937,0.0694,0.0848,0.0694,0.0312,0.0312,0.0312,0.0569,0.0514,0.0465,0.0465,0.0312,0.0381,0.0345,0.0255,0.0312,0.0381,0.0312",0.1
block-words,p02,10,2,0,14,0,1,"0,0,0,0,0,0,0,1,1,0,0,0,1,0,1,1,0,0,0,1","0.0515,0.0515,0.0515,0.0515,0.0515,0.0515,0.0515,0.0466,0.0466,0.0515,0.0515,0.0515,0.0466,0.0515,0.0466,0.0466,0.0515,0.0515,0.0515,0.0466",0.1
block-words,p02,30,2,0,10,0,3,"0,0,0,0,0,0,0,5,3,0,0,0,5,5,5,5,3,2,2,5","0.0597,0.0597,0.0597,0.0597,0.0597,0.0597,0.0597,0.0362,0.0442,0.0597,0.0597,0.0597,0.0362,0.0362,0.0362,0.0362,0.0442,0.0489,0.0489,0.0362",0.1
block-words,p02,50,2,1,9,0,5,"2,0,0,0,0,0,0,5,5,0,0,0,8,8,8,8,4,6,6,5","0.0539,0.0658,0.0658,0.0658,0.0658,0.0658,0.0658,0.0399,0.0399,0.0658,0.0658,0.0658,0.0296,0.0296,0.0296,0.0296,0.0441,0.0361,0.0361,0.0399",0.1
block-words,p02,70,2,1,5,0,7,"4,0,0,0,0,0,1,7,7,1,1,1,8,8,8,8,7,8,6,7","0.0476,0.0711,0.0711,0.0711,0.0711,0.0711,0.0643,0.0353,0.0353,0.0643,0.0643,0.0643,0.0319,0.0319,0.0319,0.0319,0.0353,0.0319,0.0390,0.0353",0.1
block-words,p02,100,2,1,3,0,10,"10,0,0,3,0,4,6,10,10,6,6,6,10,12,10,10,12,12,10,10","0.0352,0.0957,0.0957,0.0709,0.0957,0.0641,0.0525,0.0352,0.0352,0.0525,0.0525,0.0525,0.0352,0.0288,0.0352,0.0352,0.0288,0.0288,0.0352,0.0352",0.1
block-words,p02,10,3,0,14,0,1,"0,0,0,0,0,0,0,1,1,0,0,0,1,0,1,1,0,0,0,1","0.0515,0.0515,0.0515,0.0515,0.0515,0.0515,0.0515,0.0466,0.0466,0.0515,0.0515,0.0515,0.0466,0.0515,0.0466,0.0466,0.0515,0.0515,0.0515,0.0466",0.1
block-words,p02,30,3,0,10,0,3,"0,0,0,0,0,0,0,5,3,0,0,0,5,5,5,5,3,2,2,5","0.0597,0.0597,0.0597,0.0597,0.0597,0.0597,0.0597,0.0362,0.0442,0.0597,0.0597,0.0597,0.0362,0.0362,0.0362,0.0362,0.0442,0.0489,0.0489,0.0362",0.1
block-words,p02,50,3,1,9,0,4,"2,0,0,0,0,0,0,5,4,0,0,0,8,8,8,8,4,6,6,5","0.0536,0.0655,0.0655,0.0655,0.0655,0.0655,0.0655,0.0397,0.0439,0.0655,0.0655,0.0655,0.0294,0.0294,0.0294,0.0294,0.0439,0.0359,0.0359,0.0397",0.1
block-words,p02,70,3,1,9,0,6,"4,0,0,0,0,0,0,6,6,0,0,0,8,8,8,8,6,8,6,6","0.0457,0.0682,0.0682,0.0682,0.0682,0.0682,0.0682,0.0374,0.0374,0.0682,0.0682,0.0682,0.0306,0.0306,0.0306,0.0306,0.0374,0.0306,0.0374,0.0374",0.1
block-words,p02,100,3,1,5,0,8,"6,0,0,0,0,0,3,8,8,4,4,4,8,10,8,8,10,8,6,8","0.0431,0.0786,0.0786,0.0786,0.0786,0.0786,0.0582,0.0353,0.0353,0.0527,0.0527,0.0527,0.0353,0.0289,0.0353,0.0353,0.0289,0.0353,0.0431,0.0353",0.1
block-words,p02,10,4,0,10,0,2,"0,0,0,0,0,0,0,2,2,0,0,0,4,4,4,4,2,2,2,2","0.0568,0.0568,0.0568,0.0568,0.0568,0.0568,0.0568,0.0465,0.0465,0.0568,0.0568,0.0568,0.0381,0.0381,0.0381,0.0381,0.0465,0.0465,0.0465,0.0465",0.1
block-words,p02,30,4,1,7,0,4,"2,0,0,0,0,0,2,6,6,2,0,0,7,6,7,6,6,4,4,6","0.0543,0.0663,0.0663,0.0663,0.0663,0.0663,0.0543,0.0364,0.0364,0.0543,0.0663,0.0663,0.0329,0.0364,0.0329,0.0364,0.0364,0.0444,0.0444,0.0364",0.1
block-words,p02,50,4,1,7,0,6,"4,0,0,0,0,0,2,8,8,2,0,0,8,6,8,6,8,6,4,8","0.0468,0.0698,0.0698,0.0698,0.0698,0.0698,0.0572,0.0314,0.0314,0.0572,0.0698,0.0698,0.0314,0.0383,0.0314,0.0383,0.0314,0.0383,0.0468,0.0314",0.1
block-words,p02,70,4,1,3,0,9,"8,0,0,1,0,1,9,9,8,5,4,4,8,11,9,8,10,9,7,8","0.0380,0.0846,0.0846,0.0765,0.0846,0.0765,0.0344,0.0344,0.0380,0.0513,0.0567,0.0567,0.0380,0.0281,0.0344,0.0380,0.0311,0.0344,0.0420,0.0380",0.1
block-words,p02,100,4,4,1,1,12,"14,4,3,6,0,6,12,12,13,8,9,6,12,14,12,12,15,14,12,14","0.0301,0.0817,0.0903,0.0669,0.1219,0.0669,0.0367,0.0367,0.0332,0.0548,0.0496,0.0669,0.0367,0.0301,0.0367,0.0367,0.0272,0.0301,0.0367,0.0301",0.1
block-words,p02,10,5,0,14,0,1,"0,0,0,0,0,0,0,1,1,0,0,0,1,0,1,1,0,0,0,1","0.0515,0.0515,0.0515,0.0515,0.0515,0.0515,0.0515,0.0466,0.0466,0.0515,0.0515,0.0515,0.0466,0.0515,0.0466,0.0466,0.0515,0.0515,0.0515,0.0466",0.1
block-words,p02,30,5,0,10,0,3,"0,0,0,0,0,0,0,3,3,0,0,0,5,5,5,5,3,2,2,3","0.0587,0.0587,0.0587,0.0587,0.0587,0.0587,0.0587,0.0435,0.0435,0.0587,0.0587,0.0587,0.0356,0.0356,0.0356,0.0356,0.0435,0.0481,0.0481,0.0435",0.1
block-words,p02,50,5,0,8,0,5,"0,0,0,0,0,0,0,5,7,0,2,2,8,6,6,8,6,4,4,7","0.0661,0.0661,0.0661,0.0661,0.0661,0.0661,0.0661,0.0401,0.0328,0.0661,0.0541,0.0541,0.0297,0.0363,0.0363,0.0297,0.0363,0.0443,0.0443,0.0328",0.1
block-words,p02,70,5,1,5,0,7,"4,0,0,0,0,0,1,7,7,1,2,2,8,7,7,8,8,6,4,8","0.0475,0.0708,0.0708,0.0708,0.0708,0.0708,0.0641,0.0352,0.0352,0.0641,0.0580,0.0580,0.0318,0.0352,0.0352,0.0318,0.0318,0.0389,0.0475,0.0318",0.1
block-words,p02,100,5,5,1,1,10,"10,4,4,3,4,0,6,10,10,6,6,6,10,12,10,10,12,10,8,10","0.0370,0.0674,0.0674,0.0745,0.0674,0.1006,0.0552,0.0370,0.0370,0.0552,0.0552,0.0552,0.0370,0.0303,0.0370,0.0370,0.0303,0.0370,0.0452,0.0370",0.1
block-words,p02,10,6,6,12,1,1,"1,1,1,1,1,1,0,0,0,0,0,0,0,0,0,0,0,1,1,0","0.0470,0.0470,0.0470,0.0470,0.0470,0.0470,0.0520,0.0520,0.0520,0.0520,0.0520,0.0520,0.0520,0.0520,0.0520,0.0520,0.0520,0.0470,0.0470,0.0520",0.1
block-words,p02,30,6,6,1,1,3,"4,4,2,2,2,2,0,1,1,2,2,2,3,2,3,3,4,2,2,5","0.0423,0.0423,0.0517,0.0517,0.0517,0.0517,0.0631,0.0571,0.0571,0.0517,0.0517,0.0517,0.0468,0.0517,0.0468,0.0468,0.0423,0.0517,0.0517,0.0383",0.1
block-words,p02,50,6,6,1,1,5,"4,4,2,2,2,2,0,5,3,2,2,2,7,7,7,7,7,4,4,9","0.0491,0.0491,0.0600,0.0600,0.0600,0.0600,0.0733,0.0444,0.0543,0.0600,0.0600,0.0600,0.0364,0.0364,0.0364,0.0364,0.0364,0.0491,0.0491,0.0298",0.1
block-words,p02,70,6,6,1,1,7,"7,6,4,4,4,4,0,7,5,4,4,4,9,9,9,9,9,6,7,11","0.0441,0.0488,0.0596,0.0596,0.0596,0.0596,0.0889,0.0441,0.0539,0.0596,0.0596,0.0596,0.0361,0.0361,0.0361,0.0361,0.0361,0.0488,0.0441,0.0296",0.1
block-words,p02,100,6,6,1,1,10,"10,8,6,6,6,6,0,10,10,6,6,6,12,12,12,12,14,10,8,14","0.0413,0.0504,0.0616,0.0616,0.0616,0.0616,0.1122,0.0413,0.0413,0.0616,0.0616,0.0616,0.0338,0.0338,0.0338,0.0338,0.0277,0.0413,0.0504,0.0277",0.1
block-words,p02,10,7,6,12,0,1,"1,1,1,1,1,1,0,0,0,0,0,0,0,0,0,0,0,1,1,0","0.0470,0.0470,0.0470,0.0470,0.0470,0.0470,0.0520,0.0520,0.0520,0.0520,0.0520,0.0520,0.0520,0.0520,0.0520,0.0520,0.0520,0.0470,0.0470,0.0520",0.1
block-words,p02,30,7,6,3,0,2,"4,3,2,2,2,2,0,0,0,2,2,2,2,2,2,2,4,2,2,4","0.0409,0.0452,0.0499,0.0499,0.0499,0.0499,0.0610,0.0610,0.0610,0.0499,0.0499,0.0499,0.0499,0.0499,0.0499,0.0499,0.0409,0.0499,0.0499,0.0409",0.1
block-words,p02,50,7,6,3,0,2,"4,3,2,2,2,2,0,0,0,2,2,2,2,2,2,2,4,2,2,4","0.0409,0.0452,0.0499,0.0499,0.0499,0.0499,0.0610,0.0610,0.0610,0.0499,0.0499,0.0499,0.0499,0.0499,0.0499,0.0499,0.0409,0.0499,0.0499,0.0409",0.1
block-words,p02,70,7,7,1,1,3,"5,5,3,3,2,2,1,0,1,3,3,2,2,2,2,2,5,2,2,4","0.0388,0.0388,0.0474,0.0474,0.0524,0.0524,0.0579,0.0640,0.0579,0.0474,0.0474,0.0524,0.0524,0.0524,0.0524,0.0524,0.0388,0.0524,0.0524,0.0429",0.1
block-words,p02,100,7,7,1,1,4,"6,6,4,4,4,4,4,0,4,6,6,6,4,4,4,4,8,4,4,4","0.0425,0.0425,0.0519,0.0519,0.0519,0.0519,0.0519,0.0775,0.0519,0.0425,0.0425,0.0425,0.0519,0.0519,0.0519,0.0519,0.0348,0.0519,0.0519,0.0519",0.1
block-words,p02,10,8,6,12,0,1,"1,1,1,1,1,1,0,0,0,0,0,0,0,0,0,0,0,1,1,0","0.0470,0.0470,0.0470,0.0470,0.0470,0.0470,0.0520,0.0520,0.0520,0.0520,0.0520,0.0520,0.0520,0.0520,0.0520,0.0520,0.0520,0.0470,0.0470,0.0520",0.1
block-words,p02,30,8,6,3,0,2,"4,3,2,2,2,2,0,0,0,2,2,2,2,2,2,2,4,2,2,4","0.0409,0.0452,0.0499,0.0499,0.0499,0.0499,0.0610,0.0610,0.0610,0.0499,0.0499,0.0499,0.0499,0.0499,0.0499,0.0499,0.0409,0.0499,0.0499,0.0409",0.1
block-words,p02,50,8,6,3,0,2,"4,3,2,2,2,2,0,0,0,2,2,2,2,2,2,2,4,2,2,4","0.0409,0.0452,0.0499,0.0499,0.0499,0.0499,0.0610,0.0610,0.0610,0.0499,0.0499,0.0499,0.0499,0.0499,0.0499,0.0499,0.0409,0.0499,0.0499,0.0409",0.1
block-words,p02,70,8,8,1,1,3,"6,4,2,3,2,3,1,1,0,3,2,2,2,3,3,2,4,3,3,4","0.0355,0.0433,0.0529,0.0479,0.0529,0.0479,0.0585,0.0585,0.0647,0.0479,0.0529,0.0529,0.0529,0.0479,0.0479,0.0529,0.0433,0.0479,0.0479,0.0433",0.1
block-words,p02,100,8,8,1,1,4,"8,6,4,4,4,4,4,4,0,6,2,2,2,6,6,2,4,4,4,6","0.0333,0.0406,0.0496,0.0496,0.0496,0.0496,0.0496,0.0496,0.0741,0.0406,0.0606,0.0606,0.0606,0.0406,0.0406,0.0606,0.0496,0.0496,0.0496,0.0406",0.1
block-words,p02,10,9,0,14,0,1,"0,0,0,0,0,0,0,1,1,0,0,0,1,0,1,1,0,0,0,1","0.0515,0.0515,0.0515,0.0515,0.0515,0.0515,0.0515,0.0466,0.0466,0.0515,0.0515,0.0515,0.0466,0.0515,0.0466,0.0466,0.0515,0.0515,0.0515,0.0466",0.1
block-words,p02,30,9,0,10,0,3,"0,0,0,0,0,0,0,5,3,0,0,0,5,5,5,5,3,2,2,5","0.0597,0.0597,0.0597,0.0597,0.0597,0.0597,0.0597,0.0362,0.0442,0.0597,0.0597,0.0597,0.0362,0.0362,0.0362,0.0362,0.0442,0.0489,0.0489,0.0362",0.1
block-words,p02,50,9,1,9,0,5,"2,0,0,0,0,0,0,5,5,0,0,0,6,6,6,6,4,4,4,5","0.0517,0.0631,0.0631,0.0631,0.0631,0.0631,0.0631,0.0383,0.0383,0.0631,0.0631,0.0631,0.0346,0.0346,0.0346,0.0346,0.0423,0.0423,0.0423,0.0383",0.1
block-words,p02,70,9,9,3,1,7,"5,1,1,1,1,1,4,6,6,0,0,0,6,6,6,6,6,7,5,6","0.0424,0.0633,0.0633,0.0633,0.0633,0.0633,0.0469,0.0384,0.0384,0.0700,0.0700,0.0700,0.0384,0.0384,0.0384,0.0384,0.0384,0.0347,0.0424,0.0384",0.1
block-words,p02,100,9,9,1,1,10,"10,6,6,6,6,6,10,12,12,0,4,4,12,12,8,12,14,10,10,12","0.0406,0.0606,0.0606,0.0606,0.0606,0.0606,0.0406,0.0332,0.0332,0.1104,0.0740,0.0740,0.0332,0.0332,0.0496,0.0332,0.0272,0.0406,0.0406,0.0332",0.1
block-words,p02,10,10,0,14,0,1,"0,0,0,0,0,0,0,1,1,0,0,0,1,0,1,1,0,0,0,1","0.0515,0.0515,0.0515,0.0515,0.0515,0.0515,0.0515,0.0466,0.0466,0.0515,0.0515,0.0515,0.0466,0.0515,0.0466,0.0466,0.0515,0.0515,0.0515,0.0466",0.1
block-words,p02,30,10,0,10,0,3,"0,0,0,0,0,0,0,5,3,0,0,0,5,5,5,5,3,2,2,5","0.0597,0.0597,0.0597,0.0597,0.0597,0.0597,0.0597,0.0362,0.0442,0.0597,0.0597,0.0597,0.0362,0.0362,0.0362,0.0362,0.0442,0.0489,0.0489,0.0362",0.1
block-words,p02,50,10,1,9,0,5,"2,0,0,0,0,0,0,5,5,0,0,0,6,6,6,6,4,4,4,5","0.0517,0.0631,0.0631,0.0631,0.0631,0.0631,0.0631,0.0383,0.0383,0.0631,0.0631,0.0631,0.0346,0.0346,0.0346,0.0346,0.0423,0.0423,0.0423,0.0383",0.1
block-words,p02,70,10,9,3,0,7,"5,1,1,1,1,1,4,6,6,0,0,0,6,6,6,6,6,7,5,6","0.0424,0.0633,0.0633,0.0633,0.0633,0.0633,0.0469,0.0384,0.0384,0.0700,0.0700,0.0700,0.0384,0.0384,0.0384,0.0384,0.0384,0.0347,0.0424,0.0384",0.1
block-words,p02,100,10,10,2,1,10,"12,6,6,6,6,6,10,12,8,4,0,0,8,12,12,8,6,10,10,10","0.0302,0.0550,0.0550,0.0550,0.0550,0.0550,0.0368,0.0302,0.0450,0.0671,0.1001,0.1001,0.0450,0.0302,0.0302,0.0450,0.0550,0.0368,0.0368,0.0368",0.1
block-words,p02,10,11,0,10,0,2,"0,0,0,0,0,0,0,2,2,0,0,0,4,4,4,4,2,2,2,2","0.0568,0.0568,0.0568,0.0568,0.0568,0.0568,0.0568,0.0465,0.0465,0.0568,0.0568,0.0568,0.0381,0.0381,0.0381,0.0381,0.0465,0.0465,0.0465,0.0465",0.1
block-words,p02,30,11,1,9,0,4,"2,0,0,0,0,0,0,4,4,0,0,0,6,6,6,6,4,4,4,4","0.0511,0.0624,0.0624,0.0624,0.0624,0.0624,0.0624,0.0418,0.0418,0.0624,0.0624,0.0624,0.0342,0.0342,0.0342,0.0342,0.0418,0.0418,0.0418,0.0418",0.1
block-words,p02,50,11,1,9,0,6,"4,0,0,0,0,0,0,6,6,0,0,0,6,6,6,6,6,6,4,6","0.0439,0.0654,0.0654,0.0654,0.0654,0.0654,0.0654,0.0359,0.0359,0.0654,0.0654,0.0654,0.0359,0.0359,0.0359,0.0359,0.0359,0.0359,0.0439,0.0359",0.1
block-words,p02,70,11,10,2,0,9,"10,4,4,5,4,5,7,9,8,1,0,0,8,9,9,8,6,9,9,8","0.0323,0.0589,0.0589,0.0533,0.0589,0.0533,0.0437,0.0358,0.0395,0.0796,0.0879,0.0879,0.0395,0.0358,0.0358,0.0395,0.0483,0.0358,0.0358,0.0395",0.1
block-words,p02,100,11,11,1,1,12,"16,10,9,8,6,8,12,14,11,6,3,0,14,14,14,14,9,12,12,14","0.0258,0.0469,0.0519,0.0573,0.0700,0.0573,0.0384,0.0315,0.0425,0.0700,0.0945,0.1276,0.0315,0.0315,0.0315,0.0315,0.0519,0.0384,0.0384,0.0315",0.1
block-words,p02,10,12,4,11,0,1,"1,1,1,1,0,0,1,0,1,1,1,0,0,0,0,0,1,0,0,0","0.0473,0.0473,0.0473,0.0473,0.0522,0.0522,0.0473,0.0522,0.0473,0.0473,0.0473,0.0522,0.0522,0.0522,0.0522,0.0522,0.0473,0.0522,0.0522,0.0522",0.1
block-words,p02,30,12,12,4,1,3,"3,3,3,3,3,3,2,2,2,2,2,2,0,0,0,0,2,1,1,2","0.0441,0.0441,0.0441,0.0441,0.0441,0.0441,0.0487,0.0487,0.0487,0.0487,0.0487,0.0487,0.0595,0.0595,0.0595,0.0595,0.0487,0.0538,0.0538,0.0487",0.1
block-words,p02,50,12,12,4,1,4,"4,4,4,4,5,5,4,4,4,4,4,4,0,0,0,0,4,4,4,4","0.0459,0.0459,0.0459,0.0459,0.0416,0.0416,0.0459,0.0459,0.0459,0.0459,0.0459,0.0459,0.0685,0.0685,0.0685,0.0685,0.0459,0.0459,0.0459,0.0459",0.1
block-words,p02,70,12,12,2,1,6,"8,6,6,6,8,8,8,8,4,8,4,4,0,4,4,0,4,6,6,6","0.0374,0.0457,0.0457,0.0457,0.0374,0.0374,0.0374,0.0374,0.0558,0.0374,0.0558,0.0558,0.0833,0.0558,0.0558,0.0833,0.0558,0.0457,0.0457,0.0457",0.1
block-words,p02,100,12,12,1,1,8,"12,6,9,8,12,10,12,12,12,10,7,8,0,6,6,3,12,8,8,10","0.0335,0.0610,0.0452,0.0499,0.0335,0.0409,0.0335,0.0335,0.0335,0.0409,0.0552,0.0499,0.1111,0.0610,0.0610,0.0823,0.0335,0.0499,0.0499,0.0409",0.1
block-words,p02,10,13,4,11,0,1,"1,1,1,1,0,0,1,0,1,1,1,0,0,0,0,0,1,0,0,0","0.0473,0.0473,0.0473,0.0473,0.0522,0.0522,0.0473,0.0522,0.0473,0.0473,0.0473,0.0522,0.0522,0.0522,0.0522,0.0522,0.0473,0.0522,0.0522,0.0522",0.1
block-words,p02,30,13,12,6,0,2,"2,2,2,2,2,2,2,2,2,2,2,2,0,0,0,0,2,0,0,2","0.0469,0.0469,0.0469,0.0469,0.0469,0.0469,0.0469,0.0469,0.0469,0.0469,0.0469,0.0469,0.0573,0.0573,0.0573,0.0573,0.0469,0.0573,0.0573,0.0469",0.1
block-words,p02,50,13,12,4,0,3,"3,3,3,3,3,3,2,2,2,2,2,2,0,0,0,0,2,1,1,2","0.0441,0.0441,0.0441,0.0441,0.0441,0.0441,0.0487,0.0487,0.0487,0.0487,0.0487,0.0487,0.0595,0.0595,0.0595,0.0595,0.0487,0.0538,0.0538,0.0487",0.1
block-words,p02,70,13,13,1,1,5,"4,4,4,4,6,6,4,5,5,4,4,4,1,0,1,1,4,4,4,5","0.0479,0.0479,0.0479,0.0479,0.0392,0.0392,0.0479,0.0433,0.0433,0.0479,0.0479,0.0479,0.0646,0.0714,0.0646,0.0646,0.0479,0.0479,0.0479,0.0433",0.1
block-words,p02,100,13,13,1,1,6,"4,4,4,4,6,6,6,8,8,4,4,4,4,0,4,4,6,4,4,8","0.0533,0.0533,0.0533,0.0533,0.0436,0.0436,0.0436,0.0357,0.0357,0.0533,0.0533,0.0533,0.0533,0.0794,0.0533,0.0533,0.0436,0.0533,0.0533,0.0357",0.1
block-words,p02,10,14,4,11,0,1,"1,1,1,1,0,0,1,0,1,1,1,0,0,0,0,0,1,0,0,0","0.0473,0.0473,0.0473,0.0473,0.0522,0.0522,0.0473,0.0522,0.0473,0.0473,0.0473,0.0522,0.0522,0.0522,0.0522,0.0522,0.0473,0.0522,0.0522,0.0522",0.1
block-words,p02,30,14,12,6,0,2,"2,2,2,2,2,2,2,2,2,2,2,2,0,0,0,0,2,0,0,2","0.0469,0.0469,0.0469,0.0469,0.0469,0.0469,0.0469,0.0469,0.0469,0.0469,0.0469,0.0469,0.0573,0.0573,0.0573,0.0573,0.0469,0.0573,0.0573,0.0469",0.1
block-words,p02,50,14,12,4,0,3,"3,3,3,3,3,3,2,2,2,2,2,2,0,0,0,0,2,1,1,2","0.0441,0.0441,0.0441,0.0441,0.0441,0.0441,0.0487,0.0487,0.0487,0.0487,0.0487,0.0487,0.0595,0.0595,0.0595,0.0595,0.0487,0.0538,0.0538,0.0487",0.1
block-words,p02,70,14,12,2,0,5,"4,4,5,5,7,7,6,6,6,4,5,5,0,1,0,1,6,5,5,6","0.0508,0.0508,0.0460,0.0460,0.0376,0.0376,0.0416,0.0416,0.0416,0.0508,0.0460,0.0460,0.0758,0.0686,0.0758,0.0686,0.0416,0.0460,0.0460,0.0416",0.1
block-words,p02,100,14,14,1,1,6,"6,6,6,6,8,8,8,8,8,4,8,8,4,4,0,4,8,6,6,8","0.0498,0.0498,0.0498,0.0498,0.0408,0.0408,0.0408,0.0408,0.0408,0.0608,0.0408,0.0408,0.0608,0.0608,0.0908,0.0608,0.0408,0.0498,0.0498,0.0408",0.1
block-words,p02,10,15,4,11,0,1,"1,1,1,1,0,0,1,0,1,1,1,0,0,0,0,0,1,0,0,0","0.0473,0.0473,0.0473,0.0473,0.0522,0.0522,0.0473,0.0522,0.0473,0.0473,0.0473,0.0522,0.0522,0.0522,0.0522,0.0522,0.0473,0.0522,0.0522,0.0522",0.1
block-words,p02,30,15,12,6,0,2,"2,2,2,2,2,2,2,2,2,2,2,2,0,0,0,0,2,0,0,2","0.0469,0.0469,0.0469,0.0469,0.0469,0.0469,0.0469,0.0469,0.0469,0.0469,0.0469,0.0469,0.0573,0.0573,0.0573,0.0573,0.0469,0.0573,0.0573,0.0469",0.1
block-words,p02,50,15,12,4,0,3,"3,3,3,3,3,3,2,2,2,2,2,2,0,0,0,0,2,1,1,2","0.0441,0.0441,0.0441,0.0441,0.0441,0.0441,0.0487,0.0487,0.0487,0.0487,0.0487,0.0487,0.0595,0.0595,0.0595,0.0595,0.0487,0.0538,0.0538,0.0487",0.1
block-words,p02,70,15,12,2,0,5,"6,4,4,5,6,7,5,5,4,5,4,4,0,1,1,0,4,5,5,4","0.0400,0.0488,0.0488,0.0442,0.0400,0.0362,0.0442,0.0442,0.0488,0.0442,0.0488,0.0488,0.0728,0.0659,0.0659,0.0728,0.0488,0.0442,0.0442,0.0488",0.1
block-words,p02,100,15,12,2,0,6,"8,6,6,6,8,8,8,8,4,8,4,4,0,4,4,0,4,6,6,6","0.0374,0.0457,0.0457,0.0457,0.0374,0.0374,0.0374,0.0374,0.0558,0.0374,0.0558,0.0558,0.0833,0.0558,0.0558,0.0833,0.0558,0.0457,0.0457,0.0457",0.1
block-words,p02,10,16,0,14,0,1,"0,0,0,0,0,0,0,1,1,0,0,0,1,0,1,1,0,0,0,1","0.0515,0.0515,0.0515,0.0515,0.0515,0.0515,0.0515,0.0466,0.0466,0.0515,0.0515,0.0515,0.0466,0.0515,0.0466,0.0466,0.0515,0.0515,0.0515,0.0466",0.1
block-words,p02,30,16,0,12,0,2,"0,0,0,0,0,0,2,4,4,0,0,0,3,2,3,2,0,0,0,4","0.0557,0.0557,0.0557,0.0557,0.0557,0.0557,0.0456,0.0373,0.0373,0.0557,0.0557,0.0557,0.0413,0.0456,0.0413,0.0456,0.0557,0.0557,0.0557,0.0373",0.1
block-words,p02,50,16,9,4,0,3,"1,1,1,1,1,1,2,4,4,0,0,0,4,2,4,2,0,1,1,4","0.0531,0.0531,0.0531,0.0531,0.0531,0.0531,0.0480,0.0393,0.0393,0.0587,0.0587,0.0587,0.0393,0.0480,0.0393,0.0480,0.0587,0.0531,0.0531,0.0393",0.1
block-words,p02,70,16,10,3,0,5,"8,4,4,5,4,5,5,7,6,1,0,0,6,5,7,4,0,3,5,6","0.0334,0.0498,0.0498,0.0451,0.0498,0.0451,0.0451,0.0369,0.0408,0.0673,0.0744,0.0744,0.0408,0.0451,0.0369,0.0498,0.0744,0.0551,0.0451,0.0408",0.1
block-words,p02,100,16,10,3,0,6,"10,6,6,6,6,6,8,10,6,4,0,0,6,8,10,4,0,4,6,8","0.0310,0.0463,0.0463,0.0463,0.0463,0.0463,0.0379,0.0310,0.0463,0.0566,0.0844,0.0844,0.0463,0.0379,0.0310,0.0566,0.0844,0.0566,0.0463,0.0379",0.1
block-words,p02,10,17,4,11,0,1,"1,1,1,1,0,0,1,0,1,1,1,0,0,0,0,0,1,0,0,0","0.0473,0.0473,0.0473,0.0473,0.0522,0.0522,0.0473,0.0522,0.0473,0.0473,0.0473,0.0522,0.0522,0.0522,0.0522,0.0522,0.0473,0.0522,0.0522,0.0522",0.1
block-words,p02,30,17,13,3,0,3,"2,2,2,2,2,2,2,3,3,2,2,2,1,0,1,1,2,0,0,3","0.0483,0.0483,0.0483,0.0483,0.0483,0.0483,0.0483,0.0437,0.0437,0.0483,0.0483,0.0483,0.0534,0.0590,0.0534,0.0534,0.0483,0.0590,0.0590,0.0437",0.1
block-words,p02,50,17,17,2,1,4,"2,2,2,2,2,2,2,4,4,2,2,2,2,2,2,2,4,0,0,4","0.0507,0.0507,0.0507,0.0507,0.0507,0.0507,0.0507,0.0415,0.0415,0.0507,0.0507,0.0507,0.0507,0.0507,0.0507,0.0507,0.0415,0.0619,0.0619,0.0415",0.1
block-words,p02,70,17,17,2,1,6,"4,2,2,2,2,2,2,7,6,2,2,4,6,6,6,6,6,0,0,7","0.0473,0.0578,0.0578,0.0578,0.0578,0.0578,0.0578,0.0350,0.0387,0.0578,0.0578,0.0473,0.0387,0.0387,0.0387,0.0387,0.0387,0.0705,0.0705,0.0350",0.1
block-words,p02,100,17,17,1,1,8,"8,6,6,6,6,6,4,10,8,6,6,8,8,8,8,8,8,0,4,10","0.0427,0.0522,0.0522,0.0522,0.0522,0.0522,0.0638,0.0350,0.0427,0.0522,0.0522,0.0427,0.0427,0.0427,0.0427,0.0427,0.0427,0.0951,0.0638,0.0350",0.1
block-words,p02,10,18,4,11,0,1,"1,1,1,1,0,0,1,0,1,1,1,0,0,0,0,0,1,0,0,0","0.0473,0.0473,0.0473,0.0473,0.0522,0.0522,0.0473,0.0522,0.0473,0.0473,0.0473,0.0522,0.0522,0.0522,0.0522,0.0522,0.0473,0.0522,0.0522,0.0522",0.1
block-words,p02,30,18,13,3,0,3,"2,2,2,2,2,2,2,3,3,2,2,2,1,0,1,1,2,0,0,3","0.0483,0.0483,0.0483,0.0483,0.0483,0.0483,0.0483,0.0437,0.0437,0.0483,0.0483,0.0483,0.0534,0.0590,0.0534,0.0534,0.0483,0.0590,0.0590,0.0437",0.1
block-words,p02,50,18,17,2,0,4,"4,2,2,2,2,2,2,4,5,2,2,2,4,2,2,3,4,0,0,6","0.0430,0.0525,0.0525,0.0525,0.0525,0.0525,0.0525,0.0430,0.0389,0.0525,0.0525,0.0525,0.0430,0.0525,0.0525,0.0475,0.0430,0.0642,0.0642,0.0352",0.1
block-words,p02,70,18,17,2,0,6,"6,2,2,2,2,2,2,7,7,2,2,4,8,6,6,8,6,0,0,9","0.0400,0.0597,0.0597,0.0597,0.0597,0.0597,0.0597,0.0362,0.0362,0.0597,0.0597,0.0489,0.0328,0.0400,0.0400,0.0328,0.0400,0.0729,0.0729,0.0296",0.1
block-words,p02,100,18,18,1,1,8,"8,4,4,4,4,4,4,10,8,4,4,6,8,8,8,8,8,4,0,10","0.0392,0.0585,0.0585,0.0585,0.0585,0.0585,0.0585,0.0321,0.0392,0.0585,0.0585,0.0479,0.0392,0.0392,0.0392,0.0392,0.0392,0.0585,0.0872,0.0321",0.1
block-words,p02,10,19,1,10,0,1,"2,0,0,1,0,1,1,1,0,1,0,0,0,1,1,0,0,1,1,0","0.0432,0.0527,0.0527,0.0477,0.0527,0.0477,0.0477,0.0477,0.0527,0.0477,0.0527,0.0527,0.0527,0.0477,0.0477,0.0527,0.0527,0.0477,0.0477,0.0527",0.1
block-words,p02,30,19,19,1,1,2,"4,2,2,2,2,2,4,4,4,3,2,2,2,2,3,2,4,2,2,0","0.0428,0.0523,0.0523,0.0523,0.0523,0.0523,0.0428,0.0428,0.0428,0.0473,0.0523,0.0523,0.0523,0.0523,0.0473,0.0523,0.0428,0.0523,0.0523,0.0639",0.1
block-words,p02,50,19,19,1,1,3,"5,3,3,3,3,3,4,4,4,4,2,2,2,2,4,2,4,3,3,0","0.0407,0.0497,0.0497,0.0497,0.0497,0.0497,0.0450,0.0450,0.0450,0.0450,0.0549,0.0549,0.0549,0.0549,0.0450,0.0549,0.0450,0.0497,0.0497,0.0671",0.1
block-words,p02,70,19,19,1,1,5,"9,7,7,5,6,4,7,6,7,7,5,4,4,4,6,4,7,4,4,0","0.0341,0.0416,0.0416,0.0508,0.0460,0.0562,0.0416,0.0460,0.0416,0.0416,0.0508,0.0562,0.0562,0.0562,0.0460,0.0562,0.0416,0.0562,0.0562,0.0838",0.1
block-words,p02,100,19,19,1,1,6,"10,8,8,6,8,6,10,6,10,10,8,8,6,6,8,6,10,6,6,0","0.0371,0.0453,0.0453,0.0553,0.0453,0.0553,0.0371,0.0553,0.0371,0.0371,0.0453,0.0453,0.0553,0.0553,0.0453,0.0553,0.0371,0.0553,0.0553,0.1007",0.1
block-words,p03,10,0,0,7,1,2,"0,0,0,2,2,2,2,0,2,2,2,2,2,2,2,2,2,0,0,0","0.0567,0.0567,0.0567,0.0464,0.0464,0.0464,0.0464,0.0567,0.0464,0.0464,0.0464,0.0464,0.0464,0.0464,0.0464,0.0464,0.0464,0.0567,0.0567,0.0567",0.1
block-words,p03,30,0,0,3,1,5,"0,0,0,7,7,2,7,1,5,5,7,7,5,6,7,6,6,5,2,1","0.0741,0.0741,0.0741,0.0368,0.0368,0.0607,0.0368,0.0670,0.0449,0.0449,0.0368,0.0368,0.0449,0.0407,0.0368,0.0407,0.0407,0.0449,0.0607,0.0670",0.1
block-words,p03,50,0,0,2,1,7,"0,0,1,11,10,3,10,4,6,6,10,10,6,8,8,11,11,6,4,4","0.0891,0.0891,0.0806,0.0297,0.0328,0.0660,0.0328,0.0597,0.0489,0.0489,0.0328,0.0328,0.0489,0.0400,0.0400,0.0297,0.0297,0.0489,0.0597,0.0597",0.1
block-words,p03,70,0,0,2,1,10,"0,0,5,12,14,14,12,4,6,6,10,12,6,10,8,16,18,12,10,4","0.1086,0.1086,0.0658,0.0327,0.0268,0.0268,0.0327,0.0728,0.0596,0.0596,0.0399,0.0327,0.0596,0.0399,0.0488,0.0219,0.0179,0.0327,0.0399,0.0728",0.1
block-words,p03,100,0,0,1,1,14,"0,3,10,14,18,22,16,10,14,8,16,18,12,16,14,20,20,16,14,10","0.1639,0.1214,0.0603,0.0404,0.0271,0.0182,0.0331,0.0603,0.0404,0.0736,0.0331,0.0271,0.0494,0.0331,0.0404,0.0222,0.0222,0.0331,0.0404,0.0603",0.1
block-words,p03,10,1,0,7,0,2,"0,0,0,2,2,2,2,0,2,2,2,2,2,2,2,2,2,0,0,0","0.0567,0.0567,0.0567,0.0464,0.0464,0.0464,0.0464,0.0567,0.0464,0.0464,0.0464,0.0464,0.0464,0.0464,0.0464,0.0464,0.0464,0.0567,0.0567,0.0567",0.1
block-words,p03,30,1,0,5,0,4,"0,0,0,6,6,2,6,0,4,4,6,6,4,6,5,6,6,3,2,0","0.0695,0.0695,0.0695,0.0381,0.0381,0.0569,0.0381,0.0695,0.0466,0.0466,0.0381,0.0381,0.0466,0.0381,0.0422,0.0381,0.0381,0.0515,0.0569,0.0695",0.1
block-words,p03,50,1,0,3,0,6,"0,0,0,10,10,2,10,4,6,6,10,10,6,8,8,10,10,6,4,4","0.0870,0.0870,0.0870,0.0320,0.0320,0.0712,0.0320,0.0583,0.0477,0.0477,0.0320,0.0320,0.0477,0.0391,0.0391,0.0320,0.0320,0.0477,0.0583,0.0583",0.1
block-words,p03,70,1,0,2,0,9,"0,0,5,12,12,14,12,4,6,6,10,12,6,10,8,14,15,9,5,4","0.1030,0.1030,0.0624,0.0310,0.0310,0.0254,0.0310,0.0690,0.0565,0.0565,0.0379,0.0310,0.0565,0.0379,0.0463,0.0254,0.0230,0.0419,0.0624,0.0690",0.1
block-words,p03,100,1,0,2,0,12,"0,0,8,14,16,18,12,6,10,8,12,14,8,12,10,18,18,14,9,6","0.1261,0.1261,0.0567,0.0311,0.0255,0.0208,0.0380,0.0692,0.0464,0.0567,0.0380,0.0311,0.0567,0.0380,0.0464,0.0208,0.0208,0.0311,0.0513,0.0692",0.1
block-words,p03,10,2,0,15,0,1,"0,0,0,0,1,0,0,0,1,1,0,0,1,0,0,1,0,0,0,0","0.0512,0.0512,0.0512,0.0512,0.0463,0.0512,0.0512,0.0512,0.0463,0.0463,0.0512,0.0512,0.0463,0.0512,0.0512,0.0463,0.0512,0.0512,0.0512,0.0512",0.1
block-words,p03,30,2,0,7,0,2,"0,0,0,2,2,2,2,0,2,2,2,2,2,2,2,2,2,0,0,0","0.0567,0.0567,0.0567,0.0464,0.0464,0.0464,0.0464,0.0567,0.0464,0.0464,0.0464,0.0464,0.0464,0.0464,0.0464,0.0464,0.0464,0.0567,0.0567,0.0567",0.1
block-words,p03,50,2,0,5,0,3,"0,0,0,4,4,2,4,0,3,3,4,4,3,3,3,4,4,1,1,0","0.0624,0.0624,0.0624,0.0418,0.0418,0.0511,0.0418,0.0624,0.0462,0.0462,0.0418,0.0418,0.0462,0.0462,0.0462,0.0418,0.0418,0.0565,0.0565,0.0624",0.1
block-words,p03,70,2,0,3,0,5,"0,0,0,7,7,2,7,1,5,5,7,7,5,6,7,6,6,5,2,1","0.0741,0.0741,0.0741,0.0368,0.0368,0.0607,0.0368,0.0670,0.0449,0.0449,0.0368,0.0368,0.0449,0.0407,0.0368,0.0407,0.0407,0.0449,0.0607,0.0670",0.1
block-words,p03,100,2,0,3,0,6,"0,0,0,10,10,2,10,4,6,6,10,10,6,8,8,10,10,6,4,4","0.0870,0.0870,0.0870,0.0320,0.0320,0.0712,0.0320,0.0583,0.0477,0.0477,0.0320,0.0320,0.0477,0.0391,0.0391,0.0320,0.0320,0.0477,0.0583,0.0583",0.1
block-words,p03,10,3,0,15,0,1,"0,0,0,0,1,0,0,0,1,1,0,0,1,0,0,1,0,0,0,0","0.0512,0.0512,0.0512,0.0512,0.0463,0.0512,0.0512,0.0512,0.0463,0.0463,0.0512,0.0512,0.0463,0.0512,0.0512,0.0463,0.0512,0.0512,0.0512,0.0512",0.1
block-words,p03,30,3,3,3,1,3,"2,2,3,0,4,2,4,2,2,2,0,0,2,2,2,4,1,1,1,2","0.0492,0.0492,0.0445,0.0600,0.0403,0.0492,0.0403,0.0492,0.0492,0.0492,0.0600,0.0600,0.0492,0.0492,0.0492,0.0403,0.0543,0.0543,0.0543,0.0492",0.1
block-words,p03,50,3,3,3,1,4,"2,2,4,0,6,2,4,2,2,2,0,0,2,2,2,6,4,4,4,2","0.0524,0.0524,0.0429,0.0640,0.0351,0.0524,0.0429,0.0524,0.0524,0.0524,0.0640,0.0640,0.0524,0.0524,0.0524,0.0351,0.0429,0.0429,0.0429,0.0524",0.1
block-words,p03,70,3,3,3,1,6,"6,6,8,0,8,6,6,6,6,4,0,0,4,4,4,8,8,7,6,6","0.0444,0.0444,0.0363,0.0809,0.0363,0.0444,0.0444,0.0444,0.0444,0.0542,0.0809,0.0809,0.0542,0.0542,0.0542,0.0363,0.0363,0.0402,0.0444,0.0444",0.1
block-words,p03,100,3,3,1,1,8,"6,9,10,0,10,10,10,10,10,4,4,4,8,8,8,10,8,8,6,10","0.0566,0.0419,0.0379,0.1030,0.0379,0.0379,0.0379,0.0379,0.0379,0.0691,0.0691,0.0691,0.0463,0.0463,0.0463,0.0379,0.0463,0.0463,0.0566,0.0379",0.1
block-words,p03,10,4,0,16,0,1,"0,0,1,0,0,0,0,0,0,0,0,0,0,0,0,0,1,1,1,0","0.0510,0.0510,0.0461,0.0510,0.0510,0.0510,0.0510,0.0510,0.0510,0.0510,0.0510,0.0510,0.0510,0.0510,0.0510,0.0510,0.0461,0.0461,0.0461,0.0510",0.1
block-words,p03,30,4,4,7,1,2,"2,2,4,2,0,2,2,2,0,0,2,2,0,0,0,0,4,2,2,2","0.0472,0.0472,0.0386,0.0472,0.0576,0.0472,0.0472,0.0472,0.0576,0.0576,0.0472,0.0472,0.0576,0.0576,0.0576,0.0576,0.0386,0.0472,0.0472,0.0472",0.1
block-words,p03,50,4,4,6,1,3,"2,2,5,2,0,4,2,2,2,0,2,2,0,0,0,0,5,3,3,2","0.0489,0.0489,0.0362,0.0489,0.0598,0.0401,0.0489,0.0489,0.0489,0.0598,0.0489,0.0489,0.0598,0.0598,0.0598,0.0598,0.0362,0.0443,0.0443,0.0489",0.1
block-words,p03,70,4,4,1,1,5,"4,4,7,5,0,7,4,4,4,2,4,4,2,2,2,1,7,4,4,4","0.0480,0.0480,0.0355,0.0434,0.0715,0.0355,0.0480,0.0480,0.0480,0.0586,0.0480,0.0480,0.0586,0.0586,0.0586,0.0647,0.0355,0.0480,0.0480,0.0480",0.1
block-words,p03,100,4,4,1,1,6,"6,6,8,8,0,10,6,4,6,4,6,4,2,4,4,4,8,6,4,4","0.0450,0.0450,0.0369,0.0369,0.0820,0.0302,0.0450,0.0550,0.0450,0.0550,0.0450,0.0550,0.0672,0.0550,0.0550,0.0550,0.0369,0.0450,0.0550,0.0550",0.1
block-words,p03,10,5,0,16,0,1,"0,0,1,0,0,0,0,0,0,0,0,0,0,0,0,0,1,1,1,0","0.0510,0.0510,0.0461,0.0510,0.0510,0.0510,0.0510,0.0510,0.0510,0.0510,0.0510,0.0510,0.0510,0.0510,0.0510,0.0510,0.0461,0.0461,0.0461,0.0510",0.1
block-words,p03,30,5,0,11,0,3,"0,0,2,0,3,0,0,0,1,1,0,0,1,0,0,3,2,2,2,0","0.0541,0.0541,0.0443,0.0541,0.0401,0.0541,0.0541,0.0541,0.0490,0.0490,0.0541,0.0541,0.0490,0.0541,0.0541,0.0401,0.0443,0.0443,0.0443,0.0541",0.1
block-words,p03,50,5,5,4,1,4,"2,2,4,2,6,0,0,2,4,4,2,2,4,0,0,6,4,2,2,2","0.0518,0.0518,0.0424,0.0518,0.0347,0.0632,0.0632,0.0518,0.0424,0.0424,0.0518,0.0518,0.0424,0.0632,0.0632,0.0347,0.0424,0.0518,0.0518,0.0518",0.1
block-words,p03,70,5,5,1,1,6,"2,2,4,6,10,0,8,2,6,6,6,6,6,4,3,10,8,5,4,2","0.0652,0.0652,0.0534,0.0437,0.0293,0.0796,0.0358,0.0652,0.0437,0.0437,0.0437,0.0437,0.0437,0.0534,0.0590,0.0293,0.0358,0.0483,0.0534,0.0652",0.1
block-words,p03,100,5,5,1,1,8,"2,2,4,10,14,0,12,6,8,8,10,10,8,6,6,14,12,8,6,6","0.0815,0.0815,0.0667,0.0366,0.0245,0.0995,0.0300,0.0546,0.0447,0.0447,0.0366,0.0366,0.0447,0.0546,0.0546,0.0245,0.0300,0.0447,0.0546,0.0546",0.1
block-words,p03,10,6,0,15,0,1,"0,0,1,1,0,1,0,0,0,0,0,0,0,0,0,1,1,0,0,0","0.0512,0.0512,0.0463,0.0463,0.0512,0.0463,0.0512,0.0512,0.0512,0.0512,0.0512,0.0512,0.0512,0.0512,0.0512,0.0463,0.0463,0.0512,0.0512,0.0512",0.1
block-words,p03,30,6,6,6,1,3,"4,4,5,4,4,4,0,2,0,0,2,4,0,0,0,4,5,3,1,2","0.0419,0.0419,0.0379,0.0419,0.0419,0.0419,0.0625,0.0511,0.0625,0.0625,0.0511,0.0419,0.0625,0.0625,0.0625,0.0419,0.0379,0.0463,0.0565,0.0511",0.1
block-words,p03,50,6,6,6,1,4,"4,4,6,4,6,4,0,2,0,0,2,4,0,0,0,6,6,4,2,2","0.0433,0.0433,0.0354,0.0433,0.0354,0.0433,0.0645,0.0528,0.0645,0.0645,0.0528,0.0433,0.0645,0.0645,0.0645,0.0354,0.0354,0.0433,0.0528,0.0528",0.1
block-words,p03,70,6,6,1,1,6,"4,4,8,6,8,8,0,4,4,2,4,6,2,2,2,8,8,8,5,4","0.0528,0.0528,0.0354,0.0432,0.0354,0.0354,0.0788,0.0528,0.0528,0.0645,0.0528,0.0432,0.0645,0.0645,0.0645,0.0354,0.0354,0.0354,0.0478,0.0528",0.1
block-words,p03,100,6,6,1,1,8,"10,10,10,8,12,8,0,6,8,6,6,8,6,2,2,12,10,8,6,6","0.0359,0.0359,0.0359,0.0438,0.0294,0.0438,0.0976,0.0535,0.0438,0.0535,0.0535,0.0438,0.0535,0.0799,0.0799,0.0294,0.0359,0.0438,0.0535,0.0535",0.1
block-words,p03,10,7,0,7,0,2,"0,0,0,2,2,2,2,0,2,2,2,2,2,2,2,2,2,0,0,0","0.0567,0.0567,0.0567,0.0464,0.0464,0.0464,0.0464,0.0567,0.0464,0.0464,0.0464,0.0464,0.0464,0.0464,0.0464,0.0464,0.0464,0.0567,0.0567,0.0567",0.1
block-words,p03,30,7,0,4,0,5,"0,0,1,7,6,3,6,0,4,4,6,6,4,6,6,7,7,4,2,0","0.0718,0.0718,0.0650,0.0357,0.0394,0.0532,0.0394,0.0718,0.0481,0.0481,0.0394,0.0394,0.0481,0.0394,0.0394,0.0357,0.0357,0.0481,0.0588,0.0718",0.1
block-words,p03,50,7,7,2,1,7,"3,3,3,9,9,5,9,0,4,6,6,9,6,8,8,9,11,7,6,0","0.0647,0.0647,0.0647,0.0355,0.0355,0.0529,0.0355,0.0873,0.0585,0.0479,0.0479,0.0355,0.0479,0.0392,0.0392,0.0355,0.0291,0.0433,0.0479,0.0873",0.1
block-words,p03,70,7,7,2,1,10,"6,6,8,12,14,12,12,0,6,8,10,12,8,10,10,14,16,10,10,0","0.0628,0.0628,0.0514,0.0345,0.0282,0.0345,0.0345,0.1145,0.0628,0.0514,0.0421,0.0345,0.0514,0.0421,0.0421,0.0282,0.0231,0.0421,0.0421,0.1145",0.1
block-words,p03,100,7,7,2,1,14,"10,10,12,18,16,20,16,0,14,12,16,14,8,14,14,20,18,14,14,0","0.0568,0.0568,0.0465,0.0255,0.0312,0.0209,0.0312,0.1545,0.0381,0.0465,0.0312,0.0381,0.0694,0.0381,0.0381,0.0209,0.0255,0.0381,0.0381,0.1545",0.1
block-words,p03,10,8,0,16,0,1,"0,0,1,0,0,0,0,0,0,0,0,0,0,0,0,0,1,1,1,0","0.0510,0.0510,0.0461,0.0510,0.0510,0.0510,0.0510,0.0510,0.0510,0.0510,0.0510,0.0510,0.0510,0.0510,0.0510,0.0510,0.0461,0.0461,0.0461,0.0510",0.1
block-words,p03,30,8,0,12,0,3,"0,0,3,1,2,1,0,0,0,0,0,0,0,0,0,3,3,2,2,0","0.0541,0.0541,0.0401,0.0489,0.0443,0.0489,0.0541,0.0541,0.0541,0.0541,0.0541,0.0541,0.0541,0.0541,0.0541,0.0401,0.0401,0.0443,0.0443,0.0541",0.1
block-words,p03,50,8,6,6,0,4,"4,4,6,4,6,4,0,2,0,0,2,4,0,0,0,6,6,4,2,2","0.0433,0.0433,0.0354,0.0433,0.0354,0.0433,0.0645,0.0528,0.0645,0.0645,0.0528,0.0433,0.0645,0.0645,0.0645,0.0354,0.0354,0.0433,0.0528,0.0528",0.1
block-words,p03,70,8,8,1,1,6,"8,7,8,8,10,8,4,4,0,4,2,8,4,4,4,10,8,6,6,4","0.0389,0.0430,0.0389,0.0389,0.0319,0.0389,0.0581,0.0581,0.0867,0.0581,0.0710,0.0389,0.0581,0.0581,0.0581,0.0319,0.0389,0.0476,0.0476,0.0581",0.1
block-words,p03,100,8,8,1,1,8,"8,8,8,8,10,8,8,6,0,8,8,8,8,8,8,10,8,8,10,6","0.0473,0.0473,0.0473,0.0473,0.0388,0.0473,0.0473,0.0578,0.1054,0.0473,0.0473,0.0473,0.0473,0.0473,0.0473,0.0388,0.0473,0.0473,0.0388,0.0578",0.1
block-words,p03,10,9,0,15,0,1,"0,0,1,1,0,1,0,0,0,0,0,0,0,0,0,1,1,0,0,0","0.0512,0.0512,0.0463,0.0463,0.0512,0.0463,0.0512,0.0512,0.0512,0.0512,0.0512,0.0512,0.0512,0.0512,0.0512,0.0463,0.0463,0.0512,0.0512,0.0512",0.1
block-words,p03,30,9,7,8,0,3,"2,2,3,2,2,2,2,0,0,0,0,2,0,0,0,2,3,1,1,0","0.0459,0.0459,0.0415,0.0459,0.0459,0.0459,0.0459,0.0561,0.0561,0.0561,0.0561,0.0459,0.0561,0.0561,0.0561,0.0459,0.0415,0.0507,0.0507,0.0561",0.1
block-words,p03,50,9,8,5,0,4,"4,4,6,4,2,4,4,2,0,0,2,4,0,0,0,2,6,2,2,2","0.0423,0.0423,0.0346,0.0423,0.0517,0.0423,0.0423,0.0517,0.0631,0.0631,0.0517,0.0423,0.0631,0.0631,0.0631,0.0517,0.0346,0.0517,0.0517,0.0517",0.1
block-words,p03,70,9,9,4,1,6,"6,6,8,6,4,8,6,2,4,0,4,6,0,0,0,4,8,4,6,2","0.0403,0.0403,0.0330,0.0403,0.0492,0.0330,0.0403,0.0601,0.0492,0.0734,0.0492,0.0403,0.0734,0.0734,0.0734,0.0492,0.0330,0.0492,0.0403,0.0601",0.1
block-words,p03,100,9,9,1,1,8,"6,8,8,6,8,10,8,8,8,0,6,8,4,4,4,8,8,6,8,8","0.0522,0.0427,0.0427,0.0522,0.0427,0.0350,0.0427,0.0427,0.0427,0.0951,0.0522,0.0427,0.0637,0.0637,0.0637,0.0427,0.0427,0.0522,0.0427,0.0427",0.1
block-words,p03,10,10,0,15,0,1,"0,0,0,0,1,0,0,0,1,1,0,0,1,0,0,1,0,0,0,0","0.0512,0.0512,0.0512,0.0512,0.0463,0.0512,0.0512,0.0512,0.0463,0.0463,0.0512,0.0512,0.0463,0.0512,0.0512,0.0463,0.0512,0.0512,0.0512,0.0512",0.1
block-words,p03,30,10,3,3,0,3,"2,2,3,0,4,2,4,2,2,2,0,0,2,2,2,4,1,1,1,2","0.0492,0.0492,0.0445,0.0600,0.0403,0.0492,0.0403,0.0492,0.0492,0.0492,0.0600,0.0600,0.0492,0.0492,0.0492,0.0403,0.0543,0.0543,0.0543,0.0492",0.1
block-words,p03,50,10,3,3,0,5,"2,2,5,0,6,4,4,2,4,2,0,0,2,2,2,6,3,3,3,2","0.0529,0.0529,0.0392,0.0646,0.0354,0.0433,0.0433,0.0529,0.0433,0.0529,0.0646,0.0646,0.0529,0.0529,0.0529,0.0354,0.0478,0.0478,0.0478,0.0529",0.1
block-words,p03,70,10,10,2,1,7,"6,6,9,1,8,7,6,6,6,4,0,0,4,4,4,9,7,6,4,6","0.0444,0.0444,0.0329,0.0732,0.0364,0.0402,0.0444,0.0444,0.0444,0.0543,0.0809,0.0809,0.0543,0.0543,0.0543,0.0329,0.0402,0.0444,0.0543,0.0444",0.1
block-words,p03,100,10,10,1,1,10,"12,11,12,6,14,12,12,8,6,8,0,6,8,8,8,14,10,8,8,8","0.0349,0.0385,0.0349,0.0635,0.0285,0.0349,0.0349,0.0520,0.0635,0.0520,0.1157,0.0635,0.0520,0.0520,0.0520,0.0285,0.0426,0.0520,0.0520,0.0520",0.1
block-words,p03,10,11,0,15,0,1,"0,0,0,0,1,0,0,0,1,1,0,0,1,0,0,1,0,0,0,0","0.0512,0.0512,0.0512,0.0512,0.0463,0.0512,0.0512,0.0512,0.0463,0.0463,0.0512,0.0512,0.0463,0.0512,0.0512,0.0463,0.0512,0.0512,0.0512,0.0512",0.1
block-words,p03,30,11,3,3,0,3,"2,2,3,0,4,2,4,2,2,2,0,0,2,2,2,4,1,1,1,2","0.0492,0.0492,0.0445,0.0600,0.0403,0.0492,0.0403,0.0492,0.0492,0.0492,0.0600,0.0600,0.0492,0.0492,0.0492,0.0403,0.0543,0.0543,0.0543,0.0492",0.1
block-words,p03,50,11,3,3,0,4,"2,2,4,0,6,2,4,2,2,2,0,0,2,2,2,6,2,2,2,2","0.0509,0.0509,0.0417,0.0622,0.0341,0.0509,0.0417,0.0509,0.0509,0.0509,0.0622,0.0622,0.0509,0.0509,0.0509,0.0341,0.0509,0.0509,0.0509,0.0509",0.1
block-words,p03,70,11,3,3,0,6,"6,6,8,0,8,6,6,6,6,4,0,0,4,4,4,8,6,5,4,6","0.0432,0.0432,0.0354,0.0788,0.0354,0.0432,0.0432,0.0432,0.0432,0.0528,0.0788,0.0788,0.0528,0.0528,0.0528,0.0354,0.0432,0.0478,0.0528,0.0432",0.1
block-words,p03,100,11,11,1,1,8,"8,8,10,4,8,10,8,6,8,6,2,0,4,6,6,12,8,8,4,6","0.0418,0.0418,0.0342,0.0623,0.0418,0.0342,0.0418,0.0510,0.0418,0.0510,0.0761,0.0930,0.0623,0.0510,0.0510,0.0280,0.0418,0.0418,0.0623,0.0510",0.1
block-words,p03,10,12,0,16,0,1,"0,0,1,0,0,0,0,0,0,0,0,0,0,0,0,0,1,1,1,0","0.0510,0.0510,0.0461,0.0510,0.0510,0.0510,0.0510,0.0510,0.0510,0.0510,0.0510,0.0510,0.0510,0.0510,0.0510,0.0510,0.0461,0.0461,0.0461,0.0510",0.1
block-words,p03,30,12,0,12,0,3,"0,0,3,1,2,1,0,0,0,0,0,0,0,0,0,3,3,2,2,0","0.0541,0.0541,0.0401,0.0489,0.0443,0.0489,0.0541,0.0541,0.0541,0.0541,0.0541,0.0541,0.0541,0.0541,0.0541,0.0401,0.0401,0.0443,0.0443,0.0541",0.1
block-words,p03,50,12,6,6,0,4,"4,4,6,4,6,4,0,2,0,0,2,4,0,0,0,6,6,4,2,2","0.0433,0.0433,0.0354,0.0433,0.0354,0.0433,0.0645,0.0528,0.0645,0.0645,0.0528,0.0433,0.0645,0.0645,0.0645,0.0354,0.0354,0.0433,0.0528,0.0528",0.1
block-words,p03,70,12,9,4,0,6,"6,6,8,6,8,8,2,2,4,0,4,6,0,0,0,8,8,6,6,2","0.0412,0.0412,0.0337,0.0412,0.0337,0.0337,0.0614,0.0614,0.0503,0.0750,0.0503,0.0412,0.0750,0.0750,0.0750,0.0337,0.0337,0.0412,0.0412,0.0614",0.1
block-words,p03,100,12,12,1,1,8,"6,6,8,8,8,10,6,6,8,4,6,6,0,4,4,10,8,8,8,6","0.0511,0.0511,0.0419,0.0419,0.0419,0.0343,0.0511,0.0511,0.0419,0.0625,0.0511,0.0511,0.0932,0.0625,0.0625,0.0343,0.0419,0.0419,0.0419,0.0511",0.1
block-words,p03,10,13,0,14,0,2,"0,0,2,0,2,0,0,0,0,0,0,0,0,0,0,2,2,2,2,0","0.0529,0.0529,0.0433,0.0529,0.0433,0.0529,0.0529,0.0529,0.0529,0.0529,0.0529,0.0529,0.0529,0.0529,0.0529,0.0433,0.0433,0.0433,0.0433,0.0529",0.1
block-words,p03,30,13,6,6,0,4,"4,4,6,4,6,4,0,2,0,0,2,4,0,0,0,6,6,4,2,2","0.0433,0.0433,0.0354,0.0433,0.0354,0.0433,0.0645,0.0528,0.0645,0.0645,0.0528,0.0433,0.0645,0.0645,0.0645,0.0354,0.0354,0.0433,0.0528,0.0528",0.1
block-words,p03,50,13,9,4,0,6,"6,6,8,6,8,8,2,2,4,0,4,6,0,0,0,8,8,6,6,2","0.0412,0.0412,0.0337,0.0412,0.0337,0.0337,0.0614,0.0614,0.0503,0.0750,0.0503,0.0412,0.0750,0.0750,0.0750,0.0337,0.0337,0.0412,0.0412,0.0614",0.1
block-words,p03,70,13,13,1,1,9,"8,8,10,9,13,8,3,9,9,5,7,9,5,0,1,12,10,7,6,9","0.0445,0.0445,0.0365,0.0403,0.0270,0.0445,0.0734,0.0403,0.0403,0.0601,0.0492,0.0403,0.0601,0.0991,0.0897,0.0298,0.0365,0.0492,0.0544,0.0403",0.1
block-words,p03,100,13,13,1,1,12,"12,12,16,12,14,14,14,12,12,8,10,12,8,0,6,16,16,12,8,12","0.0429,0.0429,0.0288,0.0429,0.0351,0.0351,0.0351,0.0429,0.0429,0.0640,0.0524,0.0429,0.0640,0.1425,0.0782,0.0288,0.0288,0.0429,0.0640,0.0429",0.1
block-words,p03,10,14,0,16,0,1,"0,0,1,0,0,0,0,0,0,0,0,0,0,0,0,0,1,1,1,0","0.0510,0.0510,0.0461,0.0510,0.0510,0.0510,0.0510,0.0510,0.0510,0.0510,0.0510,0.0510,0.0510,0.0510,0.0510,0.0510,0.0461,0.0461,0.0461,0.0510",0.1
block-words,p03,30,14,0,12,0,3,"0,0,3,1,2,1,0,0,0,0,0,0,0,0,0,3,3,2,2,0","0.0541,0.0541,0.0401,0.0489,0.0443,0.0489,0.0541,0.0541,0.0541,0.0541,0.0541,0.0541,0.0541,0.0541,0.0541,0.0401,0.0401,0.0443,0.0443,0.0541",0.1
block-words,p03,50,14,7,8,0,4,"2,2,4,2,4,2,2,0,0,0,0,2,0,0,0,4,4,2,2,0","0.0475,0.0475,0.0389,0.0475,0.0389,0.0475,0.0475,0.0580,0.0580,0.0580,0.0580,0.0475,0.0580,0.0580,0.0580,0.0389,0.0389,0.0475,0.0475,0.0580",0.1
block-words,p03,70,14,7,6,0,6,"4,4,6,4,6,6,4,0,4,0,2,4,0,0,0,6,6,4,6,0","0.0453,0.0453,0.0371,0.0453,0.0371,0.0371,0.0453,0.0676,0.0453,0.0676,0.0553,0.0453,0.0676,0.0676,0.0676,0.0371,0.0371,0.0453,0.0371,0.0676",0.1
block-words,p03,100,14,13,2,0,8,"6,6,8,6,10,6,4,6,8,4,4,6,4,0,0,10,8,4,6,6","0.0464,0.0464,0.0380,0.0464,0.0311,0.0464,0.0567,0.0464,0.0380,0.0567,0.0567,0.0464,0.0567,0.0846,0.0846,0.0311,0.0380,0.0567,0.0464,0.0464",0.1
block-words,p03,10,15,0,16,0,1,"0,0,1,0,0,0,0,0,0,0,0,0,0,0,0,0,1,1,1,0","0.0510,0.0510,0.0461,0.0510,0.0510,0.0510,0.0510,0.0510,0.0510,0.0510,0.0510,0.0510,0.0510,0.0510,0.0510,0.0510,0.0461,0.0461,0.0461,0.0510",0.1
block-words,p03,30,15,4,7,0,2,"2,2,4,2,0,2,2,2,0,0,2,2,0,0,0,0,4,2,2,2","0.0472,0.0472,0.0386,0.0472,0.0576,0.0472,0.0472,0.0472,0.0576,0.0576,0.0472,0.0472,0.0576,0.0576,0.0576,0.0576,0.0386,0.0472,0.0472,0.0472",0.1
block-words,p03,50,15,4,6,0,3,"2,2,5,2,0,4,2,2,2,0,2,2,0,0,0,0,5,3,3,2","0.0489,0.0489,0.0362,0.0489,0.0598,0.0401,0.0489,0.0489,0.0489,0.0598,0.0489,0.0489,0.0598,0.0598,0.0598,0.0598,0.0362,0.0443,0.0443,0.0489",0.1
block-words,p03,70,15,15,1,1,5,"4,4,6,5,1,6,5,5,5,3,5,5,3,2,3,0,6,5,4,5","0.0498,0.0498,0.0408,0.0451,0.0672,0.0408,0.0451,0.0451,0.0451,0.0551,0.0451,0.0451,0.0551,0.0608,0.0551,0.0743,0.0408,0.0451,0.0498,0.0451",0.1
block-words,p03,100,15,15,1,1,6,"6,6,8,8,4,10,8,8,8,6,8,8,6,6,6,0,8,6,6,8","0.0524,0.0524,0.0429,0.0429,0.0640,0.0351,0.0429,0.0429,0.0429,0.0524,0.0429,0.0429,0.0524,0.0524,0.0524,0.0955,0.0429,0.0524,0.0524,0.0429",0.1
block-words,p03,10,16,0,15,0,1,"0,0,0,0,1,0,0,0,1,1,0,0,1,0,0,1,0,0,0,0","0.0512,0.0512,0.0512,0.0512,0.0463,0.0512,0.0512,0.0512,0.0463,0.0463,0.0512,0.0512,0.0463,0.0512,0.0512,0.0463,0.0512,0.0512,0.0512,0.0512",0.1
block-words,p03,30,16,3,6,0,2,"2,2,2,0,4,2,4,2,2,2,0,0,2,2,2,4,0,0,0,2","0.0481,0.0481,0.0481,0.0588,0.0394,0.0481,0.0394,0.0481,0.0481,0.0481,0.0588,0.0588,0.0481,0.0481,0.0481,0.0394,0.0588,0.0588,0.0588,0.0481",0.1
block-words,p03,50,16,16,3,1,3,"3,3,3,1,5,3,5,3,3,3,1,1,3,3,3,5,0,0,0,3","0.0472,0.0472,0.0472,0.0577,0.0387,0.0472,0.0387,0.0472,0.0472,0.0472,0.0577,0.0577,0.0472,0.0472,0.0472,0.0387,0.0638,0.0638,0.0638,0.0472",0.1
block-words,p03,70,16,16,1,1,5,"6,6,6,5,7,6,9,7,5,5,5,5,5,6,7,6,0,3,2,7","0.0462,0.0462,0.0462,0.0510,0.0418,0.0462,0.0342,0.0418,0.0510,0.0510,0.0510,0.0510,0.0510,0.0462,0.0418,0.0462,0.0841,0.0623,0.0689,0.0418",0.1
block-words,p03,100,16,16,1,1,6,"8,8,8,6,8,8,10,8,6,6,6,6,6,8,8,8,0,6,2,8","0.0427,0.0427,0.0427,0.0522,0.0427,0.0427,0.0350,0.0427,0.0522,0.0522,0.0522,0.0522,0.0522,0.0427,0.0427,0.0427,0.0950,0.0522,0.0778,0.0427",0.1
block-words,p03,10,17,0,15,0,1,"0,0,1,1,0,1,0,0,0,0,0,0,0,0,0,1,1,0,0,0","0.0512,0.0512,0.0463,0.0463,0.0512,0.0463,0.0512,0.0512,0.0512,0.0512,0.0512,0.0512,0.0512,0.0512,0.0512,0.0463,0.0463,0.0512,0.0512,0.0512",0.1
block-words,p03,30,17,7,7,0,3,"2,2,2,2,3,2,2,0,1,1,0,2,1,0,0,3,2,0,0,0","0.0461,0.0461,0.0461,0.0461,0.0417,0.0461,0.0461,0.0564,0.0510,0.0510,0.0564,0.0461,0.0510,0.0564,0.0564,0.0417,0.0461,0.0564,0.0564,0.0564",0.1
block-words,p03,50,17,10,3,0,4,"4,4,4,2,6,4,6,2,2,2,0,2,2,2,2,6,2,0,0,2","0.0432,0.0432,0.0432,0.0528,0.0354,0.0432,0.0354,0.0528,0.0528,0.0528,0.0645,0.0528,0.0528,0.0528,0.0528,0.0354,0.0528,0.0645,0.0645,0.0528",0.1
block-words,p03,70,17,17,1,1,6,"8,8,6,4,9,6,10,5,5,4,2,5,5,5,4,8,4,0,2,5","0.0369,0.0369,0.0451,0.0550,0.0334,0.0451,0.0302,0.0498,0.0498,0.0550,0.0672,0.0498,0.0498,0.0498,0.0550,0.0369,0.0550,0.0821,0.0672,0.0498",0.1
block-words,p03,100,17,17,1,1,8,"10,10,8,8,10,8,10,8,8,6,6,10,8,8,6,8,8,0,6,8","0.0386,0.0386,0.0472,0.0472,0.0386,0.0472,0.0386,0.0472,0.0472,0.0576,0.0576,0.0386,0.0472,0.0472,0.0576,0.0472,0.0472,0.1050,0.0576,0.0472",0.1
block-words,p03,10,18,0,15,0,1,"0,0,0,0,1,0,0,0,1,1,0,0,1,0,0,1,0,0,0,0","0.0512,0.0512,0.0512,0.0512,0.0463,0.0512,0.0512,0.0512,0.0463,0.0463,0.0512,0.0512,0.0463,0.0512,0.0512,0.0463,0.0512,0.0512,0.0512,0.0512",0.1
block-words,p03,30,18,0,6,0,3,"0,0,1,3,2,3,2,0,2,2,2,2,2,2,2,3,3,0,0,0","0.0580,0.0580,0.0525,0.0430,0.0475,0.0430,0.0475,0.0580,0.0475,0.0475,0.0475,0.0475,0.0475,0.0475,0.0475,0.0430,0.0430,0.0580,0.0580,0.0580",0.1
block-words,p03,50,18,18,1,1,5,"5,5,5,7,7,7,3,3,3,3,5,7,3,3,3,7,6,2,0,3","0.0459,0.0459,0.0459,0.0376,0.0376,0.0376,0.0561,0.0561,0.0561,0.0561,0.0459,0.0376,0.0561,0.0561,0.0561,0.0376,0.0416,0.0620,0.0757,0.0561",0.1
block-words,p03,70,18,18,1,1,7,"6,6,6,9,9,8,5,7,7,7,9,9,7,6,7,8,8,5,0,7","0.0530,0.0530,0.0530,0.0392,0.0392,0.0434,0.0585,0.0479,0.0479,0.0479,0.0392,0.0392,0.0479,0.0530,0.0479,0.0434,0.0434,0.0585,0.0965,0.0479",0.1
block-words,p03,100,18,18,1,1,10,"8,8,10,10,10,12,10,8,10,10,10,10,10,8,10,12,14,10,0,8","0.0552,0.0552,0.0452,0.0452,0.0452,0.0370,0.0452,0.0552,0.0452,0.0452,0.0452,0.0452,0.0452,0.0552,0.0452,0.0370,0.0303,0.0452,0.1228,0.0552",0.1
block-words,p03,10,19,0,7,0,2,"0,0,0,2,2,2,2,0,2,2,2,2,2,2,2,2,2,0,0,0","0.0567,0.0567,0.0567,0.0464,0.0464,0.0464,0.0464,0.0567,0.0464,0.0464,0.0464,0.0464,0.0464,0.0464,0.0464,0.0464,0.0464,0.0567,0.0567,0.0567",0.1
block-words,p03,30,19,0,4,0,5,"0,0,1,7,6,3,6,0,4,4,6,6,4,6,6,7,7,4,2,0","0.0718,0.0718,0.0650,0.0357,0.0394,0.0532,0.0394,0.0718,0.0481,0.0481,0.0394,0.0394,0.0481,0.0394,0.0394,0.0357,0.0357,0.0481,0.0588,0.0718",0.1
block-words,p03,50,19,7,2,0,7,"3,3,3,9,9,5,9,0,4,6,6,9,6,8,8,9,11,7,6,0","0.0647,0.0647,0.0647,0.0355,0.0355,0.0529,0.0355,0.0873,0.0585,0.0479,0.0479,0.0355,0.0479,0.0392,0.0392,0.0355,0.0291,0.0433,0.0479,0.0873",0.1
block-words,p03,70,19,7,2,0,10,"6,6,8,12,14,12,12,0,6,8,10,12,8,10,10,14,16,10,10,0","0.0628,0.0628,0.0514,0.0345,0.0282,0.0345,0.0345,0.1145,0.0628,0.0514,0.0421,0.0345,0.0514,0.0421,0.0421,0.0282,0.0231,0.0421,0.0421,0.1145",0.1
block-words,p03,100,19,7,2,0,14,"10,10,12,18,16,20,16,0,14,12,16,14,8,14,14,20,18,14,14,0","0.0568,0.0568,0.0465,0.0255,0.0312,0.0209,0.0312,0.1545,0.0381,0.0465,0.0312,0.0381,0.0694,0.0381,0.0381,0.0209,0.0255,0.0381,0.0381,0.1545",0.1
campus,bui-campus_h0_r10_i10,10,0,0,1,1,1,"0,1","0.5250,0.4750",0.1
campus,bui-campus_h0_r10_i10,30,0,0,1,1,3,"0,3","0.5744,0.4256",0.1
campus,bui-campus_h0_r10_i10,50,0,0,1,1,4,"0,4","0.5987,0.4013",0.1
campus,bui-campus_h0_r10_i10,70,0,0,1,1,6,"0,6","0.6457,0.3543",0.1
campus,bui-campus_h0_r10_i10,100,0,0,1,1,8,"1,9","0.6900,0.3100",0.1
campus,bui-campus_h0_r10_i10,10,1,1,1,1,2,"2,0","0.4502,0.5498",0.1
campus,bui-campus_h0_r10_i10,30,1,1,1,1,4,"4,0","0.4013,0.5987",0.1
campus,bui-campus_h0_r10_i10,50,1,1,1,1,6,"8,2","0.3543,0.6457",0.1
campus,bui-campus_h0_r10_i10,70,1,1,1,1,8,"10,2","0.3100,0.6900",0.1
campus,bui-campus_h0_r10_i10,100,1,1,1,1,11,"12,2","0.2689,0.7311",0.1
campus,bui-campus_h0_r10_i2,10,0,0,1,1,1,"0,1","0.5250,0.4750",0.1
campus,bui-campus_h0_r10_i2,30,0,0,1,1,3,"0,2","0.5498,0.4502",0.1
campus,bui-campus_h0_r10_i2,50,0,0,1,1,5,"1,6","0.6225,0.3775",0.1
campus,bui-campus_h0_r10_i2,70,0,0,1,1,7,"2,8","0.6457,0.3543",0.1
campus,bui-campus_h0_r10_i2,100,0,0,1,1,9,"3,10","0.6682,0.3318",0.1
campus,bui-campus_h0_r10_i2,10,1,1,1,1,2,"2,0","0.4502,0.5498",0.1
campus,bui-campus_h0_r10_i2,30,1,1,1,1,4,"4,1","0.4256,0.5744",0.1
campus,bui-campus_h0_r10_i2,50,1,1,1,1,6,"7,3","0.4013,0.5987",0.1
campus,bui-campus_h0_r10_i2,70,1,1,1,1,9,"11,4","0.3318,0.6682",0.1
campus,bui-campus_h0_r10_i2,100,1,1,1,1,12,"14,4","0.2689,0.7311",0.1
campus,bui-campus_h0_r10_i3,10,0,0,1,1,1,"0,1","0.5250,0.4750",0.1
campus,bui-campus_h0_r10_i3,30,0,0,1,1,3,"0,2","0.5498,0.4502",0.1
campus,bui-campus_h0_r10_i3,50,0,0,1,1,5,"1,6","0.6225,0.3775",0.1
campus,bui-campus_h0_r10_i3,70,0,0,1,1,7,"2,8","0.6457,0.3543",0.1
campus,bui-campus_h0_r10_i3,100,0,0,1,1,9,"3,10","0.6682,0.3318",0.1
campus,bui-campus_h0_r10_i3,10,1,1,1,1,2,"2,0","0.4502,0.5498",0.1
campus,bui-campus_h0_r10_i3,30,1,1,1,1,4,"4,1","0.4256,0.5744",0.1
campus,bui-campus_h0_r10_i3,50,1,1,1,1,6,"7,3","0.4013,0.5987",0.1
campus,bui-campus_h0_r10_i3,70,1,1,1,1,9,"11,4","0.3318,0.6682",0.1
campus,bui-campus_h0_r10_i3,100,1,1,1,1,12,"14,4","0.2689,0.7311",0.1
campus,bui-campus_h0_r10_i4,10,0,0,2,1,1,"1,1","0.5000,0.5000",0.1
campus,bui-campus_h0_r10_i4,30,0,0,1,1,3,"2,3","0.5250,0.4750",0.1
campus,bui-campus_h0_r10_i4,50,0,0,1,1,4,"2,4","0.5498,0.4502",0.1
campus,bui-campus_h0_r10_i4,70,0,0,1,1,6,"2,6","0.5987,0.4013",0.1
campus,bui-campus_h0_r10_i4,100,0,0,1,1,8,"3,9","0.6457,0.3543",0.1
campus,bui-campus_h0_r10_i4,10,1,1,1,1,2,"2,0","0.4502,0.5498",0.1
campus,bui-campus_h0_r10_i4,30,1,1,1,1,4,"5,1","0.4013,0.5987",0.1
campus,bui-campus_h0_r10_i4,50,1,1,1,1,6,"8,3","0.3775,0.6225",0.1
campus,bui-campus_h0_r10_i4,70,1,1,1,1,9,"12,4","0.3100,0.6900",0.1
campus,bui-campus_h0_r10_i4,100,1,1,1,1,12,"15,4","0.2497,0.7503",0.1
campus,bui-campus_h0_r10_i5,10,0,0,1,1,1,"0,1","0.5250,0.4750",0.1
campus,bui-campus_h0_r10_i5,30,0,0,1,1,3,"0,2","0.5498,0.4502",0.1
campus,bui-campus_h0_r10_i5,50,0,0,1,1,5,"1,6","0.6225,0.3775",0.1
campus,bui-campus_h0_r10_i5,70,0,0,1,1,7,"2,8","0.6457,0.3543",0.1
campus,bui-campus_h0_r10_i5,100,0,0,1,1,9,"3,10","0.6682,0.3318",0.1
campus,bui-campus_h0_r10_i5,10,1,1,1,1,2,"4,2","0.4502,0.5498",0.1
campus,bui-campus_h0_r10_i5,30,1,1,1,1,4,"5,2","0.4256,0.5744",0.1
campus,bui-campus_h0_r10_i5,50,1,1,1,1,6,"8,4","0.4013,0.5987",0.1
campus,bui-campus_h0_r10_i5,70,1,1,1,1,8,"10,4","0.3543,0.6457",0.1
campus,bui-campus_h0_r10_i5,100,1,1,1,1,11,"13,4","0.2891,0.7109",0.1
campus,bui-campus_h0_r10_i6,10,0,0,1,1,1,"0,1","0.5250,0.4750",0.1
campus,bui-campus_h0_r10_i6,30,0,0,1,1,3,"0,2","0.5498,0.4502",0.1
campus,bui-campus_h0_r10_i6,50,0,0,1,1,5,"1,6","0.6225,0.3775",0.1
campus,bui-campus_h0_r10_i6,70,0,0,1,1,7,"2,8","0.6457,0.3543",0.1
campus,bui-campus_h0_r10_i6,100,0,0,1,1,9,"3,10","0.6682,0.3318",0.1
campus,bui-campus_h0_r10_i6,10,1,1,1,1,2,"2,0","0.4502,0.5498",0.1
campus,bui-campus_h0_r10_i6,30,1,1,1,1,4,"4,1","0.4256,0.5744",0.1
campus,bui-campus_h0_r10_i6,50,1,1,1,1,6,"7,3","0.4013,0.5987",0.1
campus,bui-campus_h0_r10_i6,70,1,1,1,1,9,"11,4","0.3318,0.6682",0.1
campus,bui-campus_h0_r10_i6,100,1,1,1,1,12,"14,4","0.2689,0.7311",0.1
campus,bui-campus_h0_r10_i8,10,0,0,1,1,1,"0,1","0.5250,0.4750",0.1
campus,bui-campus_h0_r10_i8,30,0,0,1,1,3,"0,2","0.5498,0.4502",0.1
campus,bui-campus_h0_r10_i8,50,0,0,1,1,5,"1,6","0.6225,0.3775",0.1
campus,bui-campus_h0_r10_i8,70,0,0,1,1,7,"2,8","0.6457,0.3543",0.1
campus,bui-campus_h0_r10_i8,100,0,0,1,1,9,"3,10","0.6682,0.3318",0.1
campus,bui-campus_h0_r10_i8,10,1,1,1,1,2,"1,0","0.4750,0.5250",0.1
campus,bui-campus_h0_r10_i8,30,1,1,1,1,4,"4,2","0.4502,0.5498",0.1
campus,bui-campus_h0_r10_i8,50,1,1,1,1,6,"8,4","0.4013,0.5987",0.1
campus,bui-campus_h0_r10_i8,70,1,1,1,1,8,"10,4","0.3543,0.6457",0.1
campus,bui-campus_h0_r10_i8,100,1,1,1,1,11,"13,4","0.2891,0.7109",0.1
campus,bui-campus_h0_r30_i11,10,0,0,1,1,1,"0,1","0.5250,0.4750",0.1
campus,bui-campus_h0_r30_i11,30,0,0,1,1,3,"0,3","0.5744,0.4256",0.1
campus,bui-campus_h0_r30_i11,50,0,0,1,1,4,"0,4","0.5987,0.4013",0.1
campus,bui-campus_h0_r30_i11,70,0,0,1,1,6,"0,6","0.6457,0.3543",0.1
campus,bui-campus_h0_r30_i11,100,0,0,1,1,8,"1,9","0.6900,0.3100",0.1
campus,bui-campus_h0_r30_i11,10,1,1,1,1,2,"2,0","0.4502,0.5498",0.1
campus,bui-campus_h0_r30_i11,30,1,1,1,1,4,"4,0","0.4013,0.5987",0.1
campus,bui-campus_h0_r30_i11,50,1,1,1,1,6,"8,2","0.3543,0.6457",0.1
campus,bui-campus_h0_r30_i11,70,1,1,1,1,8,"10,2","0.3100,0.6900",0.1
campus,bui-campus_h0_r30_i11,100,1,1,1,1,11,"12,2","0.2689,0.7311",0.1
campus,bui-campus_h0_r30_i13,10,0,0,1,1,1,"0,1","0.5250,0.4750",0.1
campus,bui-campus_h0_r30_i13,30,0,0,1,1,3,"0,3","0.5744,0.4256",0.1
campus,bui-campus_h0_r30_i13,50,0,0,1,1,4,"0,4","0.5987,0.4013",0.1
campus,bui-campus_h0_r30_i13,70,0,0,1,1,6,"0,6","0.6457,0.3543",0.1
campus,bui-campus_h0_r30_i13,100,0,0,1,1,8,"1,9","0.6900,0.3100",0.1
campus,bui-campus_h0_r30_i13,10,1,1,1,1,2,"2,0","0.4502,0.5498",0.1
campus,bui-campus_h0_r30_i13,30,1,1,1,1,4,"4,0","0.4013,0.5987",0.1
campus,bui-campus_h0_r30_i13,50,1,1,1,1,6,"8,2","0.3543,0.6457",0.1
campus,bui-campus_h0_r30_i13,70,1,1,1,1,8,"10,2","0.3100,0.6900",0.1
campus,bui-campus_h0_r30_i13,100,1,1,1,1,11,"12,2","0.2689,0.7311",0.1
campus,bui-campus_h0_r30_i15,10,0,0,1,1,1,"0,1","0.5250,0.4750",0.1
campus,bui-campus_h0_r30_i15,30,0,0,1,1,3,"0,2","0.5498,0.4502",0.1
campus,bui-campus_h0_r30_i15,50,0,0,1,1,5,"1,6","0.6225,0.3775",0.1
campus,bui-campus_h0_r30_i15,70,0,0,1,1,7,"2,8","0.6457,0.3543",0.1
campus,bui-campus_h0_r30_i15,100,0,0,1,1,9,"3,10","0.6682,0.3318",0.1
campus,bui-campus_h0_r30_i15,10,1,1,1,1,2,"4,2","0.4502,0.5498",0.1
campus,bui-campus_h0_r30_i15,30,1,1,1,1,4,"5,2","0.4256,0.5744",0.1
campus,bui-campus_h0_r30_i15,50,1,1,1,1,6,"8,4","0.4013,0.5987",0.1
campus,bui-campus_h0_r30_i15,70,1,1,1,1,8,"10,4","0.3543,0.6457",0.1
campus,bui-campus_h0_r30_i15,100,1,1,1,1,11,"13,4","0.2891,0.7109",0.1
campus,bui-campus_h0_r30_i17,10,0,0,1,1,1,"0,1","0.5250,0.4750",0.1
campus,bui-campus_h0_r30_i17,30,0,0,1,1,3,"1,3","0.5498,0.4502",0.1
campus,bui-campus_h0_r30_i17,50,0,0,1,1,4,"1,5","0.5987,0.4013",0.1
campus,bui-campus_h0_r30_i17,70,0,0,1,1,6,"2,7","0.6225,0.3775",0.1
campus,bui-campus_h0_r30_i17,100,0,0,1,1,8,"3,9","0.6457,0.3543",0.1
campus,bui-campus_h0_r30_i17,10,1,1,1,1,2,"2,0","0.4502,0.5498",0.1
campus,bui-campus_h0_r30_i17,30,1,1,1,1,4,"3,1","0.4502,0.5498",0.1
campus,bui-campus_h0_r30_i17,50,1,1,1,1,6,"7,3","0.4013,0.5987",0.1
campus,bui-campus_h0_r30_i17,70,1,1,1,1,9,"11,4","0.3318,0.6682",0.1
campus,bui-campus_h0_r30_i17,100,1,1,1,1,12,"14,4","0.2689,0.7311",0.1
campus,bui-campus_h0_r50_i21,10,0,0,1,1,1,"0,1","0.5250,0.4750",0.1
campus,bui-campus_h0_r50_i21,30,0,0,1,1,3,"0,2","0.5498,0.4502",0.1
campus,bui-campus_h0_r50_i21,50,0,0,1,1,5,"1,6","0.6225,0.3775",0.1
campus,bui-campus_h0_r50_i21,70,0,0,1,1,7,"2,8","0.6457,0.3543",0.1
campus,bui-campus_h0_r50_i21,100,0,0,1,1,9,"3,10","0.6682,0.3318",0.1
campus,bui-campus_h0_r50_i21,10,1,1,1,1,2,"2,0","0.4502,0.5498",0.1
campus,bui-campus_h0_r50_i21,30,1,1,1,1,4,"4,1","0.4256,0.5744",0.1
campus,bui-campus_h0_r50_i21,50,1,1,1,1,6,"7,3","0.4013,0.5987",0.1
campus,bui-campus_h0_r50_i21,70,1,1,1,1,9,"11,4","0.3318,0.6682",0.1
campus,bui-campus_h0_r50_i21,100,1,1,1,1,12,"14,4","0.2689,0.7311",0.1
campus,bui-campus_h0_r50_i23,10,0,0,1,1,1,"0,1","0.5250,0.4750",0.1
campus,bui-campus_h0_r50_i23,30,0,0,1,1,3,"0,2","0.5498,0.4502",0.1
campus,bui-campus_h0_r50_i23,50,0,0,1,1,5,"1,6","0.6225,0.3775",0.1
campus,bui-campus_h0_r50_i23,70,0,0,1,1,7,"2,8","0.6457,0.3543",0.1
campus,bui-campus_h0_r50_i23,100,0,0,1,1,9,"3,10","0.6682,0.3318",0.1
campus,bui-campus_h0_r50_i23,10,1,1,1,1,2,"4,2","0.4502,0.5498",0.1
campus,bui-campus_h0_r50_i23,30,1,1,1,1,4,"5,2","0.4256,0.5744",0.1
campus,bui-campus_h0_r50_i23,50,1,1,1,1,6,"8,4","0.4013,0.5987",0.1
campus,bui-campus_h0_r50_i23,70,1,1,1,1,8,"10,4","0.3543,0.6457",0.1
campus,bui-campus_h0_r50_i23,100,1,1,1,1,11,"13,4","0.2891,0.7109",0.1
campus,bui-campus_h0_r50_i24,10,0,0,2,1,1,"1,1","0.5000,0.5000",0.1
campus,bui-campus_h0_r50_i24,30,0,0,1,1,3,"2,3","0.5250,0.4750",0.1
campus,bui-campus_h0_r50_i24,50,0,0,1,1,4,"2,4","0.5498,0.4502",0.1
campus,bui-campus_h0_r50_i24,70,0,0,1,1,6,"2,6","0.5987,0.4013",0.1
campus,bui-campus_h0_r50_i24,100,0,0,1,1,8,"3,9","0.6457,0.3543",0.1
campus,bui-campus_h0_r50_i24,10,1,1,1,1,2,"2,0","0.4502,0.5498",0.1
campus,bui-campus_h0_r50_i24,30,1,1,1,1,4,"5,1","0.4013,0.5987",0.1
campus,bui-campus_h0_r50_i24,50,1,1,1,1,6,"8,3","0.3775,0.6225",0.1
campus,bui-campus_h0_r50_i24,70,1,1,1,1,9,"12,4","0.3100,0.6900",0.1
campus,bui-campus_h0_r50_i24,100,1,1,1,1,12,"15,4","0.2497,0.7503",0.1
campus,bui-campus_h0_r70_i31,10,0,0,1,1,1,"0,1","0.5250,0.4750",0.1
campus,bui-campus_h0_r70_i31,30,0,0,1,1,3,"0,2","0.5498,0.4502",0.1
campus,bui-campus_h0_r70_i31,50,0,0,1,1,5,"1,6","0.6225,0.3775",0.1
campus,bui-campus_h0_r70_i31,70,0,0,1,1,7,"2,8","0.6457,0.3543",0.1
campus,bui-campus_h0_r70_i31,100,0,0,1,1,9,"3,10","0.6682,0.3318",0.1
campus,bui-campus_h0_r70_i31,10,1,1,1,1,2,"2,0","0.4502,0.5498",0.1
campus,bui-campus_h0_r70_i31,30,1,1,1,1,4,"4,1","0.4256,0.5744",0.1
campus,bui-campus_h0_r70_i31,50,1,1,1,1,6,"7,3","0.4013,0.5987",0.1
campus,bui-campus_h0_r70_i31,70,1,1,1,1,9,"11,4","0.3318,0.6682",0.1
campus,bui-campus_h0_r70_i31,100,1,1,1,1,12,"14,4","0.2689,0.7311",0.1
campus,bui-campus_h0_r70_i33,10,0,0,1,1,1,"0,1","0.5250,0.4750",0.1
campus,bui-campus_h0_r70_i33,30,0,0,1,1,3,"0,2","0.5498,0.4502",0.1
campus,bui-campus_h0_r70_i33,50,0,0,1,1,5,"1,6","0.6225,0.3775",0.1
campus,bui-campus_h0_r70_i33,70,0,0,1,1,7,"2,8","0.6457,0.3543",0.1
campus,bui-campus_h0_r70_i33,100,0,0,1,1,9,"3,10","0.6682,0.3318",0.1
campus,bui-campus_h0_r70_i33,10,1,1,1,1,2,"1,0","0.4750,0.5250",0.1
campus,bui-campus_h0_r70_i33,30,1,1,1,1,4,"4,2","0.4502,0.5498",0.1
campus,bui-campus_h0_r70_i33,50,1,1,1,1,6,"8,4","0.4013,0.5987",0.1
campus,bui-campus_h0_r70_i33,70,1,1,1,1,8,"10,4","0.3543,0.6457",0.1
campus,bui-campus_h0_r70_i33,100,1,1,1,1,11,"13,4","0.2891,0.7109",0.1
campus,bui-campus_h0_r70_i34,10,0,0,2,1,1,"1,1","0.5000,0.5000",0.1
campus,bui-campus_h0_r70_i34,30,0,0,1,1,3,"2,3","0.5250,0.4750",0.1
campus,bui-campus_h0_r70_i34,50,0,0,1,1,4,"2,4","0.5498,0.4502",0.1
campus,bui-campus_h0_r70_i34,70,0,0,1,1,6,"2,6","0.5987,0.4013",0.1
campus,bui-campus_h0_r70_i34,100,0,0,1,1,8,"3,9","0.6457,0.3543",0.1
campus,bui-campus_h0_r70_i34,10,1,1,1,1,2,"2,0","0.4502,0.5498",0.1
campus,bui-campus_h0_r70_i34,30,1,1,1,1,4,"5,1","0.4013,0.5987",0.1
campus,bui-campus_h0_r70_i34,50,1,1,1,1,6,"8,3","0.3775,0.6225",0.1
campus,bui-campus_h0_r70_i34,70,1,1,1,1,9,"12,4","0.3100,0.6900",0.1
campus,bui-campus_h0_r70_i34,100,1,1,1,1,12,"15,4","0.2497,0.7503",0.1
campus,bui-campus_h0_r70_i40,10,0,0,1,1,1,"0,1","0.5250,0.4750",0.1
campus,bui-campus_h0_r70_i40,30,0,0,1,1,3,"0,2","0.5498,0.4502",0.1
campus,bui-campus_h0_r70_i40,50,0,0,1,1,5,"1,6","0.6225,0.3775",0.1
campus,bui-campus_h0_r70_i40,70,0,0,1,1,7,"2,8","0.6457,0.3543",0.1
campus,bui-campus_h0_r70_i40,100,0,0,1,1,9,"3,10","0.6682,0.3318",0.1
campus,bui-campus_h0_r70_i40,10,1,1,1,1,2,"1,0","0.4750,0.5250",0.1
campus,bui-campus_h0_r70_i40,30,1,1,1,1,4,"4,2","0.4502,0.5498",0.1
campus,bui-campus_h0_r70_i40,50,1,1,1,1,6,"8,4","0.4013,0.5987",0.1
campus,bui-campus_h0_r70_i40,70,1,1,1,1,8,"10,4","0.3543,0.6457",0.1
campus,bui-campus_h0_r70_i40,100,1,1,1,1,11,"13,4","0.2891,0.7109",0.1
campus,bui-campus_h0_rfull_i42,10,0,0,1,1,1,"0,1","0.5250,0.4750",0.1
campus,bui-campus_h0_rfull_i42,30,0,0,1,1,3,"0,2","0.5498,0.4502",0.1
campus,bui-campus_h0_rfull_i42,50,0,0,1,1,5,"1,6","0.6225,0.3775",0.1
campus,bui-campus_h0_rfull_i42,70,0,0,1,1,7,"2,8","0.6457,0.3543",0.1
campus,bui-campus_h0_rfull_i42,100,0,0,1,1,9,"3,10","0.6682,0.3318",0.1
campus,bui-campus_h0_rfull_i42,10,1,1,1,1,2,"4,2","0.4502,0.5498",0.1
campus,bui-campus_h0_rfull_i42,30,1,1,1,1,4,"5,2","0.4256,0.5744",0.1
campus,bui-campus_h0_rfull_i42,50,1,1,1,1,6,"8,4","0.4013,0.5987",0.1
campus,bui-campus_h0_rfull_i42,70,1,1,1,1,8,"10,4","0.3543,0.6457",0.1
campus,bui-campus_h0_rfull_i42,100,1,1,1,1,11,"13,4","0.2891,0.7109",0.1
campus,bui-campus_h0_rfull_i43,10,0,0,1,1,1,"0,1","0.5250,0.4750",0.1
campus,bui-campus_h0_rfull_i43,30,0,0,1,1,3,"0,2","0.5498,0.4502",0.1
campus,bui-campus_h0_rfull_i43,50,0,0,1,1,5,"1,6","0.6225,0.3775",0.1
campus,bui-campus_h0_rfull_i43,70,0,0,1,1,7,"2,8","0.6457,0.3543",0.1
campus,bui-campus_h0_rfull_i43,100,0,0,1,1,9,"3,10","0.6682,0.3318",0.1
campus,bui-campus_h0_rfull_i43,10,1,1,1,1,2,"2,0","0.4502,0.5498",0.1
campus,bui-campus_h0_rfull_i43,30,1,1,1,1,4,"4,1","0.4256,0.5744",0.1
campus,bui-campus_h0_rfull_i43,50,1,1,1,1,6,"7,3","0.4013,0.5987",0.1
campus,bui-campus_h0_rfull_i43,70,1,1,1,1,9,"11,4","0.3318,0.6682",0.1
campus,bui-campus_h0_rfull_i43,100,1,1,1,1,12,"14,4","0.2689,0.7311",0.1
campus,bui-campus_h0_rfull_i44,10,0,0,1,1,1,"0,1","0.5250,0.4750",0.1
campus,bui-campus_h0_rfull_i44,30,0,0,1,1,3,"0,3","0.5744,0.4256",0.1
campus,bui-campus_h0_rfull_i44,50,0,0,1,1,4,"0,4","0.5987,0.4013",0.1
campus,bui-campus_h0_rfull_i44,70,0,0,1,1,6,"0,6","0.6457,0.3543",0.1
campus,bui-campus_h0_rfull_i44,100,0,0,1,1,8,"1,9","0.6900,0.3100",0.1
campus,bui-campus_h0_rfull_i44,10,1,1,1,1,2,"2,0","0.4502,0.5498",0.1
campus,bui-campus_h0_rfull_i44,30,1,1,1,1,4,"4,0","0.4013,0.5987",0.1
campus,bui-campus_h0_rfull_i44,50,1,1,1,1,6,"8,2","0.3543,0.6457",0.1
campus,bui-campus_h0_rfull_i44,70,1,1,1,1,8,"10,2","0.3100,0.6900",0.1
campus,bui-campus_h0_rfull_i44,100,1,1,1,1,11,"12,2","0.2689,0.7311",0.1
campus,bui-campus_h0_rfull_i46,10,0,0,1,1,1,"0,1","0.5250,0.4750",0.1
campus,bui-campus_h0_rfull_i46,30,0,0,1,1,3,"0,2","0.5498,0.4502",0.1
campus,bui-campus_h0_rfull_i46,50,0,0,1,1,5,"1,6","0.6225,0.3775",0.1
campus,bui-campus_h0_rfull_i46,70,0,0,1,1,7,"2,8","0.6457,0.3543",0.1
campus,bui-campus_h0_rfull_i46,100,0,0,1,1,9,"3,10","0.6682,0.3318",0.1
campus,bui-campus_h0_rfull_i46,10,1,1,1,1,2,"4,2","0.4502,0.5498",0.1
campus,bui-campus_h0_rfull_i46,30,1,1,1,1,4,"5,2","0.4256,0.5744",0.1
campus,bui-campus_h0_rfull_i46,50,1,1,1,1,6,"8,4","0.4013,0.5987",0.1
campus,bui-campus_h0_rfull_i46,70,1,1,1,1,8,"10,4","0.3543,0.6457",0.1
campus,bui-campus_h0_rfull_i46,100,1,1,1,1,11,"13,4","0.2891,0.7109",0.1
campus,bui-campus_h0_rfull_i47,10,0,0,1,1,1,"0,1","0.5250,0.4750",0.1
campus,bui-campus_h0_rfull_i47,30,0,0,1,1,3,"1,3","0.5498,0.4502",0.1
campus,bui-campus_h0_rfull_i47,50,0,0,1,1,4,"1,5","0.5987,0.4013",0.1
campus,bui-campus_h0_rfull_i47,70,0,0,1,1,6,"2,7","0.6225,0.3775",0.1
campus,bui-campus_h0_rfull_i47,100,0,0,1,1,8,"3,9","0.6457,0.3543",0.1
campus,bui-campus_h0_rfull_i47,10,1,1,1,1,2,"2,0","0.4502,0.5498",0.1
campus,bui-campus_h0_rfull_i47,30,1,1,1,1,4,"3,1","0.4502,0.5498",0.1
campus,bui-campus_h0_rfull_i47,50,1,1,1,1,6,"7,3","0.4013,0.5987",0.1
campus,bui-campus_h0_rfull_i47,70,1,1,1,1,9,"11,4","0.3318,0.6682",0.1
campus,bui-campus_h0_rfull_i47,100,1,1,1,1,12,"14,4","0.2689,0.7311",0.1
campus,bui-campus_h0_rfull_i48,10,0,0,1,1,1,"1,2","0.5250,0.4750",0.1
campus,bui-campus_h0_rfull_i48,30,0,0,1,1,3,"2,5","0.5744,0.4256",0.1
campus,bui-campus_h0_rfull_i48,50,0,0,1,1,4,"2,6","0.5987,0.4013",0.1
campus,bui-campus_h0_rfull_i48,70,0,0,1,1,6,"2,8","0.6457,0.3543",0.1
campus,bui-campus_h0_rfull_i48,100,0,0,1,1,8,"3,11","0.6900,0.3100",0.1
campus,bui-campus_h0_rfull_i48,10,1,1,1,1,2,"3,2","0.4750,0.5250",0.1
campus,bui-campus_h0_rfull_i48,30,1,1,1,1,4,"5,2","0.4256,0.5744",0.1
campus,bui-campus_h0_rfull_i48,50,1,1,1,1,6,"9,4","0.3775,0.6225",0.1
campus,bui-campus_h0_rfull_i48,70,1,1,1,1,8,"11,4","0.3318,0.6682",0.1
campus,bui-campus_h0_rfull_i48,100,1,1,1,1,11,"14,4","0.2689,0.7311",0.1
campus,bui-campus_h0_rfull_i49,10,0,0,1,1,1,"0,1","0.5250,0.4750",0.1
campus,bui-campus_h0_rfull_i49,30,0,0,1,1,3,"0,2","0.5498,0.4502",0.1
campus,bui-campus_h0_rfull_i49,50,0,0,1,1,5,"1,6","0.6225,0.3775",0.1
campus,bui-campus_h0_rfull_i49,70,0,0,1,1,7,"2,8","0.6457,0.3543",0.1
campus,bui-campus_h0_rfull_i49,100,0,0,1,1,9,"3,10","0.6682,0.3318",0.1
campus,bui-campus_h0_rfull_i49,10,1,1,1,1,2,"2,0","0.4502,0.5498",0.1
campus,bui-campus_h0_rfull_i49,30,1,1,1,1,4,"3,0","0.4256,0.5744",0.1
campus,bui-campus_h0_rfull_i49,50,1,1,1,1,6,"6,2","0.4013,0.5987",0.1
campus,bui-campus_h0_rfull_i49,70,1,1,1,1,8,"8,2","0.3543,0.6457",0.1
campus,bui-campus_h0_rfull_i49,100,1,1,1,1,11,"11,2","0.2891,0.7109",0.1
campus,bui-campus_h0_rfull_i50,10,0,0,1,1,1,"0,1","0.5250,0.4750",0.1
campus,bui-campus_h0_rfull_i50,30,0,0,1,1,3,"0,2","0.5498,0.4502",0.1
campus,bui-campus_h0_rfull_i50,50,0,0,1,1,5,"1,6","0.6225,0.3775",0.1
campus,bui-campus_h0_rfull_i50,70,0,0,1,1,7,"2,8","0.6457,0.3543",0.1
campus,bui-campus_h0_rfull_i50,100,0,0,1,1,9,"3,10","0.6682,0.3318",0.1
campus,bui-campus_h0_rfull_i50,10,1,1,1,1,2,"2,0","0.4502,0.5498",0.1
campus,bui-campus_h0_rfull_i50,30,1,1,1,1,4,"4,1","0.4256,0.5744",0.1
campus,bui-campus_h0_rfull_i50,50,1,1,1,1,6,"7,3","0.4013,0.5987",0.1
campus,bui-campus_h0_rfull_i50,70,1,1,1,1,9,"11,4","0.3318,0.6682",0.1
campus,bui-campus_h0_rfull_i50,100,1,1,1,1,12,"14,4","0.2689,0.7311",0.1
campus,bui-campus_h1_r10_i1,10,0,0,1,1,1,"0,1","0.5250,0.4750",0.1
campus,bui-campus_h1_r10_i1,30,0,0,1,1,3,"0,2","0.5498,0.4502",0.1
campus,bui-campus_h1_r10_i1,50,0,0,1,1,5,"1,6","0.6225,0.3775",0.1
campus,bui-campus_h1_r10_i1,70,0,0,1,1,7,"2,8","0.6457,0.3543",0.1
campus,bui-campus_h1_r10_i1,100,0,0,1,1,9,"3,10","0.6682,0.3318",0.1
campus,bui-campus_h1_r10_i1,10,1,1,1,1,2,"2,0","0.4502,0.5498",0.1
campus,bui-campus_h1_r10_i1,30,1,1,1,1,4,"4,1","0.4256,0.5744",0.1
campus,bui-campus_h1_r10_i1,50,1,1,1,1,6,"7,3","0.4013,0.5987",0.1
campus,bui-campus_h1_r10_i1,70,1,1,1,1,9,"11,4","0.3318,0.6682",0.1
campus,bui-campus_h1_r10_i1,100,1,1,1,1,12,"14,4","0.2689,0.7311",0.1
campus,bui-campus_h1_r10_i7,10,0,0,2,1,1,"1,1","0.5000,0.5000",0.1
campus,bui-campus_h1_r10_i7,30,0,0,1,1,3,"2,3","0.5250,0.4750",0.1
campus,bui-campus_h1_r10_i7,50,0,0,1,1,4,"2,4","0.5498,0.4502",0.1
campus,bui-campus_h1_r10_i7,70,0,0,1,1,6,"2,6","0.5987,0.4013",0.1
campus,bui-campus_h1_r10_i7,100,0,0,1,1,8,"3,9","0.6457,0.3543",0.1
campus,bui-campus_h1_r10_i7,10,1,1,1,1,2,"2,0","0.4502,0.5498",0.1
campus,bui-campus_h1_r10_i7,30,1,1,1,1,4,"5,1","0.4013,0.5987",0.1
campus,bui-campus_h1_r10_i7,50,1,1,1,1,6,"8,3","0.3775,0.6225",0.1
campus,bui-campus_h1_r10_i7,70,1,1,1,1,9,"12,4","0.3100,0.6900",0.1
campus,bui-campus_h1_r10_i7,100,1,1,1,1,12,"15,4","0.2497,0.7503",0.1
campus,bui-campus_h1_r10_i9,10,0,0,1,1,1,"0,1","0.5250,0.4750",0.1
campus,bui-campus_h1_r10_i9,30,0,0,1,1,3,"0,2","0.5498,0.4502",0.1
campus,bui-campus_h1_r10_i9,50,0,0,1,1,5,"1,6","0.6225,0.3775",0.1
campus,bui-campus_h1_r10_i9,70,0,0,1,1,7,"2,8","0.6457,0.3543",0.1
campus,bui-campus_h1_r10_i9,100,0,0,1,1,9,"3,10","0.6682,0.3318",0.1
campus,bui-campus_h1_r10_i9,10,1,1,1,1,2,"2,0","0.4502,0.5498",0.1
campus,bui-campus_h1_r10_i9,30,1,1,1,1,4,"4,1","0.4256,0.5744",0.1
campus,bui-campus_h1_r10_i9,50,1,1,1,1,6,"7,3","0.4013,0.5987",0.1
campus,bui-campus_h1_r10_i9,70,1,1,1,1,9,"11,4","0.3318,0.6682",0.1
campus,bui-campus_h1_r10_i9,100,1,1,1,1,12,"14,4","0.2689,0.7311",0.1
campus,bui-campus_h1_r30_i12,10,0,0,1,1,1,"0,1","0.5250,0.4750",0.1
campus,bui-campus_h1_r30_i12,30,0,0,1,1,3,"0,3","0.5744,0.4256",0.1
campus,bui-campus_h1_r30_i12,50,0,0,1,1,4,"0,4","0.5987,0.4013",0.1
campus,bui-campus_h1_r30_i12,70,0,0,1,1,6,"0,6","0.6457,0.3543",0.1
campus,bui-campus_h1_r30_i12,100,0,0,1,1,8,"1,9","0.6900,0.3100",0.1
campus,bui-campus_h1_r30_i12,10,1,1,1,1,2,"2,0","0.4502,0.5498",0.1
campus,bui-campus_h1_r30_i12,30,1,1,1,1,4,"4,0","0.4013,0.5987",0.1
campus,bui-campus_h1_r30_i12,50,1,1,1,1,6,"8,2","0.3543,0.6457",0.1
campus,bui-campus_h1_r30_i12,70,1,1,1,1,8,"10,2","0.3100,0.6900",0.1
campus,bui-campus_h1_r30_i12,100,1,1,1,1,11,"12,2","0.2689,0.7311",0.1
campus,bui-campus_h1_r30_i14,10,0,0,1,1,1,"1,2","0.5250,0.4750",0.1
campus,bui-campus_h1_r30_i14,30,0,0,1,1,3,"2,5","0.5744,0.4256",0.1
campus,bui-campus_h1_r30_i14,50,0,0,1,1,4,"2,6","0.5987,0.4013",0.1
campus,bui-campus_h1_r30_i14,70,0,0,1,1,6,"2,8","0.6457,0.3543",0.1
campus,bui-campus_h1_r30_i14,100,0,0,1,1,8,"3,11","0.6900,0.3100",0.1
campus,bui-campus_h1_r30_i14,10,1,1,1,1,2,"3,2","0.4750,0.5250",0.1
campus,bui-campus_h1_r30_i14,30,1,1,1,1,4,"5,2","0.4256,0.5744",0.1
campus,bui-campus_h1_r30_i14,50,1,1,1,1,6,"9,4","0.3775,0.6225",0.1
campus,bui-campus_h1_r30_i14,70,1,1,1,1,8,"11,4","0.3318,0.6682",0.1
campus,bui-campus_h1_r30_i14,100,1,1,1,1,11,"14,4","0.2689,0.7311",0.1
campus,bui-campus_h1_r30_i16,10,0,0,1,1,1,"0,1","0.5250,0.4750",0.1
campus,bui-campus_h1_r30_i16,30,0,0,1,1,3,"0,2","0.5498,0.4502",0.1
campus,bui-campus_h1_r30_i16,50,0,0,1,1,5,"1,6","0.6225,0.3775",0.1
campus,bui-campus_h1_r30_i16,70,0,0,1,1,7,"2,8","0.6457,0.3543",0.1
campus,bui-campus_h1_r30_i16,100,0,0,1,1,9,"3,10","0.6682,0.3318",0.1
campus,bui-campus_h1_r30_i16,10,1,1,1,1,2,"2,0","0.4502,0.5498",0.1
campus,bui-campus_h1_r30_i16,30,1,1,1,1,4,"4,1","0.4256,0.5744",0.1
campus,bui-campus_h1_r30_i16,50,1,1,1,1,6,"7,3","0.4013,0.5987",0.1
campus,bui-campus_h1_r30_i16,70,1,1,1,1,9,"11,4","0.3318,0.6682",0.1
campus,bui-campus_h1_r30_i16,100,1,1,1,1,12,"14,4","0.2689,0.7311",0.1
campus,bui-campus_h1_r30_i18,10,0,0,1,1,1,"0,1","0.5250,0.4750",0.1
campus,bui-campus_h1_r30_i18,30,0,0,1,1,3,"1,3","0.5498,0.4502",0.1
campus,bui-campus_h1_r30_i18,50,0,0,1,1,4,"1,5","0.5987,0.4013",0.1
campus,bui-campus_h1_r30_i18,70,0,0,1,1,6,"2,7","0.6225,0.3775",0.1
campus,bui-campus_h1_r30_i18,100,0,0,1,1,8,"3,9","0.6457,0.3543",0.1
campus,bui-campus_h1_r30_i18,10,1,1,1,1,2,"2,0","0.4502,0.5498",0.1
campus,bui-campus_h1_r30_i18,30,1,1,1,1,4,"3,1","0.4502,0.5498",0.1
campus,bui-campus_h1_r30_i18,50,1,1,1,1,6,"7,3","0.4013,0.5987",0.1
campus,bui-campus_h1_r30_i18,70,1,1,1,1,9,"11,4","0.3318,0.6682",0.1
campus,bui-campus_h1_r30_i18,100,1,1,1,1,12,"14,4","0.2689,0.7311",0.1
campus,bui-campus_h1_r30_i19,10,0,0,1,1,1,"0,1","0.5250,0.4750",0.1
campus,bui-campus_h1_r30_i19,30,0,0,1,1,3,"0,2","0.5498,0.4502",0.1
campus,bui-campus_h1_r30_i19,50,0,0,1,1,5,"1,6","0.6225,0.3775",0.1
campus,bui-campus_h1_r30_i19,70,0,0,1,1,7,"2,8","0.6457,0.3543",0.1
campus,bui-campus_h1_r30_i19,100,0,0,1,1,9,"3,10","0.6682,0.3318",0.1
campus,bui-campus_h1_r30_i19,10,1,1,1,1,2,"2,0","0.4502,0.5498",0.1
campus,bui-campus_h1_r30_i19,30,1,1,1,1,4,"3,0","0.4256,0.5744",0.1
campus,bui-campus_h1_r30_i19,50,1,1,1,1,6,"6,2","0.4013,0.5987",0.1
campus,bui-campus_h1_r30_i19,70,1,1,1,1,8,"8,2","0.3543,0.6457",0.1
campus,bui-campus_h1_r30_i19,100,1,1,1,1,11,"11,2","0.2891,0.7109",0.1
campus,bui-campus_h1_r30_i20,10,0,0,1,1,1,"0,1","0.5250,0.4750",0.1
campus,bui-campus_h1_r30_i20,30,0,0,1,1,3,"0,2","0.5498,0.4502",0.1
campus,bui-campus_h1_r30_i20,50,0,0,1,1,5,"1,6","0.6225,0.3775",0.1
campus,bui-campus_h1_r30_i20,70,0,0,1,1,7,"2,8","0.6457,0.3543",0.1
campus,bui-campus_h1_r30_i20,100,0,0,1,1,9,"3,10","0.6682,0.3318",0.1
campus,bui-campus_h1_r30_i20,10,1,1,1,1,2,"2,0","0.4502,0.5498",0.1
campus,bui-campus_h1_r30_i20,30,1,1,1,1,4,"4,1","0.4256,0.5744",0.1
campus,bui-campus_h1_r30_i20,50,1,1,1,1,6,"7,3","0.4013,0.5987",0.1
campus,bui-campus_h1_r30_i20,70,1,1,1,1,9,"11,4","0.3318,0.6682",0.1
campus,bui-campus_h1_r30_i20,100,1,1,1,1,12,"14,4","0.2689,0.7311",0.1
campus,bui-campus_h1_r50_i22,10,0,0,1,1,1,"0,1","0.5250,0.4750",0.1
campus,bui-campus_h1_r50_i22,30,0,0,1,1,3,"0,2","0.5498,0.4502",0.1
campus,bui-campus_h1_r50_i22,50,0,0,1,1,5,"1,6","0.6225,0.3775",0.1
campus,bui-campus_h1_r50_i22,70,0,0,1,1,7,"2,8","0.6457,0.3543",0.1
campus,bui-campus_h1_r50_i22,100,0,0,1,1,9,"3,10","0.6682,0.3318",0.1
campus,bui-campus_h1_r50_i22,10,1,1,1,1,2,"4,2","0.4502,0.5498",0.1
campus,bui-campus_h1_r50_i22,30,1,1,1,1,4,"5,2","0.4256,0.5744",0.1
campus,bui-campus_h1_r50_i22,50,1,1,1,1,6,"8,4","0.4013,0.5987",0.1
campus,bui-campus_h1_r50_i22,70,1,1,1,1,8,"10,4","0.3543,0.6457",0.1
campus,bui-campus_h1_r50_i22,100,1,1,1,1,11,"13,4","0.2891,0.7109",0.1
campus,bui-campus_h1_r50_i25,10,0,0,1,1,1,"0,1","0.5250,0.4750",0.1
campus,bui-campus_h1_r50_i25,30,0,0,1,1,3,"1,3","0.5498,0.4502",0.1
campus,bui-campus_h1_r50_i25,50,0,0,1,1,4,"1,5","0.5987,0.4013",0.1
campus,bui-campus_h1_r50_i25,70,0,0,1,1,6,"2,7","0.6225,0.3775",0.1
campus,bui-campus_h1_r50_i25,100,0,0,1,1,8,"3,9","0.6457,0.3543",0.1
campus,bui-campus_h1_r50_i25,10,1,1,1,1,2,"2,0","0.4502,0.5498",0.1
campus,bui-campus_h1_r50_i25,30,1,1,1,1,4,"3,1","0.4502,0.5498",0.1
campus,bui-campus_h1_r50_i25,50,1,1,1,1,6,"7,3","0.4013,0.5987",0.1
campus,bui-campus_h1_r50_i25,70,1,1,1,1,9,"11,4","0.3318,0.6682",0.1
campus,bui-campus_h1_r50_i25,100,1,1,1,1,12,"14,4","0.2689,0.7311",0.1
campus,bui-campus_h1_r50_i26,10,0,0,1,1,1,"0,1","0.5250,0.4750",0.1
campus,bui-campus_h1_r50_i26,30,0,0,1,1,3,"0,2","0.5498,0.4502",0.1
campus,bui-campus_h1_r50_i26,50,0,0,1,1,5,"1,6","0.6225,0.3775",0.1
campus,bui-campus_h1_r50_i26,70,0,0,1,1,7,"2,8","0.6457,0.3543",0.1
campus,bui-campus_h1_r50_i26,100,0,0,1,1,9,"3,10","0.6682,0.3318",0.1
campus,bui-campus_h1_r50_i26,10,1,1,1,1,2,"2,0","0.4502,0.5498",0.1
campus,bui-campus_h1_r50_i26,30,1,1,1,1,4,"4,1","0.4256,0.5744",0.1
campus,bui-campus_h1_r50_i26,50,1,1,1,1,6,"7,3","0.4013,0.5987",0.1
campus,bui-campus_h1_r50_i26,70,1,1,1,1,9,"11,4","0.3318,0.6682",0.1
campus,bui-campus_h1_r50_i26,100,1,1,1,1,12,"14,4","0.2689,0.7311",0.1
campus,bui-campus_h1_r50_i27,10,0,0,1,1,1,"0,1","0.5250,0.4750",0.1
campus,bui-campus_h1_r50_i27,30,0,0,1,1,3,"0,2","0.5498,0.4502",0.1
campus,bui-campus_h1_r50_i27,50,0,0,1,1,5,"1,6","0.6225,0.3775",0.1
campus,bui-campus_h1_r50_i27,70,0,0,1,1,7,"2,8","0.6457,0.3543",0.1
campus,bui-campus_h1_r50_i27,100,0,0,1,1,9,"3,10","0.6682,0.3318",0.1
campus,bui-campus_h1_r50_i27,10,1,1,1,1,2,"2,0","0.4502,0.5498",0.1
campus,bui-campus_h1_r50_i27,30,1,1,1,1,4,"4,1","0.4256,0.5744",0.1
campus,bui-campus_h1_r50_i27,50,1,1,1,1,6,"7,3","0.4013,0.5987",0.1
campus,bui-campus_h1_r50_i27,70,1,1,1,1,9,"11,4","0.3318,0.6682",0.1
campus,bui-campus_h1_r50_i27,100,1,1,1,1,12,"14,4","0.2689,0.7311",0.1
campus,bui-campus_h1_r50_i28,10,0,0,1,1,1,"0,1","0.5250,0.4750",0.1
campus,bui-campus_h1_r50_i28,30,0,0,1,1,3,"0,2","0.5498,0.4502",0.1
campus,bui-campus_h1_r50_i28,50,0,0,1,1,5,"1,6","0.6225,0.3775",0.1
campus,bui-campus_h1_r50_i28,70,0,0,1,1,7,"2,8","0.6457,0.3543",0.1
campus,bui-campus_h1_r50_i28,100,0,0,1,1,9,"3,10","0.6682,0.3318",0.1
campus,bui-campus_h1_r50_i28,10,1,1,1,1,2,"2,0","0.4502,0.5498",0.1
campus,bui-campus_h1_r50_i28,30,1,1,1,1,4,"3,0","0.4256,0.5744",0.1
campus,bui-campus_h1_r50_i28,50,1,1,1,1,6,"6,2","0.4013,0.5987",0.1
campus,bui-campus_h1_r50_i28,70,1,1,1,1,8,"8,2","0.3543,0.6457",0.1
campus,bui-campus_h1_r50_i28,100,1,1,1,1,11,"11,2","0.2891,0.7109",0.1
campus,bui-campus_h1_r50_i29,10,0,0,1,1,1,"0,1","0.5250,0.4750",0.1
campus,bui-campus_h1_r50_i29,30,0,0,1,1,3,"0,2","0.5498,0.4502",0.1
campus,bui-campus_h1_r50_i29,50,0,0,1,1,5,"1,6","0.6225,0.3775",0.1
campus,bui-campus_h1_r50_i29,70,0,0,1,1,7,"2,8","0.6457,0.3543",0.1
campus,bui-campus_h1_r50_i29,100,0,0,1,1,9,"3,10","0.6682,0.3318",0.1
campus,bui-campus_h1_r50_i29,10,1,1,1,1,2,"2,0","0.4502,0.5498",0.1
campus,bui-campus_h1_r50_i29,30,1,1,1,1,4,"4,1","0.4256,0.5744",0.1
campus,bui-campus_h1_r50_i29,50,1,1,1,1,6,"7,3","0.4013,0.5987",0.1
campus,bui-campus_h1_r50_i29,70,1,1,1,1,9,"11,4","0.3318,0.6682",0.1
campus,bui-campus_h1_r50_i29,100,1,1,1,1,12,"14,4","0.2689,0.7311",0.1
campus,bui-campus_h1_r50_i30,10,0,0,1,1,1,"0,1","0.5250,0.4750",0.1
campus,bui-campus_h1_r50_i30,30,0,0,1,1,3,"0,2","0.5498,0.4502",0.1
campus,bui-campus_h1_r50_i30,50,0,0,1,1,5,"1,6","0.6225,0.3775",0.1
campus,bui-campus_h1_r50_i30,70,0,0,1,1,7,"2,8","0.6457,0.3543",0.1
campus,bui-campus_h1_r50_i30,100,0,0,1,1,9,"3,10","0.6682,0.3318",0.1
campus,bui-campus_h1_r50_i30,10,1,1,1,1,2,"2,0","0.4502,0.5498",0.1
campus,bui-campus_h1_r50_i30,30,1,1,1,1,4,"4,1","0.4256,0.5744",0.1
campus,bui-campus_h1_r50_i30,50,1,1,1,1,6,"7,3","0.4013,0.5987",0.1
campus,bui-campus_h1_r50_i30,70,1,1,1,1,9,"11,4","0.3318,0.6682",0.1
campus,bui-campus_h1_r50_i30,100,1,1,1,1,12,"14,4","0.2689,0.7311",0.1
campus,bui-campus_h1_r70_i32,10,0,0,1,1,1,"0,1","0.5250,0.4750",0.1
campus,bui-campus_h1_r70_i32,30,0,0,1,1,3,"0,2","0.5498,0.4502",0.1
campus,bui-campus_h1_r70_i32,50,0,0,1,1,5,"1,6","0.6225,0.3775",0.1
campus,bui-campus_h1_r70_i32,70,0,0,1,1,7,"2,8","0.6457,0.3543",0.1
campus,bui-campus_h1_r70_i32,100,0,0,1,1,9,"3,10","0.6682,0.3318",0.1
campus,bui-campus_h1_r70_i32,10,1,1,1,1,2,"4,2","0.4502,0.5498",0.1
campus,bui-campus_h1_r70_i32,30,1,1,1,1,4,"5,2","0.4256,0.5744",0.1
campus,bui-campus_h1_r70_i32,50,1,1,1,1,6,"8,4","0.4013,0.5987",0.1
campus,bui-campus_h1_r70_i32,70,1,1,1,1,8,"10,4","0.3543,0.6457",0.1
campus,bui-campus_h1_r70_i32,100,1,1,1,1,11,"13,4","0.2891,0.7109",0.1
campus,bui-campus_h1_r70_i35,10,0,0,1,1,1,"0,1","0.5250,0.4750",0.1
campus,bui-campus_h1_r70_i35,30,0,0,1,1,3,"0,2","0.5498,0.4502",0.1
campus,bui-campus_h1_r70_i35,50,0,0,1,1,5,"1,6","0.6225,0.3775",0.1
campus,bui-campus_h1_r70_i35,70,0,0,1,1,7,"2,8","0.6457,0.3543",0.1
campus,bui-campus_h1_r70_i35,100,0,0,1,1,9,"3,10","0.6682,0.3318",0.1
campus,bui-campus_h1_r70_i35,10,1,1,1,1,2,"4,2","0.4502,0.5498",0.1
campus,bui-campus_h1_r70_i35,30,1,1,1,1,4,"5,2","0.4256,0.5744",0.1
campus,bui-campus_h1_r70_i35,50,1,1,1,1,6,"8,4","0.4013,0.5987",0.1
campus,bui-campus_h1_r70_i35,70,1,1,1,1,8,"10,4","0.3543,0.6457",0.1
campus,bui-campus_h1_r70_i35,100,1,1,1,1,11,"13,4","0.2891,0.7109",0.1
campus,bui-campus_h1_r70_i36,10,0,0,1,1,1,"0,1","0.5250,0.4750",0.1
campus,bui-campus_h1_r70_i36,30,0,0,1,1,3,"0,2","0.5498,0.4502",0.1
campus,bui-campus_h1_r70_i36,50,0,0,1,1,5,"1,6","0.6225,0.3775",0.1
campus,bui-campus_h1_r70_i36,70,0,0,1,1,7,"2,8","0.6457,0.3543",0.1
campus,bui-campus_h1_r70_i36,100,0,0,1,1,9,"3,10","0.6682,0.3318",0.1
campus,bui-campus_h1_r70_i36,10,1,1,1,1,2,"2,0","0.4502,0.5498",0.1
campus,bui-campus_h1_r70_i36,30,1,1,1,1,4,"4,1","0.4256,0.5744",0.1
campus,bui-campus_h1_r70_i36,50,1,1,1,1,6,"7,3","0.4013,0.5987",0.1
campus,bui-campus_h1_r70_i36,70,1,1,1,1,9,"11,4","0.3318,0.6682",0.1
campus,bui-campus_h1_r70_i36,100,1,1,1,1,12,"14,4","0.2689,0.7311",0.1
campus,bui-campus_h1_r70_i37,10,0,0,1,1,1,"0,1","0.5250,0.4750",0.1
campus,bui-campus_h1_r70_i37,30,0,0,1,1,3,"0,2","0.5498,0.4502",0.1
campus,bui-campus_h1_r70_i37,50,0,0,1,1,5,"1,6","0.6225,0.3775",0.1
campus,bui-campus_h1_r70_i37,70,0,0,1,1,7,"2,8","0.6457,0.3543",0.1
campus,bui-campus_h1_r70_i37,100,0,0,1,1,9,"3,10","0.6682,0.3318",0.1
campus,bui-campus_h1_r70_i37,10,1,1,1,1,2,"4,2","0.4502,0.5498",0.1
campus,bui-campus_h1_r70_i37,30,1,1,1,1,4,"5,2","0.4256,0.5744",0.1
campus,bui-campus_h1_r70_i37,50,1,1,1,1,6,"8,4","0.4013,0.5987",0.1
campus,bui-campus_h1_r70_i37,70,1,1,1,1,8,"10,4","0.3543,0.6457",0.1
campus,bui-campus_h1_r70_i37,100,1,1,1,1,11,"13,4","0.2891,0.7109",0.1
campus,bui-campus_h1_r70_i38,10,0,0,1,1,1,"0,1","0.5250,0.4750",0.1
campus,bui-campus_h1_r70_i38,30,0,0,1,1,3,"0,2","0.5498,0.4502",0.1
campus,bui-campus_h1_r70_i38,50,0,0,1,1,5,"1,6","0.6225,0.3775",0.1
campus,bui-campus_h1_r70_i38,70,0,0,1,1,7,"2,8","0.6457,0.3543",0.1
campus,bui-campus_h1_r70_i38,100,0,0,1,1,9,"3,10","0.6682,0.3318",0.1
campus,bui-campus_h1_r70_i38,10,1,1,1,1,2,"2,0","0.4502,0.5498",0.1
campus,bui-campus_h1_r70_i38,30,1,1,1,1,4,"3,0","0.4256,0.5744",0.1
campus,bui-campus_h1_r70_i38,50,1,1,1,1,6,"6,2","0.4013,0.5987",0.1
campus,bui-campus_h1_r70_i38,70,1,1,1,1,8,"8,2","0.3543,0.6457",0.1
campus,bui-campus_h1_r70_i38,100,1,1,1,1,11,"11,2","0.2891,0.7109",0.1
campus,bui-campus_h1_r70_i39,10,0,0,1,1,1,"0,1","0.5250,0.4750",0.1
campus,bui-campus_h1_r70_i39,30,0,0,1,1,3,"1,3","0.5498,0.4502",0.1
campus,bui-campus_h1_r70_i39,50,0,0,1,1,4,"1,5","0.5987,0.4013",0.1
campus,bui-campus_h1_r70_i39,70,0,0,1,1,6,"2,7","0.6225,0.3775",0.1
campus,bui-campus_h1_r70_i39,100,0,0,1,1,8,"3,9","0.6457,0.3543",0.1
campus,bui-campus_h1_r70_i39,10,1,1,1,1,2,"2,0","0.4502,0.5498",0.1
campus,bui-campus_h1_r70_i39,30,1,1,1,1,4,"3,1","0.4502,0.5498",0.1
campus,bui-campus_h1_r70_i39,50,1,1,1,1,6,"7,3","0.4013,0.5987",0.1
campus,bui-campus_h1_r70_i39,70,1,1,1,1,9,"11,4","0.3318,0.6682",0.1
campus,bui-campus_h1_r70_i39,100,1,1,1,1,12,"14,4","0.2689,0.7311",0.1
campus,bui-campus_h1_rfull_i41,10,0,0,1,1,1,"0,1","0.5250,0.4750",0.1
campus,bui-campus_h1_rfull_i41,30,0,0,1,1,3,"0,3","0.5744,0.4256",0.1
campus,bui-campus_h1_rfull_i41,50,0,0,1,1,4,"0,4","0.5987,0.4013",0.1
campus,bui-campus_h1_rfull_i41,70,0,0,1,1,6,"0,6","0.6457,0.3543",0.1
campus,bui-campus_h1_rfull_i41,100,0,0,1,1,8,"1,9","0.6900,0.3100",0.1
campus,bui-campus_h1_rfull_i41,10,1,1,1,1,2,"2,0","0.4502,0.5498",0.1
campus,bui-campus_h1_rfull_i41,30,1,1,1,1,4,"4,0","0.4013,0.5987",0.1
campus,bui-campus_h1_rfull_i41,50,1,1,1,1,6,"8,2","0.3543,0.6457",0.1
campus,bui-campus_h1_rfull_i41,70,1,1,1,1,8,"10,2","0.3100,0.6900",0.1
campus,bui-campus_h1_rfull_i41,100,1,1,1,1,11,"12,2","0.2689,0.7311",0.1
campus,bui-campus_h1_rfull_i45,10,0,0,1,1,1,"0,1","0.5250,0.4750",0.1
campus,bui-campus_h1_rfull_i45,30,0,0,1,1,3,"0,2","0.5498,0.4502",0.1
campus,bui-campus_h1_rfull_i45,50,0,0,1,1,5,"1,6","0.6225,0.3775",0.1
campus,bui-campus_h1_rfull_i45,70,0,0,1,1,7,"2,8","0.6457,0.3543",0.1
campus,bui-campus_h1_rfull_i45,100,0,0,1,1,9,"3,10","0.6682,0.3318",0.1
campus,bui-campus_h1_rfull_i45,10,1,1,1,1,2,"2,0","0.4502,0.5498",0.1
campus,bui-campus_h1_rfull_i45,30,1,1,1,1,4,"4,1","0.4256,0.5744",0.1
campus,bui-campus_h1_rfull_i45,50,1,1,1,1,6,"7,3","0.4013,0.5987",0.1
campus,bui-campus_h1_rfull_i45,70,1,1,1,1,9,"11,4","0.3318,0.6682",0.1
campus,bui-campus_h1_rfull_i45,100,1,1,1,1,12,"14,4","0.2689,0.7311",0.1
grid,p01,10,0,0,1,1,1,"0,1","0.5250,0.4750",0.1
grid,p01,30,0,0,1,1,3,"0,4","0.5987,0.4013",0.1
grid,p01,50,0,0,1,1,5,"0,7","0.6682,0.3318",0.1
grid,p01,70,0,0,1,1,7,"0,7","0.6682,0.3318",0.1
grid,p01,100,0,0,1,1,9,"0,10","0.7311,0.2689",0.1
grid,p01,10,1,1,1,1,1,"1,0","0.4750,0.5250",0.1
grid,p01,30,1,1,1,1,3,"4,0","0.4013,0.5987",0.1
grid,p01,50,1,1,1,1,5,"7,0","0.3318,0.6682",0.1
grid,p01,70,1,1,1,1,7,"7,0","0.3318,0.6682",0.1
grid,p01,100,1,1,1,1,9,"10,0","0.2689,0.7311",0.1
grid,p02,10,0,0,3,1,3,"0,0,0","0.3333,0.3333,0.3333",0.1
grid,p02,30,0,0,3,1,9,"0,0,0","0.3333,0.3333,0.3333",0.1
grid,p02,50,0,0,2,1,15,"0,0,3","0.3649,0.3649,0.2703",0.1
grid,p02,70,0,0,2,1,21,"0,0,14","0.4451,0.4451,0.1098",0.1
grid,p02,100,0,0,1,1,30,"0,14,22","0.7367,0.1817,0.0816",0.1
grid,p02,10,1,0,3,0,3,"0,0,0","0.3333,0.3333,0.3333",0.1
grid,p02,30,1,0,3,0,7,"0,0,0","0.3333,0.3333,0.3333",0.1
grid,p02,50,1,0,3,0,11,"0,0,0","0.3333,0.3333,0.3333",0.1
grid,p02,70,1,0,2,0,16,"0,0,5","0.3837,0.3837,0.2327",0.1
grid,p02,100,1,0,2,0,22,"0,0,16","0.4542,0.4542,0.0917",0.1
grid,p02,10,2,0,3,0,2,"0,0,0","0.3333,0.3333,0.3333",0.1
grid,p02,30,2,0,3,0,4,"0,0,0","0.3333,0.3333,0.3333",0.1
grid,p02,50,2,0,3,0,7,"0,0,0","0.3333,0.3333,0.3333",0.1
grid,p02,70,2,0,3,0,10,"0,0,0","0.3333,0.3333,0.3333",0.1
grid,p02,100,2,0,3,0,13,"0,0,0","0.3333,0.3333,0.3333",0.1
grid,p03,10,0,0,1,1,1,"0,1","0.5250,0.4750",0.1
grid,p03,30,0,0,1,1,2,"0,2","0.5498,0.4502",0.1
grid,p03,50,0,0,1,1,2,"0,2","0.5498,0.4502",0.1
grid,p03,70,0,0,1,1,3,"0,4","0.5987,0.4013",0.1
grid,p03,100,0,0,1,1,4,"0,6","0.6457,0.3543",0.1
grid,p03,10,1,1,1,1,1,"1,0","0.4750,0.5250",0.1
grid,p03,30,1,1,1,1,2,"2,0","0.4502,0.5498",0.1
grid,p03,50,1,1,1,1,2,"2,0","0.4502,0.5498",0.1
grid,p03,70,1,1,1,1,3,"4,0","0.4013,0.5987",0.1
grid,p03,100,1,1,1,1,4,"6,0","0.3543,0.6457",0.1
grid,p04,10,0,0,1,1,1,"0,1,1","0.3559,0.3220,0.3220",0.1
grid,p04,30,0,0,1,1,1,"0,1,1","0.3559,0.3220,0.3220",0.1
grid,p04,50,0,0,1,1,2,"0,2,2","0.3792,0.3104,0.3104",0.1
grid,p04,70,0,0,1,1,3,"0,4,4","0.4272,0.2864,0.2864",0.1
grid,p04,100,0,0,1,1,3,"0,4,4","0.4272,0.2864,0.2864",0.1
grid,p04,10,1,1,2,1,1,"1,0,0","0.3115,0.3443,0.3443",0.1
grid,p04,30,1,1,2,1,1,"1,0,0","0.3115,0.3443,0.3443",0.1
grid,p04,50,1,1,2,1,2,"2,0,0","0.2905,0.3548,0.3548",0.1
grid,p04,70,1,1,2,1,3,"4,0,0","0.2510,0.3745,0.3745",0.1
grid,p04,100,1,1,2,1,3,"4,0,0","0.2510,0.3745,0.3745",0.1
grid,p04,10,2,1,2,0,1,"1,0,0","0.3115,0.3443,0.3443",0.1
grid,p04,30,2,1,2,0,2,"2,0,0","0.2905,0.3548,0.3548",0.1
grid,p04,50,2,1,2,0,2,"2,0,0","0.2905,0.3548,0.3548",0.1
grid,p04,70,2,1,2,0,3,"4,0,0","0.2510,0.3745,0.3745",0.1
grid,p04,100,2,2,1,1,4,"6,2,0","0.2318,0.3458,0.4224",0.1
grid,p05,10,0,0,1,1,1,"0,1,1","0.3559,0.3220,0.3220",0.1
grid,p05,30,0,0,1,1,3,"0,4,4","0.4272,0.2864,0.2864",0.1
grid,p05,50,0,0,1,1,5,"0,7,7","0.5017,0.2491,0.2491",0.1
grid,p05,70,0,0,1,1,7,"0,7,7","0.5017,0.2491,0.2491",0.1
grid,p05,100,0,0,1,1,9,"0,10,10","0.5761,0.2119,0.2119",0.1
grid,p05,10,1,1,2,1,1,"1,0,0","0.3115,0.3443,0.3443",0.1
grid,p05,30,1,1,2,1,3,"4,0,0","0.2510,0.3745,0.3745",0.1
grid,p05,50,1,1,1,1,5,"7,0,1","0.2068,0.4164,0.3768",0.1
grid,p05,70,1,1,1,1,7,"7,0,5","0.2361,0.4755,0.2884",0.1
grid,p05,100,1,1,1,1,9,"10,0,8","0.2024,0.5503,0.2473",0.1
grid,p05,10,2,1,2,0,1,"1,0,0","0.3115,0.3443,0.3443",0.1
grid,p05,30,2,1,2,0,2,"2,0,0","0.2905,0.3548,0.3548",0.1
grid,p05,50,2,1,2,0,2,"2,0,0","0.2905,0.3548,0.3548",0.1
grid,p05,70,2,1,2,0,3,"4,0,0","0.2510,0.3745,0.3745",0.1
grid,p05,100,2,1,2,0,4,"6,0,0","0.2153,0.3923,0.3923",0.1
grid,p06,10,0,0,3,1,0,"inf,inf,inf","0.3333,0.3333,0.3333",0.1
grid,p06,30,0,0,3,1,0,"inf,inf,inf","0.3333,0.3333,0.3333",0.1
grid,p06,50,0,0,3,1,0,"inf,inf,inf","0.3333,0.3333,0.3333",0.1
grid,p06,70,0,0,3,1,0,"inf,inf,inf","0.3333,0.3333,0.3333",0.1
grid,p06,100,0,0,3,1,0,"inf,inf,inf","0.3333,0.3333,0.3333",0.1
grid,p06,10,1,1,2,1,1,"2,0,0","0.2905,0.3548,0.3548",0.1
grid,p06,30,1,1,2,1,2,"3,0,0","0.2703,0.3649,0.3649",0.1
grid,p06,50,1,1,2,1,3,"5,0,0","0.2327,0.3837,0.3837",0.1
grid,p06,70,1,1,2,1,5,"8,0,0","0.1834,0.4083,0.4083",0.1
grid,p06,100,1,1,1,1,6,"10,0,2","0.1682,0.4573,0.3744",0.1
grid,p06,10,2,1,2,0,1,"2,0,0","0.2905,0.3548,0.3548",0.1
grid,p06,30,2,1,2,0,2,"3,0,0","0.2703,0.3649,0.3649",0.1
grid,p06,50,2,1,2,0,3,"5,0,0","0.2327,0.3837,0.3837",0.1
grid,p06,70,2,1,2,0,4,"6,0,0","0.2153,0.3923,0.3923",0.1
grid,p06,100,2,1,2,0,5,"8,0,0","0.1834,0.4083,0.4083",0.1
grid,p07,10,0,0,2,1,1,"0,0","0.5000,0.5000",0.1
grid,p07,30,0,0,2,1,1,"0,0","0.5000,0.5000",0.1
grid,p07,50,0,0,2,1,1,"0,0","0.5000,0.5000",0.1
grid,p07,70,0,0,2,1,1,"0,0","0.5000,0.5000",0.1
grid,p07,100,0,0,2,1,1,"0,0","0.5000,0.5000",0.1
grid,p07,10,1,0,2,0,1,"0,0","0.5000,0.5000",0.1
grid,p07,30,1,0,2,0,1,"0,0","0.5000,0.5000",0.1
grid,p07,50,1,1,1,1,2,"2,0","0.4502,0.5498",0.1
grid,p07,70,1,1,1,1,3,"4,0","0.4013,0.5987",0.1
grid,p07,100,1,1,1,1,3,"4,0","0.4013,0.5987",0.1
grid,p08,10,0,0,3,1,1,"0,0,0","0.3333,0.3333,0.3333",0.1
grid,p08,30,0,0,3,1,1,"0,0,0","0.3333,0.3333,0.3333",0.1
grid,p08,50,0,0,3,1,1,"0,0,0","0.3333,0.3333,0.3333",0.1
grid,p08,70,0,0,3,1,2,"0,0,0","0.3333,0.3333,0.3333",0.1
grid,p08,100,0,0,3,1,2,"0,0,0","0.3333,0.3333,0.3333",0.1
grid,p08,10,1,1,2,1,2,"1,0,0","0.3115,0.3443,0.3443",0.1
grid,p08,30,1,1,2,1,4,"2,0,0","0.2905,0.3548,0.3548",0.1
grid,p08,50,1,1,2,1,6,"6,0,0","0.2153,0.3923,0.3923",0.1
grid,p08,70,1,1,1,1,9,"7,0,5","0.2361,0.4755,0.2884",0.1
grid,p08,100,1,1,1,1,12,"12,0,10","0.1805,0.5991,0.2204",0.1
grid,p08,10,2,0,3,0,1,"0,0,0","0.3333,0.3333,0.3333",0.1
grid,p08,30,2,1,2,0,3,"1,0,0","0.3115,0.3443,0.3443",0.1
grid,p08,50,2,1,2,0,4,"2,0,0","0.2905,0.3548,0.3548",0.1
grid,p08,70,2,1,2,0,5,"4,0,0","0.2510,0.3745,0.3745",0.1
grid,p08,100,2,2,1,1,7,"8,2,0","0.1981,0.3610,0.4409",0.1
intrusion-detection,p10,10,0,0,2,1,2,"0,1,1,1,2,0,1,2,2,1","0.1114,0.1008,0.1008,0.1008,0.0912,0.1114,0.1008,0.0912,0.0912,0.1008",0.1
intrusion-detection,p10,30,0,0,1,1,6,"0,4,4,4,4,4,3,4,4,5","0.1421,0.0952,0.0952,0.0952,0.0952,0.0952,0.1052,0.0952,0.0952,0.0862",0.1
intrusion-detection,p10,50,0,0,1,1,10,"0,7,7,8,7,7,7,7,7,7","0.1844,0.0916,0.0916,0.0829,0.0916,0.0916,0.0916,0.0916,0.0916,0.0916",0.1
intrusion-detection,p10,70,0,0,1,1,14,"0,11,11,12,11,11,11,11,11,11","0.2523,0.0840,0.0840,0.0760,0.0840,0.0840,0.0840,0.0840,0.0840,0.0840",0.1
intrusion-detection,p10,100,0,0,1,1,20,"0,17,17,18,17,17,17,17,17,17","0.3807,0.0695,0.0695,0.0629,0.0695,0.0695,0.0695,0.0695,0.0695,0.0695",0.1
intrusion-detection,p10,10,1,1,3,1,2,"1,0,0,2,2,2,2,2,2,0","0.1026,0.1134,0.1134,0.0929,0.0929,0.0929,0.0929,0.0929,0.0929,0.1134",0.1
intrusion-detection,p10,30,1,1,2,1,6,"5,0,3,6,6,6,6,6,6,0","0.0913,0.1506,0.1116,0.0826,0.0826,0.0826,0.0826,0.0826,0.0826,0.1506",0.1
intrusion-detection,p10,50,1,1,1,1,9,"7,0,6,9,6,9,9,6,9,3","0.0901,0.1815,0.0996,0.0738,0.0996,0.0738,0.0738,0.0996,0.0738,0.1344",0.1
intrusion-detection,p10,70,1,1,1,1,13,"10,0,9,12,7,12,13,7,13,7","0.0834,0.2267,0.0922,0.0683,0.1126,0.0683,0.0618,0.1126,0.0618,0.1126",0.1
intrusion-detection,p10,100,1,1,1,1,18,"15,0,12,12,12,15,18,12,18,12","0.0680,0.3046,0.0917,0.0917,0.0917,0.0680,0.0504,0.0917,0.0504,0.0917",0.1
intrusion-detection,p10,10,2,2,2,1,2,"1,2,0,0,2,2,2,2,2,2","0.1048,0.0948,0.1158,0.1158,0.0948,0.0948,0.0948,0.0948,0.0948,0.0948",0.1
intrusion-detection,p10,30,2,2,1,1,5,"4,5,0,2,5,5,5,5,5,5","0.0995,0.0901,0.1485,0.1216,0.0901,0.0901,0.0901,0.0901,0.0901,0.0901",0.1
intrusion-detection,p10,50,2,2,1,1,8,"6,6,0,2,8,5,8,8,8,8","0.0951,0.0951,0.1733,0.1419,0.0779,0.1051,0.0779,0.0779,0.0779,0.0779",0.1
intrusion-detection,p10,70,2,2,1,1,11,"8,7,0,3,11,6,11,11,11,10","0.0911,0.1006,0.2026,0.1501,0.0675,0.1112,0.0675,0.0675,0.0675,0.0745",0.1
intrusion-detection,p10,100,2,2,1,1,15,"12,9,0,7,15,10,15,15,15,12","0.0800,0.1080,0.2655,0.1319,0.0592,0.0977,0.0592,0.0592,0.0592,0.0800",0.1
intrusion-detection,p10,10,3,1,4,0,2,"1,0,0,0,2,0,2,2,2,2","0.1006,0.1111,0.1111,0.1111,0.0910,0.1111,0.0910,0.0910,0.0910,0.0910",0.1
intrusion-detection,p10,30,3,2,3,0,5,"4,2,0,0,5,0,5,5,5,5","0.0891,0.1088,0.1329,0.1329,0.0806,0.1329,0.0806,0.0806,0.0806,0.0806",0.1
intrusion-detection,p10,50,3,2,2,0,7,"5,4,0,0,7,2,7,7,7,7","0.0922,0.1019,0.1520,0.1520,0.0755,0.1245,0.0755,0.0755,0.0755,0.0755",0.1
intrusion-detection,p10,70,3,3,1,1,10,"8,7,2,0,10,5,10,10,10,10","0.0862,0.0953,0.1571,0.1919,0.0706,0.1164,0.0706,0.0706,0.0706,0.0706",0.1
intrusion-detection,p10,100,3,3,1,1,14,"12,8,6,0,14,9,14,14,14,14","0.0765,0.1141,0.1393,0.2539,0.0626,0.1032,0.0626,0.0626,0.0626,0.0626",0.1
intrusion-detection,p10,10,4,4,4,1,2,"1,2,2,2,0,2,0,0,0,2","0.1006,0.0910,0.0910,0.0910,0.1111,0.0910,0.1111,0.1111,0.1111,0.0910",0.1
intrusion-detection,p10,30,4,4,2,1,6,"4,5,6,6,0,6,1,0,3,6","0.0942,0.0852,0.0771,0.0771,0.1405,0.0771,0.1271,0.1405,0.1041,0.0771",0.1
intrusion-detection,p10,50,4,4,2,1,9,"7,5,9,9,0,9,4,0,6,9","0.0835,0.1020,0.0683,0.0683,0.1681,0.0683,0.1127,0.1681,0.0923,0.0683",0.1
intrusion-detection,p10,70,4,4,1,1,12,"9,6,12,12,0,12,7,1,8,12","0.0811,0.1095,0.0601,0.0601,0.1996,0.0601,0.0991,0.1806,0.0897,0.0601",0.1
intrusion-detection,p10,100,4,4,1,1,17,"14,11,17,17,0,17,12,6,11,17","0.0706,0.0953,0.0523,0.0523,0.2863,0.0523,0.0862,0.1571,0.0953,0.0523",0.1
intrusion-detection,p10,10,5,1,4,0,2,"1,0,0,0,2,0,2,2,2,2","0.1006,0.1111,0.1111,0.1111,0.0910,0.1111,0.0910,0.0910,0.0910,0.0910",0.1
intrusion-detection,p10,30,5,5,1,1,6,"4,3,1,1,6,0,6,6,6,5","0.0955,0.1055,0.1288,0.1288,0.0781,0.1424,0.0781,0.0781,0.0781,0.0864",0.1
intrusion-detection,p10,50,5,5,1,1,9,"7,6,4,4,9,0,9,9,9,5","0.0884,0.0977,0.1193,0.1193,0.0724,0.1780,0.0724,0.0724,0.0724,0.1079",0.1
intrusion-detection,p10,70,5,5,1,1,12,"9,9,7,7,12,0,11,12,12,5","0.0874,0.0874,0.1068,0.1068,0.0648,0.2151,0.0716,0.0648,0.0648,0.1305",0.1
intrusion-detection,p10,100,5,5,1,1,17,"14,14,12,12,17,0,14,17,17,8","0.0738,0.0738,0.0902,0.0902,0.0547,0.2994,0.0738,0.0547,0.0547,0.1345",0.1
intrusion-detection,p10,10,6,4,4,0,2,"1,2,2,2,0,2,0,0,0,2","0.1006,0.0910,0.0910,0.0910,0.1111,0.0910,0.1111,0.1111,0.1111,0.0910",0.1
intrusion-detection,p10,30,6,4,3,0,5,"4,5,5,5,0,5,0,0,2,5","0.0891,0.0806,0.0806,0.0806,0.1329,0.0806,0.1329,0.1329,0.1088,0.0806",0.1
intrusion-detection,p10,50,6,6,1,1,8,"6,8,8,8,3,6,0,3,5,5","0.0894,0.0732,0.0732,0.0732,0.1206,0.0894,0.1629,0.1206,0.0988,0.0988",0.1
intrusion-detection,p10,70,6,6,1,1,11,"8,11,11,11,6,8,0,6,7,6","0.0891,0.0660,0.0660,0.0660,0.1089,0.0891,0.1984,0.1089,0.0985,0.1089",0.1
intrusion-detection,p10,100,6,6,1,1,15,"12,15,15,15,10,12,0,10,7,10","0.0778,0.0576,0.0576,0.0576,0.0950,0.0778,0.2583,0.0950,0.1283,0.0950",0.1
intrusion-detection,p10,10,7,4,4,0,2,"1,2,2,2,0,2,0,0,0,2","0.1006,0.0910,0.0910,0.0910,0.1111,0.0910,0.1111,0.1111,0.1111,0.0910",0.1
intrusion-detection,p10,30,7,4,2,0,6,"4,5,6,6,0,6,1,0,3,6","0.0942,0.0852,0.0771,0.0771,0.1405,0.0771,0.1271,0.1405,0.1041,0.0771",0.1
intrusion-detection,p10,50,7,4,2,0,9,"7,5,9,9,0,9,4,0,6,9","0.0835,0.1020,0.0683,0.0683,0.1681,0.0683,0.1127,0.1681,0.0923,0.0683",0.1
intrusion-detection,p10,70,7,7,1,1,12,"9,6,12,12,1,12,7,0,9,12","0.0818,0.1105,0.0606,0.0606,0.1821,0.0606,0.1000,0.2013,0.0818,0.0606",0.1
intrusion-detection,p10,100,7,7,1,1,17,"14,11,17,17,6,17,12,0,14,17","0.0724,0.0977,0.0536,0.0536,0.1611,0.0536,0.0884,0.2935,0.0724,0.0536",0.1
intrusion-detection,p10,10,8,6,2,0,2,"1,2,2,2,2,2,0,2,0,2","0.1048,0.0948,0.0948,0.0948,0.0948,0.0948,0.1158,0.0948,0.1158,0.0948",0.1
intrusion-detection,p10,30,8,6,2,0,5,"4,5,5,5,5,5,0,5,0,5","0.0969,0.0877,0.0877,0.0877,0.0877,0.0877,0.1446,0.0877,0.1446,0.0877",0.1
intrusion-detection,p10,50,8,8,1,1,8,"6,8,8,8,6,8,3,8,0,8","0.0992,0.0812,0.0812,0.0812,0.0992,0.0812,0.1339,0.0812,0.1807,0.0812",0.1
intrusion-detection,p10,70,8,8,1,1,12,"9,12,12,12,7,12,5,10,0,12","0.0927,0.0687,0.0687,0.0687,0.1133,0.0687,0.1384,0.0839,0.2281,0.0687",0.1
intrusion-detection,p10,100,8,8,1,1,16,"13,16,16,16,10,16,8,13,0,16","0.0808,0.0599,0.0599,0.0599,0.1091,0.0599,0.1333,0.0808,0.2966,0.0599",0.1
intrusion-detection,p10,10,9,5,3,0,2,"1,2,2,2,2,0,0,2,2,0","0.1026,0.0929,0.0929,0.0929,0.0929,0.1134,0.1134,0.0929,0.0929,0.1134",0.1
intrusion-detection,p10,30,9,9,1,1,6,"4,5,5,6,6,3,1,6,6,0","0.0997,0.0902,0.0902,0.0816,0.0816,0.1102,0.1346,0.0816,0.0816,0.1487",0.1
intrusion-detection,p10,50,9,9,1,1,9,"7,5,6,9,9,6,4,9,9,0","0.0903,0.1103,0.0998,0.0740,0.0740,0.0998,0.1219,0.0740,0.0740,0.1819",0.1
intrusion-detection,p10,70,9,9,1,1,12,"9,6,9,12,12,8,7,12,12,0","0.0901,0.1216,0.0901,0.0667,0.0667,0.0996,0.1100,0.0667,0.0667,0.2216",0.1
intrusion-detection,p10,100,9,9,1,1,17,"14,11,14,17,17,8,12,17,17,0","0.0746,0.1006,0.0746,0.0552,0.0552,0.1359,0.0911,0.0552,0.0552,0.3024",0.1
intrusion-detection,p20,10,0,0,3,1,2,"0,1,2,2,1,2,2,0,2,2,0,2,1,2,1,1,2,2,1,1","0.0571,0.0516,0.0467,0.0467,0.0516,0.0467,0.0467,0.0571,0.0467,0.0467,0.0571,0.0467,0.0516,0.0467,0.0516,0.0516,0.0467,0.0467,0.0516,0.0516",0.1
intrusion-detection,p20,30,0,0,1,1,6,"0,4,4,5,5,4,5,4,6,3,4,5,3,6,3,4,5,4,4,4","0.0747,0.0501,0.0501,0.0453,0.0453,0.0501,0.0453,0.0501,0.0410,0.0553,0.0501,0.0453,0.0553,0.0410,0.0553,0.0501,0.0453,0.0501,0.0501,0.0501",0.1
intrusion-detection,p20,50,0,0,1,1,10,"0,7,7,8,7,7,7,7,7,7,7,7,7,8,7,7,7,7,7,7","0.0967,0.0480,0.0480,0.0435,0.0480,0.0480,0.0480,0.0480,0.0480,0.0480,0.0480,0.0480,0.0480,0.0435,0.0480,0.0480,0.0480,0.0480,0.0480,0.0480",0.1
intrusion-detection,p20,70,0,0,1,1,14,"0,11,11,12,11,11,11,11,11,11,11,11,11,12,11,11,11,11,11,11","0.1377,0.0458,0.0458,0.0415,0.0458,0.0458,0.0458,0.0458,0.0458,0.0458,0.0458,0.0458,0.0458,0.0415,0.0458,0.0458,0.0458,0.0458,0.0458,0.0458",0.1
intrusion-detection,p20,100,0,0,1,1,20,"0,17,17,18,17,17,17,17,17,17,17,17,17,18,17,17,17,17,17,17","0.2254,0.0412,0.0412,0.0373,0.0412,0.0412,0.0412,0.0412,0.0412,0.0412,0.0412,0.0412,0.0412,0.0373,0.0412,0.0412,0.0412,0.0412,0.0412,0.0412",0.1
intrusion-detection,p20,10,1,1,4,1,2,"1,0,0,2,2,2,2,2,2,0,2,0,2,2,2,2,2,2,2,2","0.0527,0.0582,0.0582,0.0476,0.0476,0.0476,0.0476,0.0476,0.0476,0.0582,0.0476,0.0582,0.0476,0.0476,0.0476,0.0476,0.0476,0.0476,0.0476,0.0476",0.1
intrusion-detection,p20,30,1,1,2,1,6,"5,0,3,6,6,6,6,6,6,0,6,3,6,6,6,6,6,6,6,6","0.0492,0.0812,0.0601,0.0445,0.0445,0.0445,0.0445,0.0445,0.0445,0.0812,0.0445,0.0601,0.0445,0.0445,0.0445,0.0445,0.0445,0.0445,0.0445,0.0445",0.1
intrusion-detection,p20,50,1,1,1,1,9,"7,0,6,9,6,9,9,6,9,3,6,6,9,9,6,6,9,9,6,6","0.0476,0.0959,0.0526,0.0390,0.0526,0.0390,0.0390,0.0526,0.0390,0.0710,0.0526,0.0526,0.0390,0.0390,0.0526,0.0526,0.0390,0.0390,0.0526,0.0526",0.1
intrusion-detection,p20,70,1,1,1,1,13,"10,0,9,12,7,12,13,7,13,7,6,10,13,13,10,7,13,13,9,9","0.0454,0.1235,0.0502,0.0372,0.0613,0.0372,0.0337,0.0613,0.0337,0.0613,0.0678,0.0454,0.0337,0.0337,0.0454,0.0613,0.0337,0.0337,0.0502,0.0502",0.1
intrusion-detection,p20,100,1,1,1,1,18,"15,0,12,12,12,15,18,12,18,12,6,15,18,18,15,12,18,18,9,12","0.0375,0.1681,0.0506,0.0506,0.0506,0.0375,0.0278,0.0506,0.0278,0.0506,0.0923,0.0375,0.0278,0.0278,0.0375,0.0506,0.0278,0.0278,0.0684,0.0506",0.1
intrusion-detection,p20,10,2,2,4,1,2,"1,2,0,0,2,2,2,2,2,2,2,2,0,2,2,2,2,0,2,2","0.0527,0.0476,0.0582,0.0582,0.0476,0.0476,0.0476,0.0476,0.0476,0.0476,0.0476,0.0476,0.0582,0.0476,0.0476,0.0476,0.0476,0.0582,0.0476,0.0476",0.1
intrusion-detection,p20,30,2,2,2,1,5,"4,5,0,2,5,5,5,5,5,5,5,5,0,5,5,5,5,2,5,5","0.0500,0.0452,0.0746,0.0611,0.0452,0.0452,0.0452,0.0452,0.0452,0.0452,0.0452,0.0452,0.0746,0.0452,0.0452,0.0452,0.0452,0.0611,0.0452,0.0452",0.1
intrusion-detection,p20,50,2,2,1,1,8,"6,6,0,2,8,5,8,8,8,8,6,8,3,8,8,8,8,5,6,5","0.0496,0.0496,0.0904,0.0740,0.0406,0.0548,0.0406,0.0406,0.0406,0.0406,0.0496,0.0406,0.0669,0.0406,0.0406,0.0406,0.0406,0.0548,0.0496,0.0548",0.1
intrusion-detection,p20,70,2,2,1,1,11,"8,7,0,3,11,6,11,11,11,10,8,10,6,11,11,11,11,8,8,6","0.0495,0.0547,0.1101,0.0816,0.0367,0.0604,0.0367,0.0367,0.0367,0.0405,0.0495,0.0405,0.0604,0.0367,0.0367,0.0367,0.0367,0.0495,0.0495,0.0604",0.1
intrusion-detection,p20,100,2,2,1,1,15,"12,9,0,7,15,10,15,15,15,12,12,10,10,15,15,15,15,12,12,10","0.0452,0.0610,0.1500,0.0745,0.0335,0.0552,0.0335,0.0335,0.0335,0.0452,0.0452,0.0552,0.0552,0.0335,0.0335,0.0335,0.0335,0.0452,0.0452,0.0552",0.1
intrusion-detection,p20,10,3,1,7,0,2,"1,0,0,0,2,0,2,2,2,2,0,2,2,2,2,2,2,2,0,0","0.0510,0.0564,0.0564,0.0564,0.0462,0.0564,0.0462,0.0462,0.0462,0.0462,0.0564,0.0462,0.0462,0.0462,0.0462,0.0462,0.0462,0.0462,0.0564,0.0564",0.1
intrusion-detection,p20,30,3,2,4,0,5,"4,2,0,0,5,0,5,5,5,5,2,5,5,5,5,5,5,5,2,0","0.0465,0.0568,0.0694,0.0694,0.0421,0.0694,0.0421,0.0421,0.0421,0.0421,0.0568,0.0421,0.0421,0.0421,0.0421,0.0421,0.0421,0.0421,0.0568,0.0694",0.1
intrusion-detection,p20,50,3,2,2,0,7,"5,4,0,0,7,2,7,7,7,7,4,7,5,7,7,7,7,5,4,2","0.0488,0.0539,0.0804,0.0804,0.0399,0.0658,0.0399,0.0399,0.0399,0.0399,0.0539,0.0399,0.0488,0.0399,0.0399,0.0399,0.0399,0.0488,0.0539,0.0658",0.1
intrusion-detection,p20,70,3,3,1,1,10,"8,7,2,0,10,5,10,10,10,10,7,10,7,10,10,10,10,5,7,5","0.0461,0.0509,0.0839,0.1025,0.0377,0.0622,0.0377,0.0377,0.0377,0.0377,0.0509,0.0377,0.0509,0.0377,0.0377,0.0377,0.0377,0.0622,0.0509,0.0622",0.1
intrusion-detection,p20,100,3,3,1,1,14,"12,8,6,0,14,9,14,14,14,14,8,14,11,14,14,14,14,8,8,9","0.0415,0.0619,0.0756,0.1378,0.0340,0.0560,0.0340,0.0340,0.0340,0.0340,0.0619,0.0340,0.0459,0.0340,0.0340,0.0340,0.0340,0.0619,0.0619,0.0560",0.1
intrusion-detection,p20,10,4,4,7,1,2,"1,2,2,2,0,2,0,0,0,2,2,0,2,0,2,2,0,2,2,2","0.0510,0.0462,0.0462,0.0462,0.0564,0.0462,0.0564,0.0564,0.0564,0.0462,0.0462,0.0564,0.0462,0.0564,0.0462,0.0462,0.0564,0.0462,0.0462,0.0462",0.1
intrusion-detection,p20,30,4,4,2,1,6,"4,5,6,6,0,6,1,0,3,6,5,1,6,3,5,5,3,6,5,5","0.0492,0.0445,0.0403,0.0403,0.0733,0.0403,0.0664,0.0733,0.0543,0.0403,0.0445,0.0664,0.0403,0.0543,0.0445,0.0445,0.0543,0.0403,0.0445,0.0445",0.1
intrusion-detection,p20,50,4,4,2,1,9,"7,5,9,9,0,9,4,0,6,9,5,4,9,6,6,5,6,9,6,6","0.0436,0.0533,0.0357,0.0357,0.0878,0.0357,0.0589,0.0878,0.0482,0.0357,0.0533,0.0589,0.0357,0.0482,0.0482,0.0533,0.0482,0.0357,0.0482,0.0482",0.1
intrusion-detection,p20,70,4,4,1,1,12,"9,6,12,12,0,12,7,1,8,12,6,7,12,9,9,6,8,12,9,9","0.0438,0.0591,0.0324,0.0324,0.1077,0.0324,0.0535,0.0975,0.0484,0.0324,0.0591,0.0535,0.0324,0.0438,0.0438,0.0591,0.0484,0.0324,0.0438,0.0438",0.1
intrusion-detection,p20,100,4,4,1,1,17,"14,11,17,17,0,17,12,6,11,17,11,12,17,14,14,11,8,17,14,14","0.0394,0.0532,0.0292,0.0292,0.1597,0.0292,0.0481,0.0877,0.0532,0.0292,0.0532,0.0481,0.0292,0.0394,0.0394,0.0532,0.0718,0.0292,0.0394,0.0394",0.1
intrusion-detection,p20,10,5,1,7,0,2,"1,0,0,0,2,0,2,2,2,2,0,2,2,2,2,2,2,2,0,0","0.0510,0.0564,0.0564,0.0564,0.0462,0.0564,0.0462,0.0462,0.0462,0.0462,0.0564,0.0462,0.0462,0.0462,0.0462,0.0462,0.0462,0.0462,0.0564,0.0564",0.1
intrusion-detection,p20,30,5,5,2,1,6,"4,3,1,1,6,0,6,6,6,5,3,6,6,6,5,5,6,5,3,0","0.0496,0.0548,0.0669,0.0669,0.0406,0.0740,0.0406,0.0406,0.0406,0.0449,0.0548,0.0406,0.0406,0.0406,0.0449,0.0449,0.0406,0.0449,0.0548,0.0740",0.1
intrusion-detection,p20,50,5,5,2,1,9,"7,6,4,4,9,0,9,9,9,5,6,9,9,9,6,6,9,6,6,0","0.0452,0.0499,0.0610,0.0610,0.0370,0.0910,0.0370,0.0370,0.0370,0.0552,0.0499,0.0370,0.0370,0.0370,0.0499,0.0499,0.0370,0.0499,0.0499,0.0910",0.1
intrusion-detection,p20,70,5,5,1,1,12,"9,9,7,7,12,0,11,12,12,5,9,12,11,12,8,9,11,9,8,1","0.0455,0.0455,0.0555,0.0555,0.0337,0.1118,0.0372,0.0337,0.0337,0.0678,0.0455,0.0337,0.0372,0.0337,0.0503,0.0455,0.0372,0.0455,0.0503,0.1012",0.1
intrusion-detection,p20,100,5,5,1,1,17,"14,14,12,12,17,0,14,17,17,8,14,17,11,17,8,14,14,14,8,6","0.0381,0.0381,0.0465,0.0465,0.0282,0.1545,0.0381,0.0282,0.0282,0.0694,0.0381,0.0282,0.0514,0.0282,0.0694,0.0381,0.0381,0.0381,0.0694,0.0848",0.1
intrusion-detection,p20,10,6,4,7,0,2,"1,2,2,2,0,2,0,0,0,2,2,0,2,0,2,2,0,2,2,2","0.0510,0.0462,0.0462,0.0462,0.0564,0.0462,0.0564,0.0564,0.0564,0.0462,0.0462,0.0564,0.0462,0.0564,0.0462,0.0462,0.0564,0.0462,0.0462,0.0462",0.1
intrusion-detection,p20,30,6,4,4,0,5,"4,5,5,5,0,5,0,0,2,5,5,0,5,2,5,5,2,5,5,5","0.0465,0.0421,0.0421,0.0421,0.0694,0.0421,0.0694,0.0694,0.0568,0.0421,0.0421,0.0694,0.0421,0.0568,0.0421,0.0421,0.0568,0.0421,0.0421,0.0421",0.1
intrusion-detection,p20,50,6,6,1,1,8,"6,8,8,8,3,6,0,3,5,5,8,3,6,5,6,8,2,8,6,8","0.0467,0.0382,0.0382,0.0382,0.0630,0.0467,0.0851,0.0630,0.0516,0.0516,0.0382,0.0630,0.0467,0.0516,0.0467,0.0382,0.0697,0.0382,0.0467,0.0382",0.1
intrusion-detection,p20,70,6,6,1,1,11,"8,11,11,11,6,8,0,6,7,6,11,5,8,7,8,10,3,10,8,11","0.0466,0.0346,0.0346,0.0346,0.0570,0.0466,0.1038,0.0570,0.0515,0.0570,0.0346,0.0630,0.0466,0.0515,0.0466,0.0382,0.0769,0.0382,0.0466,0.0346",0.1
intrusion-detection,p20,100,6,6,1,1,15,"12,15,15,15,10,12,0,10,7,10,15,5,12,7,12,12,7,12,12,15","0.0406,0.0301,0.0301,0.0301,0.0496,0.0406,0.1347,0.0496,0.0669,0.0496,0.0301,0.0817,0.0406,0.0669,0.0406,0.0406,0.0669,0.0406,0.0406,0.0301",0.1
intrusion-detection,p20,10,7,4,7,0,2,"1,2,2,2,0,2,0,0,0,2,2,0,2,0,2,2,0,2,2,2","0.0510,0.0462,0.0462,0.0462,0.0564,0.0462,0.0564,0.0564,0.0564,0.0462,0.0462,0.0564,0.0462,0.0564,0.0462,0.0462,0.0564,0.0462,0.0462,0.0462",0.1
intrusion-detection,p20,30,7,4,2,0,6,"4,5,6,6,0,6,1,0,3,6,5,1,6,3,5,5,3,6,5,5","0.0492,0.0445,0.0403,0.0403,0.0733,0.0403,0.0664,0.0733,0.0543,0.0403,0.0445,0.0664,0.0403,0.0543,0.0445,0.0445,0.0543,0.0403,0.0445,0.0445",0.1
intrusion-detection,p20,50,7,4,2,0,9,"7,5,9,9,0,9,4,0,6,9,5,4,9,6,6,5,6,9,6,6","0.0436,0.0533,0.0357,0.0357,0.0878,0.0357,0.0589,0.0878,0.0482,0.0357,0.0533,0.0589,0.0357,0.0482,0.0482,0.0533,0.0482,0.0357,0.0482,0.0482",0.1
intrusion-detection,p20,70,7,7,1,1,12,"9,6,12,12,1,12,7,0,9,12,5,7,11,9,9,6,9,12,9,9","0.0438,0.0591,0.0324,0.0324,0.0974,0.0324,0.0535,0.1077,0.0438,0.0324,0.0653,0.0535,0.0358,0.0438,0.0438,0.0591,0.0438,0.0324,0.0438,0.0438",0.1
intrusion-detection,p20,100,7,7,1,1,17,"14,11,17,17,6,17,12,0,14,17,5,12,11,14,14,11,14,17,14,14","0.0386,0.0520,0.0286,0.0286,0.0858,0.0286,0.0471,0.1563,0.0386,0.0286,0.0948,0.0471,0.0520,0.0386,0.0386,0.0520,0.0386,0.0286,0.0386,0.0386",0.1
intrusion-detection,p20,10,8,6,6,0,2,"1,2,2,2,2,2,0,2,0,2,2,0,2,0,2,0,2,0,2,2","0.0516,0.0467,0.0467,0.0467,0.0467,0.0467,0.0570,0.0467,0.0570,0.0467,0.0467,0.0570,0.0467,0.0570,0.0467,0.0570,0.0467,0.0570,0.0467,0.0467",0.1
intrusion-detection,p20,30,8,6,4,0,5,"4,5,5,5,5,5,0,5,0,5,5,0,5,0,5,2,5,2,5,5","0.0472,0.0427,0.0427,0.0427,0.0427,0.0427,0.0705,0.0427,0.0705,0.0427,0.0427,0.0705,0.0427,0.0705,0.0427,0.0577,0.0427,0.0577,0.0427,0.0427",0.1
intrusion-detection,p20,50,8,8,1,1,8,"6,8,8,8,6,8,3,8,0,8,8,3,8,3,8,5,6,5,8,8","0.0498,0.0408,0.0408,0.0408,0.0498,0.0408,0.0672,0.0408,0.0907,0.0408,0.0408,0.0672,0.0408,0.0672,0.0408,0.0550,0.0498,0.0550,0.0408,0.0408",0.1
intrusion-detection,p20,70,8,8,1,1,12,"9,12,12,12,7,12,5,10,0,12,12,5,12,5,12,9,7,9,12,12","0.0483,0.0358,0.0358,0.0358,0.0590,0.0358,0.0721,0.0437,0.1189,0.0358,0.0358,0.0721,0.0358,0.0721,0.0358,0.0483,0.0590,0.0483,0.0358,0.0358",0.1
intrusion-detection,p20,100,8,8,1,1,16,"13,16,16,16,10,16,8,13,0,16,16,8,16,5,16,13,7,13,16,16","0.0421,0.0312,0.0312,0.0312,0.0568,0.0312,0.0694,0.0421,0.1544,0.0312,0.0312,0.0694,0.0312,0.0936,0.0312,0.0421,0.0766,0.0421,0.0312,0.0312",0.1
intrusion-detection,p20,10,9,5,7,0,2,"1,2,2,2,2,0,0,2,2,0,2,2,0,2,0,2,0,2,0,2","0.0510,0.0462,0.0462,0.0462,0.0462,0.0564,0.0564,0.0462,0.0462,0.0564,0.0462,0.0462,0.0564,0.0462,0.0564,0.0462,0.0564,0.0462,0.0564,0.0462",0.1
intrusion-detection,p20,30,9,9,1,1,6,"4,5,5,6,6,3,1,6,6,0,6,5,3,6,3,6,1,6,3,6","0.0508,0.0459,0.0459,0.0416,0.0416,0.0561,0.0685,0.0416,0.0416,0.0757,0.0416,0.0459,0.0561,0.0416,0.0561,0.0416,0.0685,0.0416,0.0561,0.0416",0.1
intrusion-detection,p20,50,9,9,1,1,9,"7,5,6,9,9,6,4,9,9,0,9,6,6,9,6,9,4,9,6,9","0.0478,0.0583,0.0528,0.0391,0.0391,0.0528,0.0645,0.0391,0.0391,0.0962,0.0391,0.0528,0.0528,0.0391,0.0528,0.0391,0.0645,0.0391,0.0528,0.0391",0.1
intrusion-detection,p20,70,9,9,1,1,12,"9,6,9,12,12,8,7,12,12,0,12,9,9,12,8,11,7,11,9,11","0.0491,0.0663,0.0491,0.0364,0.0364,0.0543,0.0600,0.0364,0.0364,0.1208,0.0364,0.0491,0.0491,0.0364,0.0543,0.0402,0.0600,0.0402,0.0491,0.0402",0.1
intrusion-detection,p20,100,9,9,1,1,17,"14,11,14,17,17,8,12,17,17,0,17,14,14,17,11,14,12,14,14,11","0.0420,0.0567,0.0420,0.0311,0.0311,0.0765,0.0513,0.0311,0.0311,0.1703,0.0311,0.0420,0.0420,0.0311,0.0567,0.0420,0.0513,0.0420,0.0420,0.0567",0.1
intrusion-detection,p20,10,10,0,3,0,2,"0,1,2,2,1,2,2,0,2,2,0,2,1,2,1,1,2,2,1,1","0.0571,0.0516,0.0467,0.0467,0.0516,0.0467,0.0467,0.0571,0.0467,0.0467,0.0571,0.0467,0.0516,0.0467,0.0516,0.0516,0.0467,0.0467,0.0516,0.0516",0.1
intrusion-detection,p20,30,10,10,1,1,6,"3,2,4,4,4,4,6,2,6,6,0,6,4,6,4,4,6,6,2,2","0.0547,0.0604,0.0495,0.0495,0.0495,0.0495,0.0405,0.0604,0.0405,0.0405,0.0738,0.0405,0.0495,0.0405,0.0495,0.0495,0.0405,0.0405,0.0604,0.0604",0.1
intrusion-detection,p20,50,10,10,1,1,9,"6,2,6,4,7,6,9,5,9,9,0,9,7,9,7,7,9,9,2,4","0.0496,0.0740,0.0496,0.0606,0.0449,0.0496,0.0367,0.0548,0.0367,0.0367,0.0904,0.0367,0.0449,0.0367,0.0449,0.0449,0.0367,0.0367,0.0740,0.0606",0.1
intrusion-detection,p20,70,10,10,1,1,13,"10,2,10,7,8,10,13,6,13,13,0,13,11,13,10,8,13,13,4,7","0.0426,0.0947,0.0426,0.0575,0.0520,0.0426,0.0315,0.0635,0.0315,0.0315,0.1157,0.0315,0.0385,0.0315,0.0426,0.0520,0.0315,0.0315,0.0776,0.0575",0.1
intrusion-detection,p20,100,10,10,1,1,18,"15,6,15,12,12,15,18,6,18,18,0,18,12,18,15,12,18,18,9,12","0.0368,0.0906,0.0368,0.0497,0.0497,0.0368,0.0273,0.0906,0.0273,0.0273,0.1650,0.0273,0.0497,0.0273,0.0368,0.0497,0.0273,0.0273,0.0671,0.0497",0.1
intrusion-detection,p20,10,11,0,2,0,2,"0,1,1,2,2,2,1,2,1,1,2,0,2,1,2,1,2,1,2,2","0.0574,0.0519,0.0519,0.0470,0.0470,0.0470,0.0519,0.0470,0.0519,0.0519,0.0470,0.0574,0.0470,0.0519,0.0470,0.0519,0.0470,0.0519,0.0470,0.0470",0.1
intrusion-detection,p20,30,11,11,1,1,5,"2,4,4,5,3,5,1,3,1,4,5,0,5,1,5,3,3,3,5,5","0.0565,0.0462,0.0462,0.0418,0.0511,0.0418,0.0624,0.0511,0.0624,0.0462,0.0418,0.0690,0.0418,0.0624,0.0418,0.0511,0.0511,0.0511,0.0418,0.0418",0.1
intrusion-detection,p20,50,11,11,1,1,8,"5,6,6,8,4,8,2,4,3,6,8,0,8,3,8,6,5,6,8,8","0.0516,0.0467,0.0467,0.0383,0.0571,0.0383,0.0697,0.0571,0.0631,0.0467,0.0383,0.0852,0.0383,0.0631,0.0383,0.0467,0.0516,0.0467,0.0383,0.0383",0.1
intrusion-detection,p20,70,11,11,1,1,11,"8,9,9,11,6,11,2,6,4,9,11,0,11,4,11,8,8,8,11,11","0.0468,0.0423,0.0423,0.0347,0.0571,0.0347,0.0852,0.0571,0.0698,0.0423,0.0347,0.1041,0.0347,0.0698,0.0347,0.0468,0.0468,0.0468,0.0347,0.0347",0.1
intrusion-detection,p20,100,11,11,1,1,15,"12,12,10,15,10,15,5,10,7,12,15,0,15,7,15,12,12,12,15,15","0.0426,0.0426,0.0520,0.0315,0.0520,0.0315,0.0858,0.0520,0.0702,0.0426,0.0315,0.1414,0.0315,0.0702,0.0315,0.0426,0.0426,0.0426,0.0315,0.0315",0.1
intrusion-detection,p20,10,12,0,2,0,2,"0,2,1,1,2,2,2,1,2,2,1,2,0,2,2,2,2,1,2,2","0.0582,0.0477,0.0527,0.0527,0.0477,0.0477,0.0477,0.0527,0.0477,0.0477,0.0527,0.0477,0.0582,0.0477,0.0477,0.0477,0.0477,0.0527,0.0477,0.0477",0.1
intrusion-detection,p20,30,12,12,1,1,6,"3,6,4,4,6,4,4,4,6,4,4,6,0,6,4,6,4,4,4,6","0.0572,0.0424,0.0517,0.0517,0.0424,0.0517,0.0517,0.0517,0.0424,0.0517,0.0517,0.0424,0.0772,0.0424,0.0517,0.0424,0.0517,0.0517,0.0517,0.0424",0.1
intrusion-detection,p20,50,12,12,1,1,9,"6,9,7,7,9,4,6,7,9,6,7,9,0,9,4,9,6,7,4,9","0.0521,0.0386,0.0471,0.0471,0.0386,0.0636,0.0521,0.0471,0.0386,0.0521,0.0471,0.0386,0.0949,0.0386,0.0636,0.0386,0.0521,0.0471,0.0636,0.0386",0.1
intrusion-detection,p20,70,12,12,1,1,12,"9,12,8,9,12,6,9,10,12,9,10,12,0,12,6,12,9,9,6,12","0.0485,0.0359,0.0536,0.0485,0.0359,0.0655,0.0485,0.0439,0.0359,0.0485,0.0439,0.0359,0.1193,0.0359,0.0655,0.0359,0.0485,0.0485,0.0655,0.0359",0.1
intrusion-detection,p20,100,12,12,1,1,17,"14,17,12,14,17,11,14,11,17,14,11,17,0,17,11,17,14,14,11,17","0.0431,0.0319,0.0526,0.0431,0.0319,0.0582,0.0431,0.0582,0.0319,0.0431,0.0582,0.0319,0.1747,0.0319,0.0582,0.0319,0.0431,0.0431,0.0582,0.0319",0.1
intrusion-detection,p20,10,13,0,5,0,2,"0,2,2,2,1,2,0,1,0,2,2,0,2,0,2,1,1,1,2,2","0.0565,0.0462,0.0462,0.0462,0.0511,0.0462,0.0565,0.0511,0.0565,0.0462,0.0462,0.0565,0.0462,0.0565,0.0462,0.0511,0.0511,0.0511,0.0462,0.0462",0.1
intrusion-detection,p20,30,13,6,4,0,5,"3,5,5,5,2,5,0,2,0,5,5,0,5,0,5,3,2,3,5,5","0.0502,0.0411,0.0411,0.0411,0.0555,0.0411,0.0678,0.0555,0.0678,0.0411,0.0411,0.0678,0.0411,0.0678,0.0411,0.0502,0.0555,0.0502,0.0411,0.0411",0.1
intrusion-detection,p20,50,13,8,2,0,7,"5,7,7,7,4,7,2,4,0,7,7,2,7,0,7,5,2,5,7,7","0.0482,0.0395,0.0395,0.0395,0.0533,0.0395,0.0651,0.0533,0.0795,0.0395,0.0395,0.0651,0.0395,0.0795,0.0395,0.0482,0.0651,0.0482,0.0395,0.0395",0.1
intrusion-detection,p20,70,13,13,1,1,10,"8,10,10,10,7,10,4,7,1,10,10,4,10,0,10,6,4,6,10,10","0.0443,0.0363,0.0363,0.0363,0.0490,0.0363,0.0661,0.0490,0.0893,0.0363,0.0363,0.0661,0.0363,0.0987,0.0363,0.0542,0.0661,0.0542,0.0363,0.0363",0.1
intrusion-detection,p20,100,13,13,1,1,14,"12,14,14,14,11,14,6,11,3,14,14,6,14,0,14,8,8,8,14,14","0.0395,0.0324,0.0324,0.0324,0.0437,0.0324,0.0720,0.0437,0.0972,0.0324,0.0324,0.0720,0.0324,0.1312,0.0324,0.0590,0.0590,0.0590,0.0324,0.0324",0.1
intrusion-detection,p20,10,14,0,4,0,2,"0,1,2,2,1,1,2,1,2,1,1,2,2,2,0,0,2,1,1,0","0.0562,0.0509,0.0460,0.0460,0.0509,0.0509,0.0460,0.0509,0.0460,0.0509,0.0509,0.0460,0.0460,0.0460,0.0562,0.0562,0.0460,0.0509,0.0509,0.0562",0.1
intrusion-detection,p20,30,14,14,1,1,5,"2,4,5,5,4,1,3,4,5,1,4,5,3,5,0,2,3,3,2,2","0.0555,0.0454,0.0411,0.0411,0.0454,0.0613,0.0502,0.0454,0.0411,0.0613,0.0454,0.0411,0.0502,0.0411,0.0677,0.0555,0.0502,0.0502,0.0555,0.0555",0.1
intrusion-detection,p20,50,14,14,1,1,8,"5,6,8,8,6,2,5,6,8,3,6,8,4,8,0,4,5,6,2,4","0.0497,0.0450,0.0368,0.0368,0.0450,0.0671,0.0497,0.0450,0.0368,0.0607,0.0450,0.0368,0.0549,0.0368,0.0820,0.0549,0.0497,0.0450,0.0671,0.0549",0.1
intrusion-detection,p20,70,14,14,1,1,12,"9,10,12,12,10,3,9,10,12,6,10,12,6,12,0,6,9,8,4,7","0.0442,0.0400,0.0327,0.0327,0.0400,0.0805,0.0442,0.0400,0.0327,0.0596,0.0400,0.0327,0.0596,0.0327,0.1087,0.0596,0.0442,0.0488,0.0729,0.0540",0.1
intrusion-detection,p20,100,14,14,1,1,16,"13,13,16,16,13,7,13,13,16,10,13,16,10,16,0,8,13,11,5,8","0.0390,0.0390,0.0289,0.0289,0.0390,0.0711,0.0390,0.0390,0.0289,0.0526,0.0390,0.0289,0.0526,0.0289,0.1431,0.0643,0.0390,0.0476,0.0868,0.0643",0.1
intrusion-detection,p20,10,15,0,4,0,2,"0,1,2,2,1,1,2,1,2,1,1,2,2,2,0,0,2,1,1,0","0.0562,0.0509,0.0460,0.0460,0.0509,0.0509,0.0460,0.0509,0.0460,0.0509,0.0509,0.0460,0.0460,0.0460,0.0562,0.0562,0.0460,0.0509,0.0509,0.0562",0.1
intrusion-detection,p20,30,15,15,1,1,6,"3,4,6,6,4,4,4,4,4,4,4,4,6,4,2,0,6,2,4,2","0.0538,0.0487,0.0399,0.0399,0.0487,0.0487,0.0487,0.0487,0.0487,0.0487,0.0487,0.0487,0.0399,0.0487,0.0595,0.0726,0.0399,0.0595,0.0487,0.0595",0.1
intrusion-detection,p20,50,15,15,1,1,9,"6,7,9,9,7,7,6,7,6,7,7,6,9,4,5,0,9,2,7,5","0.0499,0.0451,0.0370,0.0370,0.0451,0.0451,0.0499,0.0451,0.0499,0.0451,0.0451,0.0499,0.0370,0.0609,0.0551,0.0909,0.0370,0.0744,0.0451,0.0551",0.1
intrusion-detection,p20,70,15,15,1,1,12,"9,10,12,12,10,9,9,10,9,9,10,9,12,6,6,0,12,2,10,7","0.0457,0.0414,0.0339,0.0339,0.0414,0.0457,0.0457,0.0414,0.0457,0.0457,0.0414,0.0457,0.0339,0.0617,0.0617,0.1124,0.0339,0.0920,0.0414,0.0558",0.1
intrusion-detection,p20,100,15,15,1,1,17,"14,11,17,17,11,14,14,11,14,14,11,14,17,11,9,0,17,6,14,11","0.0385,0.0519,0.0285,0.0285,0.0519,0.0385,0.0385,0.0519,0.0385,0.0385,0.0519,0.0385,0.0285,0.0519,0.0634,0.1560,0.0285,0.0856,0.0385,0.0519",0.1
intrusion-detection,p20,10,16,0,2,0,2,"0,2,2,2,1,1,1,2,1,1,2,2,1,2,1,2,0,2,1,2","0.0574,0.0470,0.0470,0.0470,0.0519,0.0519,0.0519,0.0470,0.0519,0.0519,0.0470,0.0470,0.0519,0.0470,0.0519,0.0470,0.0574,0.0470,0.0519,0.0470",0.1
intrusion-detection,p20,30,16,16,1,1,6,"3,6,6,6,2,4,2,4,2,4,6,4,4,4,4,6,0,6,4,6","0.0553,0.0410,0.0410,0.0410,0.0611,0.0500,0.0611,0.0500,0.0611,0.0500,0.0410,0.0500,0.0500,0.0500,0.0500,0.0410,0.0746,0.0410,0.0500,0.0410",0.1
intrusion-detection,p20,50,16,16,1,1,9,"6,9,9,9,4,7,4,6,2,7,9,6,7,4,7,9,0,9,7,9","0.0508,0.0376,0.0376,0.0376,0.0620,0.0460,0.0620,0.0508,0.0758,0.0460,0.0376,0.0508,0.0460,0.0620,0.0460,0.0376,0.0925,0.0376,0.0460,0.0376",0.1
intrusion-detection,p20,70,16,16,1,1,12,"9,12,12,12,5,10,7,9,3,10,12,9,10,6,10,12,0,12,10,12","0.0475,0.0352,0.0352,0.0352,0.0709,0.0430,0.0580,0.0475,0.0865,0.0430,0.0352,0.0475,0.0430,0.0641,0.0430,0.0352,0.1168,0.0352,0.0430,0.0352",0.1
intrusion-detection,p20,100,16,16,1,1,17,"14,17,17,17,8,14,9,14,8,12,17,14,14,11,14,17,0,17,14,17","0.0415,0.0307,0.0307,0.0307,0.0756,0.0415,0.0684,0.0415,0.0756,0.0507,0.0307,0.0415,0.0415,0.0560,0.0415,0.0307,0.1682,0.0307,0.0415,0.0307",0.1
intrusion-detection,p20,10,17,0,2,0,2,"0,2,1,1,2,1,2,2,2,1,2,2,1,2,1,1,2,0,2,1","0.0574,0.0470,0.0519,0.0519,0.0470,0.0519,0.0470,0.0470,0.0470,0.0519,0.0470,0.0470,0.0519,0.0470,0.0519,0.0519,0.0470,0.0574,0.0470,0.0519",0.1
intrusion-detection,p20,30,17,17,1,1,6,"3,6,4,4,6,4,4,6,4,4,6,4,4,4,4,2,6,0,6,4","0.0560,0.0415,0.0507,0.0507,0.0415,0.0507,0.0507,0.0415,0.0507,0.0507,0.0415,0.0507,0.0507,0.0507,0.0507,0.0619,0.0415,0.0756,0.0415,0.0507",0.1
intrusion-detection,p20,50,17,17,1,1,9,"6,9,7,7,9,7,6,9,6,7,9,6,7,4,7,2,9,0,9,7","0.0518,0.0384,0.0468,0.0468,0.0384,0.0468,0.0518,0.0384,0.0518,0.0468,0.0384,0.0518,0.0468,0.0632,0.0468,0.0772,0.0384,0.0943,0.0384,0.0468",0.1
intrusion-detection,p20,70,17,17,1,1,12,"9,12,9,8,12,10,9,12,9,10,12,9,9,6,10,4,12,0,12,10","0.0485,0.0359,0.0485,0.0536,0.0359,0.0439,0.0485,0.0359,0.0485,0.0439,0.0359,0.0485,0.0485,0.0654,0.0439,0.0799,0.0359,0.1192,0.0359,0.0439",0.1
intrusion-detection,p20,100,17,17,1,1,17,"14,17,14,11,17,14,14,17,14,14,17,14,14,11,12,6,17,0,17,14","0.0423,0.0313,0.0423,0.0571,0.0313,0.0423,0.0423,0.0313,0.0423,0.0423,0.0313,0.0423,0.0423,0.0571,0.0517,0.0941,0.0313,0.1715,0.0313,0.0423",0.1
intrusion-detection,p20,10,18,0,3,0,2,"0,1,2,2,1,1,1,1,2,1,1,2,1,2,0,1,1,2,0,1","0.0560,0.0506,0.0458,0.0458,0.0506,0.0506,0.0506,0.0506,0.0458,0.0506,0.0506,0.0458,0.0506,0.0458,0.0560,0.0506,0.0506,0.0458,0.0560,0.0506",0.1
intrusion-detection,p20,30,18,18,1,1,6,"3,2,4,4,4,2,4,4,6,4,2,6,4,6,2,4,4,6,0,2","0.0527,0.0582,0.0477,0.0477,0.0477,0.0582,0.0477,0.0477,0.0390,0.0477,0.0582,0.0390,0.0477,0.0390,0.0582,0.0477,0.0477,0.0390,0.0711,0.0582",0.1
intrusion-detection,p20,50,18,18,1,1,9,"6,2,6,4,7,4,7,7,9,7,2,9,7,9,5,7,7,9,0,4","0.0479,0.0715,0.0479,0.0585,0.0434,0.0585,0.0434,0.0434,0.0355,0.0434,0.0715,0.0355,0.0434,0.0355,0.0529,0.0434,0.0434,0.0355,0.0873,0.0585",0.1
intrusion-detection,p20,70,18,18,1,1,12,"9,4,9,6,10,5,9,10,12,9,4,12,8,12,6,10,9,12,0,7","0.0436,0.0718,0.0436,0.0588,0.0394,0.0650,0.0436,0.0394,0.0323,0.0436,0.0718,0.0323,0.0481,0.0323,0.0588,0.0394,0.0436,0.0323,0.1072,0.0532",0.1
intrusion-detection,p20,100,18,18,1,1,17,"14,8,14,11,14,8,14,14,17,14,8,17,11,17,6,14,14,17,0,9","0.0370,0.0673,0.0370,0.0499,0.0370,0.0673,0.0370,0.0370,0.0274,0.0370,0.0673,0.0274,0.0499,0.0274,0.0822,0.0370,0.0370,0.0274,0.1499,0.0609",0.1
intrusion-detection,p20,10,19,0,4,0,2,"0,1,2,2,1,1,2,1,2,1,1,2,2,2,0,0,2,1,1,0","0.0562,0.0509,0.0460,0.0460,0.0509,0.0509,0.0460,0.0509,0.0460,0.0509,0.0509,0.0460,0.0460,0.0460,0.0562,0.0562,0.0460,0.0509,0.0509,0.0562",0.1
intrusion-detection,p20,30,19,19,1,1,5,"2,2,3,3,4,1,5,4,5,3,2,5,5,5,2,2,5,3,2,0","0.0555,0.0555,0.0502,0.0502,0.0454,0.0613,0.0411,0.0454,0.0411,0.0502,0.0555,0.0411,0.0411,0.0411,0.0555,0.0555,0.0411,0.0502,0.0555,0.0677",0.1
intrusion-detection,p20,50,19,19,1,1,8,"5,3,4,4,6,2,8,6,8,6,3,8,8,8,4,4,8,6,3,0","0.0496,0.0606,0.0549,0.0549,0.0449,0.0670,0.0368,0.0449,0.0368,0.0449,0.0606,0.0368,0.0368,0.0368,0.0549,0.0549,0.0368,0.0449,0.0606,0.0818",0.1
intrusion-detection,p20,70,19,19,1,1,12,"9,7,7,7,10,2,12,10,12,7,7,12,12,12,7,7,12,9,7,0","0.0444,0.0543,0.0543,0.0543,0.0402,0.0895,0.0329,0.0402,0.0329,0.0543,0.0543,0.0329,0.0329,0.0329,0.0543,0.0543,0.0329,0.0444,0.0543,0.1093",0.1
intrusion-detection,p20,100,19,19,1,1,16,"13,10,11,11,13,5,16,13,16,10,10,16,16,16,8,10,16,13,8,0","0.0392,0.0530,0.0479,0.0479,0.0392,0.0873,0.0291,0.0392,0.0291,0.0530,0.0530,0.0291,0.0291,0.0291,0.0647,0.0530,0.0291,0.0392,0.0647,0.1440",0.1
kitchen,kitchen_h0_r10_i2,10,0,0,1,1,2,"0,1,1","0.3559,0.3220,0.3220",0.1
kitchen,kitchen_h0_r10_i2,30,0,0,1,1,6,"0,5,5","0.4519,0.2741,0.2741",0.1
kitchen,kitchen_h0_r10_i2,50,0,0,1,1,10,"0,9,9","0.5515,0.2242,0.2242",0.1
kitchen,kitchen_h0_r10_i2,70,0,0,1,1,14,"0,13,13","0.6472,0.1764,0.1764",0.1
kitchen,kitchen_h0_r10_i2,100,0,0,1,1,19,"1,19,19","0.7515,0.1242,0.1242",0.1
kitchen,kitchen_h0_r10_i2,10,1,0,3,0,1,"0,0,0","0.3333,0.3333,0.3333",0.1
kitchen,kitchen_h0_r10_i2,30,1,1,2,1,2,"1,0,0","0.3115,0.3443,0.3443",0.1
kitchen,kitchen_h0_r10_i2,50,1,1,1,1,3,"2,0,1","0.3006,0.3672,0.3322",0.1
kitchen,kitchen_h0_r10_i2,70,1,1,1,1,5,"4,0,1","0.2603,0.3883,0.3514",0.1
kitchen,kitchen_h0_r10_i2,100,1,1,1,1,6,"5,0,2","0.2501,0.4123,0.3376",0.1
kitchen,kitchen_h0_r10_i2,10,2,0,2,0,1,"0,1,0","0.3443,0.3115,0.3443",0.1
kitchen,kitchen_h0_r10_i2,30,2,2,1,1,2,"1,1,0","0.3220,0.3220,0.3559",0.1
kitchen,kitchen_h0_r10_i2,50,2,2,1,1,3,"2,2,0","0.3104,0.3104,0.3792",0.1
kitchen,kitchen_h0_r10_i2,70,2,2,1,1,4,"4,4,1","0.2985,0.2985,0.4030",0.1
kitchen,kitchen_h0_r10_i2,100,2,2,1,1,5,"5,5,1","0.2864,0.2864,0.4272",0.1
kitchen,kitchen_h0_r10_i3,10,0,0,1,1,2,"0,1,1","0.3559,0.3220,0.3220",0.1
kitchen,kitchen_h0_r10_i3,30,0,0,1,1,6,"0,5,5","0.4519,0.2741,0.2741",0.1
kitchen,kitchen_h0_r10_i3,50,0,0,1,1,10,"0,9,9","0.5515,0.2242,0.2242",0.1
kitchen,kitchen_h0_r10_i3,70,0,0,1,1,14,"0,13,13","0.6472,0.1764,0.1764",0.1
kitchen,kitchen_h0_r10_i3,100,0,0,1,1,19,"1,19,19","0.7515,0.1242,0.1242",0.1
kitchen,kitchen_h0_r10_i3,10,1,0,3,0,1,"0,0,0","0.3333,0.3333,0.3333",0.1
kitchen,kitchen_h0_r10_i3,30,1,1,2,1,2,"1,0,0","0.3115,0.3443,0.3443",0.1
kitchen,kitchen_h0_r10_i3,50,1,1,1,1,3,"2,0,1","0.3006,0.3672,0.3322",0.1
kitchen,kitchen_h0_r10_i3,70,1,1,1,1,5,"4,0,1","0.2603,0.3883,0.3514",0.1
kitchen,kitchen_h0_r10_i3,100,1,1,1,1,6,"5,0,2","0.2501,0.4123,0.3376",0.1
kitchen,kitchen_h0_r10_i3,10,2,0,2,0,1,"0,1,0","0.3443,0.3115,0.3443",0.1
kitchen,kitchen_h0_r10_i3,30,2,2,1,1,2,"1,1,0","0.3220,0.3220,0.3559",0.1
kitchen,kitchen_h0_r10_i3,50,2,2,1,1,3,"2,2,0","0.3104,0.3104,0.3792",0.1
kitchen,kitchen_h0_r10_i3,70,2,2,1,1,4,"4,4,1","0.2985,0.2985,0.4030",0.1
kitchen,kitchen_h0_r10_i3,100,2,2,1,1,5,"5,5,1","0.2864,0.2864,0.4272",0.1
kitchen,kitchen_h0_r10_i4,10,0,0,1,1,2,"0,1,1","0.3559,0.3220,0.3220",0.1
kitchen,kitchen_h0_r10_i4,30,0,0,1,1,6,"0,5,5","0.4519,0.2741,0.2741",0.1
kitchen,kitchen_h0_r10_i4,50,0,0,1,1,10,"0,9,9","0.5515,0.2242,0.2242",0.1
kitchen,kitchen_h0_r10_i4,70,0,0,1,1,14,"0,13,13","0.6472,0.1764,0.1764",0.1
kitchen,kitchen_h0_r10_i4,100,0,0,1,1,19,"1,19,19","0.7515,0.1242,0.1242",0.1
kitchen,kitchen_h0_r10_i4,10,1,0,3,0,1,"0,0,0","0.3333,0.3333,0.3333",0.1
kitchen,kitchen_h0_r10_i4,30,1,1,2,1,2,"1,0,0","0.3115,0.3443,0.3443",0.1
kitchen,kitchen_h0_r10_i4,50,1,1,1,1,3,"2,0,1","0.3006,0.3672,0.3322",0.1
kitchen,kitchen_h0_r10_i4,70,1,1,1,1,5,"4,0,1","0.2603,0.3883,0.3514",0.1
kitchen,kitchen_h0_r10_i4,100,1,1,1,1,6,"5,0,2","0.2501,0.4123,0.3376",0.1
kitchen,kitchen_h0_r10_i4,10,2,0,2,0,1,"0,1,0","0.3443,0.3115,0.3443",0.1
kitchen,kitchen_h0_r10_i4,30,2,2,1,1,2,"1,1,0","0.3220,0.3220,0.3559",0.1
kitchen,kitchen_h0_r10_i4,50,2,2,1,1,3,"2,2,0","0.3104,0.3104,0.3792",0.1
kitchen,kitchen_h0_r10_i4,70,2,2,1,1,4,"4,4,1","0.2985,0.2985,0.4030",0.1
kitchen,kitchen_h0_r10_i4,100,2,2,1,1,5,"5,5,1","0.2864,0.2864,0.4272",0.1
kitchen,kitchen_h0_r10_i6,10,0,0,1,1,2,"0,1,1","0.3559,0.3220,0.3220",0.1
kitchen,kitchen_h0_r10_i6,30,0,0,1,1,6,"0,5,5","0.4519,0.2741,0.2741",0.1
kitchen,kitchen_h0_r10_i6,50,0,0,1,1,10,"0,9,9","0.5515,0.2242,0.2242",0.1
kitchen,kitchen_h0_r10_i6,70,0,0,1,1,14,"0,13,13","0.6472,0.1764,0.1764",0.1
kitchen,kitchen_h0_r10_i6,100,0,0,1,1,19,"1,19,19","0.7515,0.1242,0.1242",0.1
kitchen,kitchen_h0_r10_i6,10,1,0,3,0,1,"0,0,0","0.3333,0.3333,0.3333",0.1
kitchen,kitchen_h0_r10_i6,30,1,1,2,1,2,"1,0,0","0.3115,0.3443,0.3443",0.1
kitchen,kitchen_h0_r10_i6,50,1,1,1,1,3,"2,0,1","0.3006,0.3672,0.3322",0.1
kitchen,kitchen_h0_r10_i6,70,1,1,1,1,5,"4,0,1","0.2603,0.3883,0.3514",0.1
kitchen,kitchen_h0_r10_i6,100,1,1,1,1,6,"5,0,2","0.2501,0.4123,0.3376",0.1
kitchen,kitchen_h0_r10_i6,10,2,0,2,0,1,"0,1,0","0.3443,0.3115,0.3443",0.1
kitchen,kitchen_h0_r10_i6,30,2,2,1,1,2,"1,1,0","0.3220,0.3220,0.3559",0.1
kitchen,kitchen_h0_r10_i6,50,2,2,1,1,3,"2,2,0","0.3104,0.3104,0.3792",0.1
kitchen,kitchen_h0_r10_i6,70,2,2,1,1,4,"4,4,1","0.2985,0.2985,0.4030",0.1
kitchen,kitchen_h0_r10_i6,100,2,2,1,1,5,"5,5,1","0.2864,0.2864,0.4272",0.1
kitchen,kitchen_h0_r10_i7,10,0,0,1,1,2,"0,1,1","0.3559,0.3220,0.3220",0.1
kitchen,kitchen_h0_r10_i7,30,0,0,1,1,6,"0,5,5","0.4519,0.2741,0.2741",0.1
kitchen,kitchen_h0_r10_i7,50,0,0,1,1,10,"0,9,9","0.5515,0.2242,0.2242",0.1
kitchen,kitchen_h0_r10_i7,70,0,0,1,1,14,"0,13,13","0.6472,0.1764,0.1764",0.1
kitchen,kitchen_h0_r10_i7,100,0,0,1,1,19,"1,19,19","0.7515,0.1242,0.1242",0.1
kitchen,kitchen_h0_r10_i7,10,1,0,3,0,1,"0,0,0","0.3333,0.3333,0.3333",0.1
kitchen,kitchen_h0_r10_i7,30,1,1,2,1,2,"1,0,0","0.3115,0.3443,0.3443",0.1
kitchen,kitchen_h0_r10_i7,50,1,1,1,1,3,"2,0,1","0.3006,0.3672,0.3322",0.1
kitchen,kitchen_h0_r10_i7,70,1,1,1,1,5,"4,0,1","0.2603,0.3883,0.3514",0.1
kitchen,kitchen_h0_r10_i7,100,1,1,1,1,6,"5,0,2","0.2501,0.4123,0.3376",0.1
kitchen,kitchen_h0_r10_i7,10,2,0,2,0,1,"0,1,0","0.3443,0.3115,0.3443",0.1
kitchen,kitchen_h0_r10_i7,30,2,2,1,1,2,"1,1,0","0.3220,0.3220,0.3559",0.1
kitchen,kitchen_h0_r10_i7,50,2,2,1,1,3,"2,2,0","0.3104,0.3104,0.3792",0.1
kitchen,kitchen_h0_r10_i7,70,2,2,1,1,4,"4,4,1","0.2985,0.2985,0.4030",0.1
kitchen,kitchen_h0_r10_i7,100,2,2,1,1,5,"5,5,1","0.2864,0.2864,0.4272",0.1
kitchen,kitchen_h0_r10_i8,10,0,0,1,1,2,"0,1,1","0.3559,0.3220,0.3220",0.1
kitchen,kitchen_h0_r10_i8,30,0,0,1,1,6,"0,5,5","0.4519,0.2741,0.2741",0.1
kitchen,kitchen_h0_r10_i8,50,0,0,1,1,10,"0,9,9","0.5515,0.2242,0.2242",0.1
kitchen,kitchen_h0_r10_i8,70,0,0,1,1,14,"0,13,13","0.6472,0.1764,0.1764",0.1
kitchen,kitchen_h0_r10_i8,100,0,0,1,1,19,"1,19,19","0.7515,0.1242,0.1242",0.1
kitchen,kitchen_h0_r10_i8,10,1,0,3,0,1,"0,0,0","0.3333,0.3333,0.3333",0.1
kitchen,kitchen_h0_r10_i8,30,1,1,2,1,2,"1,0,0","0.3115,0.3443,0.3443",0.1
kitchen,kitchen_h0_r10_i8,50,1,1,1,1,3,"2,0,1","0.3006,0.3672,0.3322",0.1
kitchen,kitchen_h0_r10_i8,70,1,1,1,1,5,"4,0,1","0.2603,0.3883,0.3514",0.1
kitchen,kitchen_h0_r10_i8,100,1,1,1,1,6,"5,0,2","0.2501,0.4123,0.3376",0.1
kitchen,kitchen_h0_r10_i8,10,2,0,2,0,1,"0,1,0","0.3443,0.3115,0.3443",0.1
kitchen,kitchen_h0_r10_i8,30,2,2,1,1,2,"1,1,0","0.3220,0.3220,0.3559",0.1
kitchen,kitchen_h0_r10_i8,50,2,2,1,1,3,"2,2,0","0.3104,0.3104,0.3792",0.1
kitchen,kitchen_h0_r10_i8,70,2,2,1,1,4,"4,4,1","0.2985,0.2985,0.4030",0.1
kitchen,kitchen_h0_r10_i8,100,2,2,1,1,5,"5,5,1","0.2864,0.2864,0.4272",0.1
kitchen,kitchen_h0_r30_i0,10,0,0,1,1,2,"0,1,1","0.3559,0.3220,0.3220",0.1
kitchen,kitchen_h0_r30_i0,30,0,0,1,1,6,"0,5,5","0.4519,0.2741,0.2741",0.1
kitchen,kitchen_h0_r30_i0,50,0,0,1,1,10,"0,9,9","0.5515,0.2242,0.2242",0.1
kitchen,kitchen_h0_r30_i0,70,0,0,1,1,14,"0,13,13","0.6472,0.1764,0.1764",0.1
kitchen,kitchen_h0_r30_i0,100,0,0,1,1,19,"1,19,19","0.7515,0.1242,0.1242",0.1
kitchen,kitchen_h0_r30_i0,10,1,0,3,0,1,"0,0,0","0.3333,0.3333,0.3333",0.1
kitchen,kitchen_h0_r30_i0,30,1,1,2,1,2,"1,0,0","0.3115,0.3443,0.3443",0.1
kitchen,kitchen_h0_r30_i0,50,1,1,1,1,3,"2,0,1","0.3006,0.3672,0.3322",0.1
kitchen,kitchen_h0_r30_i0,70,1,1,1,1,5,"4,0,1","0.2603,0.3883,0.3514",0.1
kitchen,kitchen_h0_r30_i0,100,1,1,1,1,6,"5,0,2","0.2501,0.4123,0.3376",0.1
kitchen,kitchen_h0_r30_i0,10,2,0,2,0,1,"0,1,0","0.3443,0.3115,0.3443",0.1
kitchen,kitchen_h0_r30_i0,30,2,2,1,1,2,"1,1,0","0.3220,0.3220,0.3559",0.1
kitchen,kitchen_h0_r30_i0,50,2,2,1,1,3,"2,2,0","0.3104,0.3104,0.3792",0.1
kitchen,kitchen_h0_r30_i0,70,2,2,1,1,4,"4,4,1","0.2985,0.2985,0.4030",0.1
kitchen,kitchen_h0_r30_i0,100,2,2,1,1,5,"5,5,1","0.2864,0.2864,0.4272",0.1
kitchen,kitchen_h0_r30_i2,10,0,0,1,1,2,"0,1,1","0.3559,0.3220,0.3220",0.1
kitchen,kitchen_h0_r30_i2,30,0,0,1,1,6,"0,5,5","0.4519,0.2741,0.2741",0.1
kitchen,kitchen_h0_r30_i2,50,0,0,1,1,10,"0,9,9","0.5515,0.2242,0.2242",0.1
kitchen,kitchen_h0_r30_i2,70,0,0,1,1,14,"0,13,13","0.6472,0.1764,0.1764",0.1
kitchen,kitchen_h0_r30_i2,100,0,0,1,1,19,"1,19,19","0.7515,0.1242,0.1242",0.1
kitchen,kitchen_h0_r30_i2,10,1,0,3,0,1,"0,0,0","0.3333,0.3333,0.3333",0.1
kitchen,kitchen_h0_r30_i2,30,1,1,2,1,2,"1,0,0","0.3115,0.3443,0.3443",0.1
kitchen,kitchen_h0_r30_i2,50,1,1,1,1,3,"2,0,1","0.3006,0.3672,0.3322",0.1
kitchen,kitchen_h0_r30_i2,70,1,1,1,1,5,"4,0,1","0.2603,0.3883,0.3514",0.1
kitchen,kitchen_h0_r30_i2,100,1,1,1,1,6,"5,0,2","0.2501,0.4123,0.3376",0.1
kitchen,kitchen_h0_r30_i2,10,2,0,2,0,1,"0,1,0","0.3443,0.3115,0.3443",0.1
kitchen,kitchen_h0_r30_i2,30,2,2,1,1,2,"1,1,0","0.3220,0.3220,0.3559",0.1
kitchen,kitchen_h0_r30_i2,50,2,2,1,1,3,"2,2,0","0.3104,0.3104,0.3792",0.1
kitchen,kitchen_h0_r30_i2,70,2,2,1,1,4,"4,4,1","0.2985,0.2985,0.4030",0.1
kitchen,kitchen_h0_r30_i2,100,2,2,1,1,5,"5,5,1","0.2864,0.2864,0.4272",0.1
kitchen,kitchen_h0_r30_i3,10,0,0,1,1,2,"0,1,1","0.3559,0.3220,0.3220",0.1
kitchen,kitchen_h0_r30_i3,30,0,0,1,1,6,"0,5,5","0.4519,0.2741,0.2741",0.1
kitchen,kitchen_h0_r30_i3,50,0,0,1,1,10,"0,9,9","0.5515,0.2242,0.2242",0.1
kitchen,kitchen_h0_r30_i3,70,0,0,1,1,14,"0,13,13","0.6472,0.1764,0.1764",0.1
kitchen,kitchen_h0_r30_i3,100,0,0,1,1,19,"1,19,19","0.7515,0.1242,0.1242",0.1
kitchen,kitchen_h0_r30_i3,10,1,0,3,0,1,"0,0,0","0.3333,0.3333,0.3333",0.1
kitchen,kitchen_h0_r30_i3,30,1,1,2,1,2,"1,0,0","0.3115,0.3443,0.3443",0.1
kitchen,kitchen_h0_r30_i3,50,1,1,1,1,3,"2,0,1","0.3006,0.3672,0.3322",0.1
kitchen,kitchen_h0_r30_i3,70,1,1,1,1,5,"4,0,1","0.2603,0.3883,0.3514",0.1
kitchen,kitchen_h0_r30_i3,100,1,1,1,1,6,"5,0,2","0.2501,0.4123,0.3376",0.1
kitchen,kitchen_h0_r30_i3,10,2,0,2,0,1,"0,1,0","0.3443,0.3115,0.3443",0.1
kitchen,kitchen_h0_r30_i3,30,2,2,1,1,2,"1,1,0","0.3220,0.3220,0.3559",0.1
kitchen,kitchen_h0_r30_i3,50,2,2,1,1,3,"2,2,0","0.3104,0.3104,0.3792",0.1
kitchen,kitchen_h0_r30_i3,70,2,2,1,1,4,"4,4,1","0.2985,0.2985,0.4030",0.1
kitchen,kitchen_h0_r30_i3,100,2,2,1,1,5,"5,5,1","0.2864,0.2864,0.4272",0.1
kitchen,kitchen_h0_r50_i6,10,0,0,1,1,2,"0,1,1","0.3559,0.3220,0.3220",0.1
kitchen,kitchen_h0_r50_i6,30,0,0,1,1,6,"0,5,5","0.4519,0.2741,0.2741",0.1
kitchen,kitchen_h0_r50_i6,50,0,0,1,1,10,"0,9,9","0.5515,0.2242,0.2242",0.1
kitchen,kitchen_h0_r50_i6,70,0,0,1,1,14,"0,13,13","0.6472,0.1764,0.1764",0.1
kitchen,kitchen_h0_r50_i6,100,0,0,1,1,19,"1,19,19","0.7515,0.1242,0.1242",0.1
kitchen,kitchen_h0_r50_i6,10,1,0,3,0,1,"0,0,0","0.3333,0.3333,0.3333",0.1
kitchen,kitchen_h0_r50_i6,30,1,1,2,1,2,"1,0,0","0.3115,0.3443,0.3443",0.1
kitchen,kitchen_h0_r50_i6,50,1,1,1,1,3,"2,0,1","0.3006,0.3672,0.3322",0.1
kitchen,kitchen_h0_r50_i6,70,1,1,1,1,5,"4,0,1","0.2603,0.3883,0.3514",0.1
kitchen,kitchen_h0_r50_i6,100,1,1,1,1,6,"5,0,2","0.2501,0.4123,0.3376",0.1
kitchen,kitchen_h0_r50_i6,10,2,0,2,0,1,"0,1,0","0.3443,0.3115,0.3443",0.1
kitchen,kitchen_h0_r50_i6,30,2,2,1,1,2,"1,1,0","0.3220,0.3220,0.3559",0.1
kitchen,kitchen_h0_r50_i6,50,2,2,1,1,3,"2,2,0","0.3104,0.3104,0.3792",0.1
kitchen,kitchen_h0_r50_i6,70,2,2,1,1,4,"4,4,1","0.2985,0.2985,0.4030",0.1
kitchen,kitchen_h0_r50_i6,100,2,2,1,1,5,"5,5,1","0.2864,0.2864,0.4272",0.1
kitchen,kitchen_h0_r50_i7,10,0,0,1,1,2,"0,1,1","0.3559,0.3220,0.3220",0.1
kitchen,kitchen_h0_r50_i7,30,0,0,1,1,6,"0,5,5","0.4519,0.2741,0.2741",0.1
kitchen,kitchen_h0_r50_i7,50,0,0,1,1,10,"0,9,9","0.5515,0.2242,0.2242",0.1
kitchen,kitchen_h0_r50_i7,70,0,0,1,1,14,"0,13,13","0.6472,0.1764,0.1764",0.1
kitchen,kitchen_h0_r50_i7,100,0,0,1,1,19,"1,19,19","0.7515,0.1242,0.1242",0.1
kitchen,kitchen_h0_r50_i7,10,1,0,3,0,1,"0,0,0","0.3333,0.3333,0.3333",0.1
kitchen,kitchen_h0_r50_i7,30,1,1,2,1,2,"1,0,0","0.3115,0.3443,0.3443",0.1
kitchen,kitchen_h0_r50_i7,50,1,1,1,1,3,"2,0,1","0.3006,0.3672,0.3322",0.1
kitchen,kitchen_h0_r50_i7,70,1,1,1,1,5,"4,0,1","0.2603,0.3883,0.3514",0.1
kitchen,kitchen_h0_r50_i7,100,1,1,1,1,6,"5,0,2","0.2501,0.4123,0.3376",0.1
kitchen,kitchen_h0_r50_i7,10,2,0,2,0,1,"0,1,0","0.3443,0.3115,0.3443",0.1
kitchen,kitchen_h0_r50_i7,30,2,2,1,1,2,"1,1,0","0.3220,0.3220,0.3559",0.1
kitchen,kitchen_h0_r50_i7,50,2,2,1,1,3,"2,2,0","0.3104,0.3104,0.3792",0.1
kitchen,kitchen_h0_r50_i7,70,2,2,1,1,4,"4,4,1","0.2985,0.2985,0.4030",0.1
kitchen,kitchen_h0_r50_i7,100,2,2,1,1,5,"5,5,1","0.2864,0.2864,0.4272",0.1
kitchen,kitchen_h0_r50_i8,10,0,0,1,1,2,"0,1,1","0.3559,0.3220,0.3220",0.1
kitchen,kitchen_h0_r50_i8,30,0,0,1,1,6,"0,5,5","0.4519,0.2741,0.2741",0.1
kitchen,kitchen_h0_r50_i8,50,0,0,1,1,10,"0,9,9","0.5515,0.2242,0.2242",0.1
kitchen,kitchen_h0_r50_i8,70,0,0,1,1,14,"0,13,13","0.6472,0.1764,0.1764",0.1
kitchen,kitchen_h0_r50_i8,100,0,0,1,1,19,"1,19,19","0.7515,0.1242,0.1242",0.1
kitchen,kitchen_h0_r50_i8,10,1,0,3,0,1,"0,0,0","0.3333,0.3333,0.3333",0.1
kitchen,kitchen_h0_r50_i8,30,1,1,2,1,2,"1,0,0","0.3115,0.3443,0.3443",0.1
kitchen,kitchen_h0_r50_i8,50,1,1,1,1,3,"2,0,1","0.3006,0.3672,0.3322",0.1
kitchen,kitchen_h0_r50_i8,70,1,1,1,1,5,"4,0,1","0.2603,0.3883,0.3514",0.1
kitchen,kitchen_h0_r50_i8,100,1,1,1,1,6,"5,0,2","0.2501,0.4123,0.3376",0.1
kitchen,kitchen_h0_r50_i8,10,2,0,2,0,1,"0,1,0","0.3443,0.3115,0.3443",0.1
kitchen,kitchen_h0_r50_i8,30,2,2,1,1,2,"1,1,0","0.3220,0.3220,0.3559",0.1
kitchen,kitchen_h0_r50_i8,50,2,2,1,1,3,"2,2,0","0.3104,0.3104,0.3792",0.1
kitchen,kitchen_h0_r50_i8,70,2,2,1,1,4,"4,4,1","0.2985,0.2985,0.4030",0.1
kitchen,kitchen_h0_r50_i8,100,2,2,1,1,5,"5,5,1","0.2864,0.2864,0.4272",0.1
kitchen,kitchen_h0_r70_i2,10,0,0,1,1,2,"0,1,1","0.3559,0.3220,0.3220",0.1
kitchen,kitchen_h0_r70_i2,30,0,0,1,1,6,"0,5,5","0.4519,0.2741,0.2741",0.1
kitchen,kitchen_h0_r70_i2,50,0,0,1,1,10,"0,9,9","0.5515,0.2242,0.2242",0.1
kitchen,kitchen_h0_r70_i2,70,0,0,1,1,14,"0,13,13","0.6472,0.1764,0.1764",0.1
kitchen,kitchen_h0_r70_i2,100,0,0,1,1,19,"1,19,19","0.7515,0.1242,0.1242",0.1
kitchen,kitchen_h0_r70_i2,10,1,0,3,0,1,"0,0,0","0.3333,0.3333,0.3333",0.1
kitchen,kitchen_h0_r70_i2,30,1,1,2,1,2,"1,0,0","0.3115,0.3443,0.3443",0.1
kitchen,kitchen_h0_r70_i2,50,1,1,1,1,3,"2,0,1","0.3006,0.3672,0.3322",0.1
kitchen,kitchen_h0_r70_i2,70,1,1,1,1,5,"4,0,1","0.2603,0.3883,0.3514",0.1
kitchen,kitchen_h0_r70_i2,100,1,1,1,1,6,"5,0,2","0.2501,0.4123,0.3376",0.1
kitchen,kitchen_h0_r70_i2,10,2,0,2,0,1,"0,1,0","0.3443,0.3115,0.3443",0.1
kitchen,kitchen_h0_r70_i2,30,2,2,1,1,2,"1,1,0","0.3220,0.3220,0.3559",0.1
kitchen,kitchen_h0_r70_i2,50,2,2,1,1,3,"2,2,0","0.3104,0.3104,0.3792",0.1
kitchen,kitchen_h0_r70_i2,70,2,2,1,1,4,"4,4,1","0.2985,0.2985,0.4030",0.1
kitchen,kitchen_h0_r70_i2,100,2,2,1,1,5,"5,5,1","0.2864,0.2864,0.4272",0.1
kitchen,kitchen_h0_r70_i3,10,0,0,1,1,2,"0,1,1","0.3559,0.3220,0.3220",0.1
kitchen,kitchen_h0_r70_i3,30,0,0,1,1,6,"0,5,5","0.4519,0.2741,0.2741",0.1
kitchen,kitchen_h0_r70_i3,50,0,0,1,1,10,"0,9,9","0.5515,0.2242,0.2242",0.1
kitchen,kitchen_h0_r70_i3,70,0,0,1,1,14,"0,13,13","0.6472,0.1764,0.1764",0.1
kitchen,kitchen_h0_r70_i3,100,0,0,1,1,19,"1,19,19","0.7515,0.1242,0.1242",0.1
kitchen,kitchen_h0_r70_i3,10,1,0,3,0,1,"0,0,0","0.3333,0.3333,0.3333",0.1
kitchen,kitchen_h0_r70_i3,30,1,1,2,1,2,"1,0,0","0.3115,0.3443,0.3443",0.1
kitchen,kitchen_h0_r70_i3,50,1,1,1,1,3,"2,0,1","0.3006,0.3672,0.3322",0.1
kitchen,kitchen_h0_r70_i3,70,1,1,1,1,5,"4,0,1","0.2603,0.3883,0.3514",0.1
kitchen,kitchen_h0_r70_i3,100,1,1,1,1,6,"5,0,2","0.2501,0.4123,0.3376",0.1
kitchen,kitchen_h0_r70_i3,10,2,0,2,0,1,"0,1,0","0.3443,0.3115,0.3443",0.1
kitchen,kitchen_h0_r70_i3,30,2,2,1,1,2,"1,1,0","0.3220,0.3220,0.3559",0.1
kitchen,kitchen_h0_r70_i3,50,2,2,1,1,3,"2,2,0","0.3104,0.3104,0.3792",0.1
kitchen,kitchen_h0_r70_i3,70,2,2,1,1,4,"4,4,1","0.2985,0.2985,0.4030",0.1
kitchen,kitchen_h0_r70_i3,100,2,2,1,1,5,"5,5,1","0.2864,0.2864,0.4272",0.1
kitchen,kitchen_h0_r70_i5,10,0,0,1,1,2,"0,1,1","0.3559,0.3220,0.3220",0.1
kitchen,kitchen_h0_r70_i5,30,0,0,1,1,6,"0,5,5","0.4519,0.2741,0.2741",0.1
kitchen,kitchen_h0_r70_i5,50,0,0,1,1,10,"0,9,9","0.5515,0.2242,0.2242",0.1
kitchen,kitchen_h0_r70_i5,70,0,0,1,1,14,"0,13,13","0.6472,0.1764,0.1764",0.1
kitchen,kitchen_h0_r70_i5,100,0,0,1,1,19,"1,19,19","0.7515,0.1242,0.1242",0.1
kitchen,kitchen_h0_r70_i5,10,1,0,3,0,1,"0,0,0","0.3333,0.3333,0.3333",0.1
kitchen,kitchen_h0_r70_i5,30,1,1,2,1,2,"1,0,0","0.3115,0.3443,0.3443",0.1
kitchen,kitchen_h0_r70_i5,50,1,1,1,1,3,"2,0,1","0.3006,0.3672,0.3322",0.1
kitchen,kitchen_h0_r70_i5,70,1,1,1,1,5,"4,0,1","0.2603,0.3883,0.3514",0.1
kitchen,kitchen_h0_r70_i5,100,1,1,1,1,6,"5,0,2","0.2501,0.4123,0.3376",0.1
kitchen,kitchen_h0_r70_i5,10,2,0,2,0,1,"0,1,0","0.3443,0.3115,0.3443",0.1
kitchen,kitchen_h0_r70_i5,30,2,2,1,1,2,"1,1,0","0.3220,0.3220,0.3559",0.1
kitchen,kitchen_h0_r70_i5,50,2,2,1,1,3,"2,2,0","0.3104,0.3104,0.3792",0.1
kitchen,kitchen_h0_r70_i5,70,2,2,1,1,4,"4,4,1","0.2985,0.2985,0.4030",0.1
kitchen,kitchen_h0_r70_i5,100,2,2,1,1,5,"5,5,1","0.2864,0.2864,0.4272",0.1
kitchen,kitchen_h0_r70_i7,10,0,0,1,1,2,"0,1,1","0.3559,0.3220,0.3220",0.1
kitchen,kitchen_h0_r70_i7,30,0,0,1,1,6,"0,5,5","0.4519,0.2741,0.2741",0.1
kitchen,kitchen_h0_r70_i7,50,0,0,1,1,10,"0,9,9","0.5515,0.2242,0.2242",0.1
kitchen,kitchen_h0_r70_i7,70,0,0,1,1,14,"0,13,13","0.6472,0.1764,0.1764",0.1
kitchen,kitchen_h0_r70_i7,100,0,0,1,1,19,"1,19,19","0.7515,0.1242,0.1242",0.1
kitchen,kitchen_h0_r70_i7,10,1,0,3,0,1,"0,0,0","0.3333,0.3333,0.3333",0.1
kitchen,kitchen_h0_r70_i7,30,1,1,2,1,2,"1,0,0","0.3115,0.3443,0.3443",0.1
kitchen,kitchen_h0_r70_i7,50,1,1,1,1,3,"2,0,1","0.3006,0.3672,0.3322",0.1
kitchen,kitchen_h0_r70_i7,70,1,1,1,1,5,"4,0,1","0.2603,0.3883,0.3514",0.1
kitchen,kitchen_h0_r70_i7,100,1,1,1,1,6,"5,0,2","0.2501,0.4123,0.3376",0.1
kitchen,kitchen_h0_r70_i7,10,2,0,2,0,1,"0,1,0","0.3443,0.3115,0.3443",0.1
kitchen,kitchen_h0_r70_i7,30,2,2,1,1,2,"1,1,0","0.3220,0.3220,0.3559",0.1
kitchen,kitchen_h0_r70_i7,50,2,2,1,1,3,"2,2,0","0.3104,0.3104,0.3792",0.1
kitchen,kitchen_h0_r70_i7,70,2,2,1,1,4,"4,4,1","0.2985,0.2985,0.4030",0.1
kitchen,kitchen_h0_r70_i7,100,2,2,1,1,5,"5,5,1","0.2864,0.2864,0.4272",0.1
kitchen,kitchen_h0_r70_i8,10,0,0,1,1,2,"0,1,1","0.3559,0.3220,0.3220",0.1
kitchen,kitchen_h0_r70_i8,30,0,0,1,1,6,"0,5,5","0.4519,0.2741,0.2741",0.1
kitchen,kitchen_h0_r70_i8,50,0,0,1,1,10,"0,9,9","0.5515,0.2242,0.2242",0.1
kitchen,kitchen_h0_r70_i8,70,0,0,1,1,14,"0,13,13","0.6472,0.1764,0.1764",0.1
kitchen,kitchen_h0_r70_i8,100,0,0,1,1,19,"1,19,19","0.7515,0.1242,0.1242",0.1
kitchen,kitchen_h0_r70_i8,10,1,0,3,0,1,"0,0,0","0.3333,0.3333,0.3333",0.1
kitchen,kitchen_h0_r70_i8,30,1,1,2,1,2,"1,0,0","0.3115,0.3443,0.3443",0.1
kitchen,kitchen_h0_r70_i8,50,1,1,1,1,3,"2,0,1","0.3006,0.3672,0.3322",0.1
kitchen,kitchen_h0_r70_i8,70,1,1,1,1,5,"4,0,1","0.2603,0.3883,0.3514",0.1
kitchen,kitchen_h0_r70_i8,100,1,1,1,1,6,"5,0,2","0.2501,0.4123,0.3376",0.1
kitchen,kitchen_h0_r70_i8,10,2,0,2,0,1,"0,1,0","0.3443,0.3115,0.3443",0.1
kitchen,kitchen_h0_r70_i8,30,2,2,1,1,2,"1,1,0","0.3220,0.3220,0.3559",0.1
kitchen,kitchen_h0_r70_i8,50,2,2,1,1,3,"2,2,0","0.3104,0.3104,0.3792",0.1
kitchen,kitchen_h0_r70_i8,70,2,2,1,1,4,"4,4,1","0.2985,0.2985,0.4030",0.1
kitchen,kitchen_h0_r70_i8,100,2,2,1,1,5,"5,5,1","0.2864,0.2864,0.4272",0.1
kitchen,kitchen_h0_rfull_i0,10,0,0,1,1,2,"0,1,1","0.3559,0.3220,0.3220",0.1
kitchen,kitchen_h0_rfull_i0,30,0,0,1,1,6,"0,5,5","0.4519,0.2741,0.2741",0.1
kitchen,kitchen_h0_rfull_i0,50,0,0,1,1,10,"0,9,9","0.5515,0.2242,0.2242",0.1
kitchen,kitchen_h0_rfull_i0,70,0,0,1,1,14,"0,13,13","0.6472,0.1764,0.1764",0.1
kitchen,kitchen_h0_rfull_i0,100,0,0,1,1,19,"1,19,19","0.7515,0.1242,0.1242",0.1
kitchen,kitchen_h0_rfull_i0,10,1,0,3,0,1,"0,0,0","0.3333,0.3333,0.3333",0.1
kitchen,kitchen_h0_rfull_i0,30,1,1,2,1,2,"1,0,0","0.3115,0.3443,0.3443",0.1
kitchen,kitchen_h0_rfull_i0,50,1,1,1,1,3,"2,0,1","0.3006,0.3672,0.3322",0.1
kitchen,kitchen_h0_rfull_i0,70,1,1,1,1,5,"4,0,1","0.2603,0.3883,0.3514",0.1
kitchen,kitchen_h0_rfull_i0,100,1,1,1,1,6,"5,0,2","0.2501,0.4123,0.3376",0.1
kitchen,kitchen_h0_rfull_i0,10,2,0,2,0,1,"0,1,0","0.3443,0.3115,0.3443",0.1
kitchen,kitchen_h0_rfull_i0,30,2,2,1,1,2,"1,1,0","0.3220,0.3220,0.3559",0.1
kitchen,kitchen_h0_rfull_i0,50,2,2,1,1,3,"2,2,0","0.3104,0.3104,0.3792",0.1
kitchen,kitchen_h0_rfull_i0,70,2,2,1,1,4,"4,4,1","0.2985,0.2985,0.4030",0.1
kitchen,kitchen_h0_rfull_i0,100,2,2,1,1,5,"5,5,1","0.2864,0.2864,0.4272",0.1
kitchen,kitchen_h0_rfull_i1,10,0,0,1,1,2,"0,1,1","0.3559,0.3220,0.3220",0.1
kitchen,kitchen_h0_rfull_i1,30,0,0,1,1,6,"0,5,5","0.4519,0.2741,0.2741",0.1
kitchen,kitchen_h0_rfull_i1,50,0,0,1,1,10,"0,9,9","0.5515,0.2242,0.2242",0.1
kitchen,kitchen_h0_rfull_i1,70,0,0,1,1,14,"0,13,13","0.6472,0.1764,0.1764",0.1
kitchen,kitchen_h0_rfull_i1,100,0,0,1,1,19,"1,19,19","0.7515,0.1242,0.1242",0.1
kitchen,kitchen_h0_rfull_i1,10,1,0,3,0,1,"0,0,0","0.3333,0.3333,0.3333",0.1
kitchen,kitchen_h0_rfull_i1,30,1,1,2,1,2,"1,0,0","0.3115,0.3443,0.3443",0.1
kitchen,kitchen_h0_rfull_i1,50,1,1,1,1,3,"2,0,1","0.3006,0.3672,0.3322",0.1
kitchen,kitchen_h0_rfull_i1,70,1,1,1,1,5,"4,0,1","0.2603,0.3883,0.3514",0.1
kitchen,kitchen_h0_rfull_i1,100,1,1,1,1,6,"5,0,2","0.2501,0.4123,0.3376",0.1
kitchen,kitchen_h0_rfull_i1,10,2,0,2,0,1,"0,1,0","0.3443,0.3115,0.3443",0.1
kitchen,kitchen_h0_rfull_i1,30,2,2,1,1,2,"1,1,0","0.3220,0.3220,0.3559",0.1
kitchen,kitchen_h0_rfull_i1,50,2,2,1,1,3,"2,2,0","0.3104,0.3104,0.3792",0.1
kitchen,kitchen_h0_rfull_i1,70,2,2,1,1,4,"4,4,1","0.2985,0.2985,0.4030",0.1
kitchen,kitchen_h0_rfull_i1,100,2,2,1,1,5,"5,5,1","0.2864,0.2864,0.4272",0.1
kitchen,kitchen_h0_rfull_i2,10,0,0,1,1,2,"0,1,1","0.3559,0.3220,0.3220",0.1
kitchen,kitchen_h0_rfull_i2,30,0,0,1,1,6,"0,5,5","0.4519,0.2741,0.2741",0.1
kitchen,kitchen_h0_rfull_i2,50,0,0,1,1,10,"0,9,9","0.5515,0.2242,0.2242",0.1
kitchen,kitchen_h0_rfull_i2,70,0,0,1,1,14,"0,13,13","0.6472,0.1764,0.1764",0.1
kitchen,kitchen_h0_rfull_i2,100,0,0,1,1,19,"1,19,19","0.7515,0.1242,0.1242",0.1
kitchen,kitchen_h0_rfull_i2,10,1,0,3,0,1,"0,0,0","0.3333,0.3333,0.3333",0.1
kitchen,kitchen_h0_rfull_i2,30,1,1,2,1,2,"1,0,0","0.3115,0.3443,0.3443",0.1
kitchen,kitchen_h0_rfull_i2,50,1,1,1,1,3,"2,0,1","0.3006,0.3672,0.3322",0.1
kitchen,kitchen_h0_rfull_i2,70,1,1,1,1,5,"4,0,1","0.2603,0.3883,0.3514",0.1
kitchen,kitchen_h0_rfull_i2,100,1,1,1,1,6,"5,0,2","0.2501,0.4123,0.3376",0.1
kitchen,kitchen_h0_rfull_i2,10,2,0,2,0,1,"0,1,0","0.3443,0.3115,0.3443",0.1
kitchen,kitchen_h0_rfull_i2,30,2,2,1,1,2,"1,1,0","0.3220,0.3220,0.3559",0.1
kitchen,kitchen_h0_rfull_i2,50,2,2,1,1,3,"2,2,0","0.3104,0.3104,0.3792",0.1
kitchen,kitchen_h0_rfull_i2,70,2,2,1,1,4,"4,4,1","0.2985,0.2985,0.4030",0.1
kitchen,kitchen_h0_rfull_i2,100,2,2,1,1,5,"5,5,1","0.2864,0.2864,0.4272",0.1
kitchen,kitchen_h0_rfull_i4,10,0,0,1,1,2,"0,1,1","0.3559,0.3220,0.3220",0.1
kitchen,kitchen_h0_rfull_i4,30,0,0,1,1,6,"0,5,5","0.4519,0.2741,0.2741",0.1
kitchen,kitchen_h0_rfull_i4,50,0,0,1,1,10,"0,9,9","0.5515,0.2242,0.2242",0.1
kitchen,kitchen_h0_rfull_i4,70,0,0,1,1,14,"0,13,13","0.6472,0.1764,0.1764",0.1
kitchen,kitchen_h0_rfull_i4,100,0,0,1,1,19,"1,19,19","0.7515,0.1242,0.1242",0.1
kitchen,kitchen_h0_rfull_i4,10,1,0,3,0,1,"0,0,0","0.3333,0.3333,0.3333",0.1
kitchen,kitchen_h0_rfull_i4,30,1,1,2,1,2,"1,0,0","0.3115,0.3443,0.3443",0.1
kitchen,kitchen_h0_rfull_i4,50,1,1,1,1,3,"2,0,1","0.3006,0.3672,0.3322",0.1
kitchen,kitchen_h0_rfull_i4,70,1,1,1,1,5,"4,0,1","0.2603,0.3883,0.3514",0.1
kitchen,kitchen_h0_rfull_i4,100,1,1,1,1,6,"5,0,2","0.2501,0.4123,0.3376",0.1
kitchen,kitchen_h0_rfull_i4,10,2,0,2,0,1,"0,1,0","0.3443,0.3115,0.3443",0.1
kitchen,kitchen_h0_rfull_i4,30,2,2,1,1,2,"1,1,0","0.3220,0.3220,0.3559",0.1
kitchen,kitchen_h0_rfull_i4,50,2,2,1,1,3,"2,2,0","0.3104,0.3104,0.3792",0.1
kitchen,kitchen_h0_rfull_i4,70,2,2,1,1,4,"4,4,1","0.2985,0.2985,0.4030",0.1
kitchen,kitchen_h0_rfull_i4,100,2,2,1,1,5,"5,5,1","0.2864,0.2864,0.4272",0.1
kitchen,kitchen_h0_rfull_i6,10,0,0,1,1,2,"0,1,1","0.3559,0.3220,0.3220",0.1
kitchen,kitchen_h0_rfull_i6,30,0,0,1,1,6,"0,5,5","0.4519,0.2741,0.2741",0.1
kitchen,kitchen_h0_rfull_i6,50,0,0,1,1,10,"0,9,9","0.5515,0.2242,0.2242",0.1
kitchen,kitchen_h0_rfull_i6,70,0,0,1,1,14,"0,13,13","0.6472,0.1764,0.1764",0.1
kitchen,kitchen_h0_rfull_i6,100,0,0,1,1,19,"1,19,19","0.7515,0.1242,0.1242",0.1
kitchen,kitchen_h0_rfull_i6,10,1,0,3,0,1,"0,0,0","0.3333,0.3333,0.3333",0.1
kitchen,kitchen_h0_rfull_i6,30,1,1,2,1,2,"1,0,0","0.3115,0.3443,0.3443",0.1
kitchen,kitchen_h0_rfull_i6,50,1,1,1,1,3,"2,0,1","0.3006,0.3672,0.3322",0.1
kitchen,kitchen_h0_rfull_i6,70,1,1,1,1,5,"4,0,1","0.2603,0.3883,0.3514",0.1
kitchen,kitchen_h0_rfull_i6,100,1,1,1,1,6,"5,0,2","0.2501,0.4123,0.3376",0.1
kitchen,kitchen_h0_rfull_i6,10,2,0,2,0,1,"0,1,0","0.3443,0.3115,0.3443",0.1
kitchen,kitchen_h0_rfull_i6,30,2,2,1,1,2,"1,1,0","0.3220,0.3220,0.3559",0.1
kitchen,kitchen_h0_rfull_i6,50,2,2,1,1,3,"2,2,0","0.3104,0.3104,0.3792",0.1
kitchen,kitchen_h0_rfull_i6,70,2,2,1,1,4,"4,4,1","0.2985,0.2985,0.4030",0.1
kitchen,kitchen_h0_rfull_i6,100,2,2,1,1,5,"5,5,1","0.2864,0.2864,0.4272",0.1
kitchen,kitchen_h0_rfull_i7,10,0,0,1,1,2,"0,1,1","0.3559,0.3220,0.3220",0.1
kitchen,kitchen_h0_rfull_i7,30,0,0,1,1,6,"0,5,5","0.4519,0.2741,0.2741",0.1
kitchen,kitchen_h0_rfull_i7,50,0,0,1,1,10,"0,9,9","0.5515,0.2242,0.2242",0.1
kitchen,kitchen_h0_rfull_i7,70,0,0,1,1,14,"0,13,13","0.6472,0.1764,0.1764",0.1
kitchen,kitchen_h0_rfull_i7,100,0,0,1,1,19,"1,19,19","0.7515,0.1242,0.1242",0.1
kitchen,kitchen_h0_rfull_i7,10,1,0,3,0,1,"0,0,0","0.3333,0.3333,0.3333",0.1
kitchen,kitchen_h0_rfull_i7,30,1,1,2,1,2,"1,0,0","0.3115,0.3443,0.3443",0.1
kitchen,kitchen_h0_rfull_i7,50,1,1,1,1,3,"2,0,1","0.3006,0.3672,0.3322",0.1
kitchen,kitchen_h0_rfull_i7,70,1,1,1,1,5,"4,0,1","0.2603,0.3883,0.3514",0.1
kitchen,kitchen_h0_rfull_i7,100,1,1,1,1,6,"5,0,2","0.2501,0.4123,0.3376",0.1
kitchen,kitchen_h0_rfull_i7,10,2,0,2,0,1,"0,1,0","0.3443,0.3115,0.3443",0.1
kitchen,kitchen_h0_rfull_i7,30,2,2,1,1,2,"1,1,0","0.3220,0.3220,0.3559",0.1
kitchen,kitchen_h0_rfull_i7,50,2,2,1,1,3,"2,2,0","0.3104,0.3104,0.3792",0.1
kitchen,kitchen_h0_rfull_i7,70,2,2,1,1,4,"4,4,1","0.2985,0.2985,0.4030",0.1
kitchen,kitchen_h0_rfull_i7,100,2,2,1,1,5,"5,5,1","0.2864,0.2864,0.4272",0.1
kitchen,kitchen_h0_rfull_i8,10,0,0,1,1,2,"0,1,1","0.3559,0.3220,0.3220",0.1
kitchen,kitchen_h0_rfull_i8,30,0,0,1,1,6,"0,5,5","0.4519,0.2741,0.2741",0.1
kitchen,kitchen_h0_rfull_i8,50,0,0,1,1,10,"0,9,9","0.5515,0.2242,0.2242",0.1
kitchen,kitchen_h0_rfull_i8,70,0,0,1,1,14,"0,13,13","0.6472,0.1764,0.1764",0.1
kitchen,kitchen_h0_rfull_i8,100,0,0,1,1,19,"1,19,19","0.7515,0.1242,0.1242",0.1
kitchen,kitchen_h0_rfull_i8,10,1,0,3,0,1,"0,0,0","0.3333,0.3333,0.3333",0.1
kitchen,kitchen_h0_rfull_i8,30,1,1,2,1,2,"1,0,0","0.3115,0.3443,0.3443",0.1
kitchen,kitchen_h0_rfull_i8,50,1,1,1,1,3,"2,0,1","0.3006,0.3672,0.3322",0.1
kitchen,kitchen_h0_rfull_i8,70,1,1,1,1,5,"4,0,1","0.2603,0.3883,0.3514",0.1
kitchen,kitchen_h0_rfull_i8,100,1,1,1,1,6,"5,0,2","0.2501,0.4123,0.3376",0.1
kitchen,kitchen_h0_rfull_i8,10,2,0,2,0,1,"0,1,0","0.3443,0.3115,0.3443",0.1
kitchen,kitchen_h0_rfull_i8,30,2,2,1,1,2,"1,1,0","0.3220,0.3220,0.3559",0.1
kitchen,kitchen_h0_rfull_i8,50,2,2,1,1,3,"2,2,0","0.3104,0.3104,0.3792",0.1
kitchen,kitchen_h0_rfull_i8,70,2,2,1,1,4,"4,4,1","0.2985,0.2985,0.4030",0.1
kitchen,kitchen_h0_rfull_i8,100,2,2,1,1,5,"5,5,1","0.2864,0.2864,0.4272",0.1
kitchen,kitchen_h0_rfull_i9,10,0,0,1,1,2,"0,1,1","0.3559,0.3220,0.3220",0.1
kitchen,kitchen_h0_rfull_i9,30,0,0,1,1,6,"0,5,5","0.4519,0.2741,0.2741",0.1
kitchen,kitchen_h0_rfull_i9,50,0,0,1,1,10,"0,9,9","0.5515,0.2242,0.2242",0.1
kitchen,kitchen_h0_rfull_i9,70,0,0,1,1,14,"0,13,13","0.6472,0.1764,0.1764",0.1
kitchen,kitchen_h0_rfull_i9,100,0,0,1,1,19,"1,19,19","0.7515,0.1242,0.1242",0.1
kitchen,kitchen_h0_rfull_i9,10,1,0,3,0,1,"0,0,0","0.3333,0.3333,0.3333",0.1
kitchen,kitchen_h0_rfull_i9,30,1,1,2,1,2,"1,0,0","0.3115,0.3443,0.3443",0.1
kitchen,kitchen_h0_rfull_i9,50,1,1,1,1,3,"2,0,1","0.3006,0.3672,0.3322",0.1
kitchen,kitchen_h0_rfull_i9,70,1,1,1,1,5,"4,0,1","0.2603,0.3883,0.3514",0.1
kitchen,kitchen_h0_rfull_i9,100,1,1,1,1,6,"5,0,2","0.2501,0.4123,0.3376",0.1
kitchen,kitchen_h0_rfull_i9,10,2,0,2,0,1,"0,1,0","0.3443,0.3115,0.3443",0.1
kitchen,kitchen_h0_rfull_i9,30,2,2,1,1,2,"1,1,0","0.3220,0.3220,0.3559",0.1
kitchen,kitchen_h0_rfull_i9,50,2,2,1,1,3,"2,2,0","0.3104,0.3104,0.3792",0.1
kitchen,kitchen_h0_rfull_i9,70,2,2,1,1,4,"4,4,1","0.2985,0.2985,0.4030",0.1
kitchen,kitchen_h0_rfull_i9,100,2,2,1,1,5,"5,5,1","0.2864,0.2864,0.4272",0.1
kitchen,kitchen_h1_r10_i1,10,0,0,1,1,2,"0,1,1","0.3559,0.3220,0.3220",0.1
kitchen,kitchen_h1_r10_i1,30,0,0,1,1,6,"0,5,5","0.4519,0.2741,0.2741",0.1
kitchen,kitchen_h1_r10_i1,50,0,0,1,1,10,"0,9,9","0.5515,0.2242,0.2242",0.1
kitchen,kitchen_h1_r10_i1,70,0,0,1,1,14,"0,13,13","0.6472,0.1764,0.1764",0.1
kitchen,kitchen_h1_r10_i1,100,0,0,1,1,19,"1,19,19","0.7515,0.1242,0.1242",0.1
kitchen,kitchen_h1_r10_i1,10,1,0,3,0,1,"0,0,0","0.3333,0.3333,0.3333",0.1
kitchen,kitchen_h1_r10_i1,30,1,1,2,1,2,"1,0,0","0.3115,0.3443,0.3443",0.1
kitchen,kitchen_h1_r10_i1,50,1,1,1,1,3,"2,0,1","0.3006,0.3672,0.3322",0.1
kitchen,kitchen_h1_r10_i1,70,1,1,1,1,5,"4,0,1","0.2603,0.3883,0.3514",0.1
kitchen,kitchen_h1_r10_i1,100,1,1,1,1,6,"5,0,2","0.2501,0.4123,0.3376",0.1
kitchen,kitchen_h1_r10_i1,10,2,0,2,0,1,"0,1,0","0.3443,0.3115,0.3443",0.1
kitchen,kitchen_h1_r10_i1,30,2,2,1,1,2,"1,1,0","0.3220,0.3220,0.3559",0.1
kitchen,kitchen_h1_r10_i1,50,2,2,1,1,3,"2,2,0","0.3104,0.3104,0.3792",0.1
kitchen,kitchen_h1_r10_i1,70,2,2,1,1,4,"4,4,1","0.2985,0.2985,0.4030",0.1
kitchen,kitchen_h1_r10_i1,100,2,2,1,1,5,"5,5,1","0.2864,0.2864,0.4272",0.1
kitchen,kitchen_h1_r10_i5,10,0,0,1,1,2,"0,1,1","0.3559,0.3220,0.3220",0.1
kitchen,kitchen_h1_r10_i5,30,0,0,1,1,6,"0,5,5","0.4519,0.2741,0.2741",0.1
kitchen,kitchen_h1_r10_i5,50,0,0,1,1,10,"0,9,9","0.5515,0.2242,0.2242",0.1
kitchen,kitchen_h1_r10_i5,70,0,0,1,1,14,"0,13,13","0.6472,0.1764,0.1764",0.1
kitchen,kitchen_h1_r10_i5,100,0,0,1,1,19,"1,19,19","0.7515,0.1242,0.1242",0.1
kitchen,kitchen_h1_r10_i5,10,1,0,3,0,1,"0,0,0","0.3333,0.3333,0.3333",0.1
kitchen,kitchen_h1_r10_i5,30,1,1,2,1,2,"1,0,0","0.3115,0.3443,0.3443",0.1
kitchen,kitchen_h1_r10_i5,50,1,1,1,1,3,"2,0,1","0.3006,0.3672,0.3322",0.1
kitchen,kitchen_h1_r10_i5,70,1,1,1,1,5,"4,0,1","0.2603,0.3883,0.3514",0.1
kitchen,kitchen_h1_r10_i5,100,1,1,1,1,6,"5,0,2","0.2501,0.4123,0.3376",0.1
kitchen,kitchen_h1_r10_i5,10,2,0,2,0,1,"0,1,0","0.3443,0.3115,0.3443",0.1
kitchen,kitchen_h1_r10_i5,30,2,2,1,1,2,"1,1,0","0.3220,0.3220,0.3559",0.1
kitchen,kitchen_h1_r10_i5,50,2,2,1,1,3,"2,2,0","0.3104,0.3104,0.3792",0.1
kitchen,kitchen_h1_r10_i5,70,2,2,1,1,4,"4,4,1","0.2985,0.2985,0.4030",0.1
kitchen,kitchen_h1_r10_i5,100,2,2,1,1,5,"5,5,1","0.2864,0.2864,0.4272",0.1
kitchen,kitchen_h1_r10_i9,10,0,0,1,1,2,"0,1,1","0.3559,0.3220,0.3220",0.1
kitchen,kitchen_h1_r10_i9,30,0,0,1,1,6,"0,5,5","0.4519,0.2741,0.2741",0.1
kitchen,kitchen_h1_r10_i9,50,0,0,1,1,10,"0,9,9","0.5515,0.2242,0.2242",0.1
kitchen,kitchen_h1_r10_i9,70,0,0,1,1,14,"0,13,13","0.6472,0.1764,0.1764",0.1
kitchen,kitchen_h1_r10_i9,100,0,0,1,1,19,"1,19,19","0.7515,0.1242,0.1242",0.1
kitchen,kitchen_h1_r10_i9,10,1,0,3,0,1,"0,0,0","0.3333,0.3333,0.3333",0.1
kitchen,kitchen_h1_r10_i9,30,1,1,2,1,2,"1,0,0","0.3115,0.3443,0.3443",0.1
kitchen,kitchen_h1_r10_i9,50,1,1,1,1,3,"2,0,1","0.3006,0.3672,0.3322",0.1
kitchen,kitchen_h1_r10_i9,70,1,1,1,1,5,"4,0,1","0.2603,0.3883,0.3514",0.1
kitchen,kitchen_h1_r10_i9,100,1,1,1,1,6,"5,0,2","0.2501,0.4123,0.3376",0.1
kitchen,kitchen_h1_r10_i9,10,2,0,2,0,1,"0,1,0","0.3443,0.3115,0.3443",0.1
kitchen,kitchen_h1_r10_i9,30,2,2,1,1,2,"1,1,0","0.3220,0.3220,0.3559",0.1
kitchen,kitchen_h1_r10_i9,50,2,2,1,1,3,"2,2,0","0.3104,0.3104,0.3792",0.1
kitchen,kitchen_h1_r10_i9,70,2,2,1,1,4,"4,4,1","0.2985,0.2985,0.4030",0.1
kitchen,kitchen_h1_r10_i9,100,2,2,1,1,5,"5,5,1","0.2864,0.2864,0.4272",0.1
kitchen,kitchen_h1_r30_i1,10,0,0,1,1,2,"0,1,1","0.3559,0.3220,0.3220",0.1
kitchen,kitchen_h1_r30_i1,30,0,0,1,1,6,"0,5,5","0.4519,0.2741,0.2741",0.1
kitchen,kitchen_h1_r30_i1,50,0,0,1,1,10,"0,9,9","0.5515,0.2242,0.2242",0.1
kitchen,kitchen_h1_r30_i1,70,0,0,1,1,14,"0,13,13","0.6472,0.1764,0.1764",0.1
kitchen,kitchen_h1_r30_i1,100,0,0,1,1,19,"1,19,19","0.7515,0.1242,0.1242",0.1
kitchen,kitchen_h1_r30_i1,10,1,0,3,0,1,"0,0,0","0.3333,0.3333,0.3333",0.1
kitchen,kitchen_h1_r30_i1,30,1,1,2,1,2,"1,0,0","0.3115,0.3443,0.3443",0.1
kitchen,kitchen_h1_r30_i1,50,1,1,1,1,3,"2,0,1","0.3006,0.3672,0.3322",0.1
kitchen,kitchen_h1_r30_i1,70,1,1,1,1,5,"4,0,1","0.2603,0.3883,0.3514",0.1
kitchen,kitchen_h1_r30_i1,100,1,1,1,1,6,"5,0,2","0.2501,0.4123,0.3376",0.1
kitchen,kitchen_h1_r30_i1,10,2,0,2,0,1,"0,1,0","0.3443,0.3115,0.3443",0.1
kitchen,kitchen_h1_r30_i1,30,2,2,1,1,2,"1,1,0","0.3220,0.3220,0.3559",0.1
kitchen,kitchen_h1_r30_i1,50,2,2,1,1,3,"2,2,0","0.3104,0.3104,0.3792",0.1
kitchen,kitchen_h1_r30_i1,70,2,2,1,1,4,"4,4,1","0.2985,0.2985,0.4030",0.1
kitchen,kitchen_h1_r30_i1,100,2,2,1,1,5,"5,5,1","0.2864,0.2864,0.4272",0.1
kitchen,kitchen_h1_r30_i9,10,0,0,1,1,2,"0,1,1","0.3559,0.3220,0.3220",0.1
kitchen,kitchen_h1_r30_i9,30,0,0,1,1,6,"0,5,5","0.4519,0.2741,0.2741",0.1
kitchen,kitchen_h1_r30_i9,50,0,0,1,1,10,"0,9,9","0.5515,0.2242,0.2242",0.1
kitchen,kitchen_h1_r30_i9,70,0,0,1,1,14,"0,13,13","0.6472,0.1764,0.1764",0.1
kitchen,kitchen_h1_r30_i9,100,0,0,1,1,19,"1,19,19","0.7515,0.1242,0.1242",0.1
kitchen,kitchen_h1_r30_i9,10,1,0,3,0,1,"0,0,0","0.3333,0.3333,0.3333",0.1
kitchen,kitchen_h1_r30_i9,30,1,1,2,1,2,"1,0,0","0.3115,0.3443,0.3443",0.1
kitchen,kitchen_h1_r30_i9,50,1,1,1,1,3,"2,0,1","0.3006,0.3672,0.3322",0.1
kitchen,kitchen_h1_r30_i9,70,1,1,1,1,5,"4,0,1","0.2603,0.3883,0.3514",0.1
kitchen,kitchen_h1_r30_i9,100,1,1,1,1,6,"5,0,2","0.2501,0.4123,0.3376",0.1
kitchen,kitchen_h1_r30_i9,10,2,0,2,0,1,"0,1,0","0.3443,0.3115,0.3443",0.1
kitchen,kitchen_h1_r30_i9,30,2,2,1,1,2,"1,1,0","0.3220,0.3220,0.3559",0.1
kitchen,kitchen_h1_r30_i9,50,2,2,1,1,3,"2,2,0","0.3104,0.3104,0.3792",0.1
kitchen,kitchen_h1_r30_i9,70,2,2,1,1,4,"4,4,1","0.2985,0.2985,0.4030",0.1
kitchen,kitchen_h1_r30_i9,100,2,2,1,1,5,"5,5,1","0.2864,0.2864,0.4272",0.1
kitchen,kitchen_h1_r50_i2,10,0,0,1,1,2,"0,1,1","0.3559,0.3220,0.3220",0.1
kitchen,kitchen_h1_r50_i2,30,0,0,1,1,6,"0,5,5","0.4519,0.2741,0.2741",0.1
kitchen,kitchen_h1_r50_i2,50,0,0,1,1,10,"0,9,9","0.5515,0.2242,0.2242",0.1
kitchen,kitchen_h1_r50_i2,70,0,0,1,1,14,"0,13,13","0.6472,0.1764,0.1764",0.1
kitchen,kitchen_h1_r50_i2,100,0,0,1,1,19,"1,19,19","0.7515,0.1242,0.1242",0.1
kitchen,kitchen_h1_r50_i2,10,1,0,3,0,1,"0,0,0","0.3333,0.3333,0.3333",0.1
kitchen,kitchen_h1_r50_i2,30,1,1,2,1,2,"1,0,0","0.3115,0.3443,0.3443",0.1
kitchen,kitchen_h1_r50_i2,50,1,1,1,1,3,"2,0,1","0.3006,0.3672,0.3322",0.1
kitchen,kitchen_h1_r50_i2,70,1,1,1,1,5,"4,0,1","0.2603,0.3883,0.3514",0.1
kitchen,kitchen_h1_r50_i2,100,1,1,1,1,6,"5,0,2","0.2501,0.4123,0.3376",0.1
kitchen,kitchen_h1_r50_i2,10,2,0,2,0,1,"0,1,0","0.3443,0.3115,0.3443",0.1
kitchen,kitchen_h1_r50_i2,30,2,2,1,1,2,"1,1,0","0.3220,0.3220,0.3559",0.1
kitchen,kitchen_h1_r50_i2,50,2,2,1,1,3,"2,2,0","0.3104,0.3104,0.3792",0.1
kitchen,kitchen_h1_r50_i2,70,2,2,1,1,4,"4,4,1","0.2985,0.2985,0.4030",0.1
kitchen,kitchen_h1_r50_i2,100,2,2,1,1,5,"5,5,1","0.2864,0.2864,0.4272",0.1
kitchen,kitchen_h1_r50_i3,10,0,0,1,1,2,"0,1,1","0.3559,0.3220,0.3220",0.1
kitchen,kitchen_h1_r50_i3,30,0,0,1,1,6,"0,5,5","0.4519,0.2741,0.2741",0.1
kitchen,kitchen_h1_r50_i3,50,0,0,1,1,10,"0,9,9","0.5515,0.2242,0.2242",0.1
kitchen,kitchen_h1_r50_i3,70,0,0,1,1,14,"0,13,13","0.6472,0.1764,0.1764",0.1
kitchen,kitchen_h1_r50_i3,100,0,0,1,1,19,"1,19,19","0.7515,0.1242,0.1242",0.1
kitchen,kitchen_h1_r50_i3,10,1,0,3,0,1,"0,0,0","0.3333,0.3333,0.3333",0.1
kitchen,kitchen_h1_r50_i3,30,1,1,2,1,2,"1,0,0","0.3115,0.3443,0.3443",0.1
kitchen,kitchen_h1_r50_i3,50,1,1,1,1,3,"2,0,1","0.3006,0.3672,0.3322",0.1
kitchen,kitchen_h1_r50_i3,70,1,1,1,1,5,"4,0,1","0.2603,0.3883,0.3514",0.1
kitchen,kitchen_h1_r50_i3,100,1,1,1,1,6,"5,0,2","0.2501,0.4123,0.3376",0.1
kitchen,kitchen_h1_r50_i3,10,2,0,2,0,1,"0,1,0","0.3443,0.3115,0.3443",0.1
kitchen,kitchen_h1_r50_i3,30,2,2,1,1,2,"1,1,0","0.3220,0.3220,0.3559",0.1
kitchen,kitchen_h1_r50_i3,50,2,2,1,1,3,"2,2,0","0.3104,0.3104,0.3792",0.1
kitchen,kitchen_h1_r50_i3,70,2,2,1,1,4,"4,4,1","0.2985,0.2985,0.4030",0.1
kitchen,kitchen_h1_r50_i3,100,2,2,1,1,5,"5,5,1","0.2864,0.2864,0.4272",0.1
kitchen,kitchen_h1_r50_i4,10,0,0,1,1,2,"0,1,1","0.3559,0.3220,0.3220",0.1
kitchen,kitchen_h1_r50_i4,30,0,0,1,1,6,"0,5,5","0.4519,0.2741,0.2741",0.1
kitchen,kitchen_h1_r50_i4,50,0,0,1,1,10,"0,9,9","0.5515,0.2242,0.2242",0.1
kitchen,kitchen_h1_r50_i4,70,0,0,1,1,14,"0,13,13","0.6472,0.1764,0.1764",0.1
kitchen,kitchen_h1_r50_i4,100,0,0,1,1,19,"1,19,19","0.7515,0.1242,0.1242",0.1
kitchen,kitchen_h1_r50_i4,10,1,0,3,0,1,"0,0,0","0.3333,0.3333,0.3333",0.1
kitchen,kitchen_h1_r50_i4,30,1,1,2,1,2,"1,0,0","0.3115,0.3443,0.3443",0.1
kitchen,kitchen_h1_r50_i4,50,1,1,1,1,3,"2,0,1","0.3006,0.3672,0.3322",0.1
kitchen,kitchen_h1_r50_i4,70,1,1,1,1,5,"4,0,1","0.2603,0.3883,0.3514",0.1
kitchen,kitchen_h1_r50_i4,100,1,1,1,1,6,"5,0,2","0.2501,0.4123,0.3376",0.1
kitchen,kitchen_h1_r50_i4,10,2,0,2,0,1,"0,1,0","0.3443,0.3115,0.3443",0.1
kitchen,kitchen_h1_r50_i4,30,2,2,1,1,2,"1,1,0","0.3220,0.3220,0.3559",0.1
kitchen,kitchen_h1_r50_i4,50,2,2,1,1,3,"2,2,0","0.3104,0.3104,0.3792",0.1
kitchen,kitchen_h1_r50_i4,70,2,2,1,1,4,"4,4,1","0.2985,0.2985,0.4030",0.1
kitchen,kitchen_h1_r50_i4,100,2,2,1,1,5,"5,5,1","0.2864,0.2864,0.4272",0.1
kitchen,kitchen_h1_r50_i5,10,0,0,1,1,2,"0,1,1","0.3559,0.3220,0.3220",0.1
kitchen,kitchen_h1_r50_i5,30,0,0,1,1,6,"0,5,5","0.4519,0.2741,0.2741",0.1
kitchen,kitchen_h1_r50_i5,50,0,0,1,1,10,"0,9,9","0.5515,0.2242,0.2242",0.1
kitchen,kitchen_h1_r50_i5,70,0,0,1,1,14,"0,13,13","0.6472,0.1764,0.1764",0.1
kitchen,kitchen_h1_r50_i5,100,0,0,1,1,19,"1,19,19","0.7515,0.1242,0.1242",0.1
kitchen,kitchen_h1_r50_i5,10,1,0,3,0,1,"0,0,0","0.3333,0.3333,0.3333",0.1
kitchen,kitchen_h1_r50_i5,30,1,1,2,1,2,"1,0,0","0.3115,0.3443,0.3443",0.1
kitchen,kitchen_h1_r50_i5,50,1,1,1,1,3,"2,0,1","0.3006,0.3672,0.3322",0.1
kitchen,kitchen_h1_r50_i5,70,1,1,1,1,5,"4,0,1","0.2603,0.3883,0.3514",0.1
kitchen,kitchen_h1_r50_i5,100,1,1,1,1,6,"5,0,2","0.2501,0.4123,0.3376",0.1
kitchen,kitchen_h1_r50_i5,10,2,0,2,0,1,"0,1,0","0.3443,0.3115,0.3443",0.1
kitchen,kitchen_h1_r50_i5,30,2,2,1,1,2,"1,1,0","0.3220,0.3220,0.3559",0.1
kitchen,kitchen_h1_r50_i5,50,2,2,1,1,3,"2,2,0","0.3104,0.3104,0.3792",0.1
kitchen,kitchen_h1_r50_i5,70,2,2,1,1,4,"4,4,1","0.2985,0.2985,0.4030",0.1
kitchen,kitchen_h1_r50_i5,100,2,2,1,1,5,"5,5,1","0.2864,0.2864,0.4272",0.1
kitchen,kitchen_h1_r70_i9,10,0,0,1,1,2,"0,1,1","0.3559,0.3220,0.3220",0.1
kitchen,kitchen_h1_r70_i9,30,0,0,1,1,6,"0,5,5","0.4519,0.2741,0.2741",0.1
kitchen,kitchen_h1_r70_i9,50,0,0,1,1,10,"0,9,9","0.5515,0.2242,0.2242",0.1
kitchen,kitchen_h1_r70_i9,70,0,0,1,1,14,"0,13,13","0.6472,0.1764,0.1764",0.1
kitchen,kitchen_h1_r70_i9,100,0,0,1,1,19,"1,19,19","0.7515,0.1242,0.1242",0.1
kitchen,kitchen_h1_r70_i9,10,1,0,3,0,1,"0,0,0","0.3333,0.3333,0.3333",0.1
kitchen,kitchen_h1_r70_i9,30,1,1,2,1,2,"1,0,0","0.3115,0.3443,0.3443",0.1
kitchen,kitchen_h1_r70_i9,50,1,1,1,1,3,"2,0,1","0.3006,0.3672,0.3322",0.1
kitchen,kitchen_h1_r70_i9,70,1,1,1,1,5,"4,0,1","0.2603,0.3883,0.3514",0.1
kitchen,kitchen_h1_r70_i9,100,1,1,1,1,6,"5,0,2","0.2501,0.4123,0.3376",0.1
kitchen,kitchen_h1_r70_i9,10,2,0,2,0,1,"0,1,0","0.3443,0.3115,0.3443",0.1
kitchen,kitchen_h1_r70_i9,30,2,2,1,1,2,"1,1,0","0.3220,0.3220,0.3559",0.1
kitchen,kitchen_h1_r70_i9,50,2,2,1,1,3,"2,2,0","0.3104,0.3104,0.3792",0.1
kitchen,kitchen_h1_r70_i9,70,2,2,1,1,4,"4,4,1","0.2985,0.2985,0.4030",0.1
kitchen,kitchen_h1_r70_i9,100,2,2,1,1,5,"5,5,1","0.2864,0.2864,0.4272",0.1
kitchen,kitchen_h1_rfull_i3,10,0,0,1,1,2,"0,1,1","0.3559,0.3220,0.3220",0.1
kitchen,kitchen_h1_rfull_i3,30,0,0,1,1,6,"0,5,5","0.4519,0.2741,0.2741",0.1
kitchen,kitchen_h1_rfull_i3,50,0,0,1,1,10,"0,9,9","0.5515,0.2242,0.2242",0.1
kitchen,kitchen_h1_rfull_i3,70,0,0,1,1,14,"0,13,13","0.6472,0.1764,0.1764",0.1
kitchen,kitchen_h1_rfull_i3,100,0,0,1,1,19,"1,19,19","0.7515,0.1242,0.1242",0.1
kitchen,kitchen_h1_rfull_i3,10,1,0,3,0,1,"0,0,0","0.3333,0.3333,0.3333",0.1
kitchen,kitchen_h1_rfull_i3,30,1,1,2,1,2,"1,0,0","0.3115,0.3443,0.3443",0.1
kitchen,kitchen_h1_rfull_i3,50,1,1,1,1,3,"2,0,1","0.3006,0.3672,0.3322",0.1
kitchen,kitchen_h1_rfull_i3,70,1,1,1,1,5,"4,0,1","0.2603,0.3883,0.3514",0.1
kitchen,kitchen_h1_rfull_i3,100,1,1,1,1,6,"5,0,2","0.2501,0.4123,0.3376",0.1
kitchen,kitchen_h1_rfull_i3,10,2,0,2,0,1,"0,1,0","0.3443,0.3115,0.3443",0.1
kitchen,kitchen_h1_rfull_i3,30,2,2,1,1,2,"1,1,0","0.3220,0.3220,0.3559",0.1
kitchen,kitchen_h1_rfull_i3,50,2,2,1,1,3,"2,2,0","0.3104,0.3104,0.3792",0.1
kitchen,kitchen_h1_rfull_i3,70,2,2,1,1,4,"4,4,1","0.2985,0.2985,0.4030",0.1
kitchen,kitchen_h1_rfull_i3,100,2,2,1,1,5,"5,5,1","0.2864,0.2864,0.4272",0.1
kitchen,kitchen_h2_r10_i0,10,0,0,1,1,2,"0,1,1","0.3559,0.3220,0.3220",0.1
kitchen,kitchen_h2_r10_i0,30,0,0,1,1,6,"0,5,5","0.4519,0.2741,0.2741",0.1
kitchen,kitchen_h2_r10_i0,50,0,0,1,1,10,"0,9,9","0.5515,0.2242,0.2242",0.1
kitchen,kitchen_h2_r10_i0,70,0,0,1,1,14,"0,13,13","0.6472,0.1764,0.1764",0.1
kitchen,kitchen_h2_r10_i0,100,0,0,1,1,19,"1,19,19","0.7515,0.1242,0.1242",0.1
kitchen,kitchen_h2_r10_i0,10,1,0,3,0,1,"0,0,0","0.3333,0.3333,0.3333",0.1
kitchen,kitchen_h2_r10_i0,30,1,1,2,1,2,"1,0,0","0.3115,0.3443,0.3443",0.1
kitchen,kitchen_h2_r10_i0,50,1,1,1,1,3,"2,0,1","0.3006,0.3672,0.3322",0.1
kitchen,kitchen_h2_r10_i0,70,1,1,1,1,5,"4,0,1","0.2603,0.3883,0.3514",0.1
kitchen,kitchen_h2_r10_i0,100,1,1,1,1,6,"5,0,2","0.2501,0.4123,0.3376",0.1
kitchen,kitchen_h2_r10_i0,10,2,0,2,0,1,"0,1,0","0.3443,0.3115,0.3443",0.1
kitchen,kitchen_h2_r10_i0,30,2,2,1,1,2,"1,1,0","0.3220,0.3220,0.3559",0.1
kitchen,kitchen_h2_r10_i0,50,2,2,1,1,3,"2,2,0","0.3104,0.3104,0.3792",0.1
kitchen,kitchen_h2_r10_i0,70,2,2,1,1,4,"4,4,1","0.2985,0.2985,0.4030",0.1
kitchen,kitchen_h2_r10_i0,100,2,2,1,1,5,"5,5,1","0.2864,0.2864,0.4272",0.1
kitchen,kitchen_h2_r30_i4,10,0,0,1,1,2,"0,1,1","0.3559,0.3220,0.3220",0.1
kitchen,kitchen_h2_r30_i4,30,0,0,1,1,6,"0,5,5","0.4519,0.2741,0.2741",0.1
kitchen,kitchen_h2_r30_i4,50,0,0,1,1,10,"0,9,9","0.5515,0.2242,0.2242",0.1
kitchen,kitchen_h2_r30_i4,70,0,0,1,1,14,"0,13,13","0.6472,0.1764,0.1764",0.1
kitchen,kitchen_h2_r30_i4,100,0,0,1,1,19,"1,19,19","0.7515,0.1242,0.1242",0.1
kitchen,kitchen_h2_r30_i4,10,1,0,3,0,1,"0,0,0","0.3333,0.3333,0.3333",0.1
kitchen,kitchen_h2_r30_i4,30,1,1,2,1,2,"1,0,0","0.3115,0.3443,0.3443",0.1
kitchen,kitchen_h2_r30_i4,50,1,1,1,1,3,"2,0,1","0.3006,0.3672,0.3322",0.1
kitchen,kitchen_h2_r30_i4,70,1,1,1,1,5,"4,0,1","0.2603,0.3883,0.3514",0.1
kitchen,kitchen_h2_r30_i4,100,1,1,1,1,6,"5,0,2","0.2501,0.4123,0.3376",0.1
kitchen,kitchen_h2_r30_i4,10,2,0,2,0,1,"0,1,0","0.3443,0.3115,0.3443",0.1
kitchen,kitchen_h2_r30_i4,30,2,2,1,1,2,"1,1,0","0.3220,0.3220,0.3559",0.1
kitchen,kitchen_h2_r30_i4,50,2,2,1,1,3,"2,2,0","0.3104,0.3104,0.3792",0.1
kitchen,kitchen_h2_r30_i4,70,2,2,1,1,4,"4,4,1","0.2985,0.2985,0.4030",0.1
kitchen,kitchen_h2_r30_i4,100,2,2,1,1,5,"5,5,1","0.2864,0.2864,0.4272",0.1
kitchen,kitchen_h2_r30_i5,10,0,0,1,1,2,"0,1,1","0.3559,0.3220,0.3220",0.1
kitchen,kitchen_h2_r30_i5,30,0,0,1,1,6,"0,5,5","0.4519,0.2741,0.2741",0.1
kitchen,kitchen_h2_r30_i5,50,0,0,1,1,10,"0,9,9","0.5515,0.2242,0.2242",0.1
kitchen,kitchen_h2_r30_i5,70,0,0,1,1,14,"0,13,13","0.6472,0.1764,0.1764",0.1
kitchen,kitchen_h2_r30_i5,100,0,0,1,1,19,"1,19,19","0.7515,0.1242,0.1242",0.1
kitchen,kitchen_h2_r30_i5,10,1,0,3,0,1,"0,0,0","0.3333,0.3333,0.3333",0.1
kitchen,kitchen_h2_r30_i5,30,1,1,2,1,2,"1,0,0","0.3115,0.3443,0.3443",0.1
kitchen,kitchen_h2_r30_i5,50,1,1,1,1,3,"2,0,1","0.3006,0.3672,0.3322",0.1
kitchen,kitchen_h2_r30_i5,70,1,1,1,1,5,"4,0,1","0.2603,0.3883,0.3514",0.1
kitchen,kitchen_h2_r30_i5,100,1,1,1,1,6,"5,0,2","0.2501,0.4123,0.3376",0.1
kitchen,kitchen_h2_r30_i5,10,2,0,2,0,1,"0,1,0","0.3443,0.3115,0.3443",0.1
kitchen,kitchen_h2_r30_i5,30,2,2,1,1,2,"1,1,0","0.3220,0.3220,0.3559",0.1
kitchen,kitchen_h2_r30_i5,50,2,2,1,1,3,"2,2,0","0.3104,0.3104,0.3792",0.1
kitchen,kitchen_h2_r30_i5,70,2,2,1,1,4,"4,4,1","0.2985,0.2985,0.4030",0.1
kitchen,kitchen_h2_r30_i5,100,2,2,1,1,5,"5,5,1","0.2864,0.2864,0.4272",0.1
kitchen,kitchen_h2_r30_i6,10,0,0,1,1,2,"0,1,1","0.3559,0.3220,0.3220",0.1
kitchen,kitchen_h2_r30_i6,30,0,0,1,1,6,"0,5,5","0.4519,0.2741,0.2741",0.1
kitchen,kitchen_h2_r30_i6,50,0,0,1,1,10,"0,9,9","0.5515,0.2242,0.2242",0.1
kitchen,kitchen_h2_r30_i6,70,0,0,1,1,14,"0,13,13","0.6472,0.1764,0.1764",0.1
kitchen,kitchen_h2_r30_i6,100,0,0,1,1,19,"1,19,19","0.7515,0.1242,0.1242",0.1
kitchen,kitchen_h2_r30_i6,10,1,0,3,0,1,"0,0,0","0.3333,0.3333,0.3333",0.1
kitchen,kitchen_h2_r30_i6,30,1,1,2,1,2,"1,0,0","0.3115,0.3443,0.3443",0.1
kitchen,kitchen_h2_r30_i6,50,1,1,1,1,3,"2,0,1","0.3006,0.3672,0.3322",0.1
kitchen,kitchen_h2_r30_i6,70,1,1,1,1,5,"4,0,1","0.2603,0.3883,0.3514",0.1
kitchen,kitchen_h2_r30_i6,100,1,1,1,1,6,"5,0,2","0.2501,0.4123,0.3376",0.1
kitchen,kitchen_h2_r30_i6,10,2,0,2,0,1,"0,1,0","0.3443,0.3115,0.3443",0.1
kitchen,kitchen_h2_r30_i6,30,2,2,1,1,2,"1,1,0","0.3220,0.3220,0.3559",0.1
kitchen,kitchen_h2_r30_i6,50,2,2,1,1,3,"2,2,0","0.3104,0.3104,0.3792",0.1
kitchen,kitchen_h2_r30_i6,70,2,2,1,1,4,"4,4,1","0.2985,0.2985,0.4030",0.1
kitchen,kitchen_h2_r30_i6,100,2,2,1,1,5,"5,5,1","0.2864,0.2864,0.4272",0.1
kitchen,kitchen_h2_r30_i7,10,0,0,1,1,2,"0,1,1","0.3559,0.3220,0.3220",0.1
kitchen,kitchen_h2_r30_i7,30,0,0,1,1,6,"0,5,5","0.4519,0.2741,0.2741",0.1
kitchen,kitchen_h2_r30_i7,50,0,0,1,1,10,"0,9,9","0.5515,0.2242,0.2242",0.1
kitchen,kitchen_h2_r30_i7,70,0,0,1,1,14,"0,13,13","0.6472,0.1764,0.1764",0.1
kitchen,kitchen_h2_r30_i7,100,0,0,1,1,19,"1,19,19","0.7515,0.1242,0.1242",0.1
kitchen,kitchen_h2_r30_i7,10,1,0,3,0,1,"0,0,0","0.3333,0.3333,0.3333",0.1
kitchen,kitchen_h2_r30_i7,30,1,1,2,1,2,"1,0,0","0.3115,0.3443,0.3443",0.1
kitchen,kitchen_h2_r30_i7,50,1,1,1,1,3,"2,0,1","0.3006,0.3672,0.3322",0.1
kitchen,kitchen_h2_r30_i7,70,1,1,1,1,5,"4,0,1","0.2603,0.3883,0.3514",0.1
kitchen,kitchen_h2_r30_i7,100,1,1,1,1,6,"5,0,2","0.2501,0.4123,0.3376",0.1
kitchen,kitchen_h2_r30_i7,10,2,0,2,0,1,"0,1,0","0.3443,0.3115,0.3443",0.1
kitchen,kitchen_h2_r30_i7,30,2,2,1,1,2,"1,1,0","0.3220,0.3220,0.3559",0.1
kitchen,kitchen_h2_r30_i7,50,2,2,1,1,3,"2,2,0","0.3104,0.3104,0.3792",0.1
kitchen,kitchen_h2_r30_i7,70,2,2,1,1,4,"4,4,1","0.2985,0.2985,0.4030",0.1
kitchen,kitchen_h2_r30_i7,100,2,2,1,1,5,"5,5,1","0.2864,0.2864,0.4272",0.1
kitchen,kitchen_h2_r30_i8,10,0,0,1,1,2,"0,1,1","0.3559,0.3220,0.3220",0.1
kitchen,kitchen_h2_r30_i8,30,0,0,1,1,6,"0,5,5","0.4519,0.2741,0.2741",0.1
kitchen,kitchen_h2_r30_i8,50,0,0,1,1,10,"0,9,9","0.5515,0.2242,0.2242",0.1
kitchen,kitchen_h2_r30_i8,70,0,0,1,1,14,"0,13,13","0.6472,0.1764,0.1764",0.1
kitchen,kitchen_h2_r30_i8,100,0,0,1,1,19,"1,19,19","0.7515,0.1242,0.1242",0.1
kitchen,kitchen_h2_r30_i8,10,1,0,3,0,1,"0,0,0","0.3333,0.3333,0.3333",0.1
kitchen,kitchen_h2_r30_i8,30,1,1,2,1,2,"1,0,0","0.3115,0.3443,0.3443",0.1
kitchen,kitchen_h2_r30_i8,50,1,1,1,1,3,"2,0,1","0.3006,0.3672,0.3322",0.1
kitchen,kitchen_h2_r30_i8,70,1,1,1,1,5,"4,0,1","0.2603,0.3883,0.3514",0.1
kitchen,kitchen_h2_r30_i8,100,1,1,1,1,6,"5,0,2","0.2501,0.4123,0.3376",0.1
kitchen,kitchen_h2_r30_i8,10,2,0,2,0,1,"0,1,0","0.3443,0.3115,0.3443",0.1
kitchen,kitchen_h2_r30_i8,30,2,2,1,1,2,"1,1,0","0.3220,0.3220,0.3559",0.1
kitchen,kitchen_h2_r30_i8,50,2,2,1,1,3,"2,2,0","0.3104,0.3104,0.3792",0.1
kitchen,kitchen_h2_r30_i8,70,2,2,1,1,4,"4,4,1","0.2985,0.2985,0.4030",0.1
kitchen,kitchen_h2_r30_i8,100,2,2,1,1,5,"5,5,1","0.2864,0.2864,0.4272",0.1
kitchen,kitchen_h2_r50_i0,10,0,0,1,1,2,"0,1,1","0.3559,0.3220,0.3220",0.1
kitchen,kitchen_h2_r50_i0,30,0,0,1,1,6,"0,5,5","0.4519,0.2741,0.2741",0.1
kitchen,kitchen_h2_r50_i0,50,0,0,1,1,10,"0,9,9","0.5515,0.2242,0.2242",0.1
kitchen,kitchen_h2_r50_i0,70,0,0,1,1,14,"0,13,13","0.6472,0.1764,0.1764",0.1
kitchen,kitchen_h2_r50_i0,100,0,0,1,1,19,"1,19,19","0.7515,0.1242,0.1242",0.1
kitchen,kitchen_h2_r50_i0,10,1,0,3,0,1,"0,0,0","0.3333,0.3333,0.3333",0.1
kitchen,kitchen_h2_r50_i0,30,1,1,2,1,2,"1,0,0","0.3115,0.3443,0.3443",0.1
kitchen,kitchen_h2_r50_i0,50,1,1,1,1,3,"2,0,1","0.3006,0.3672,0.3322",0.1
kitchen,kitchen_h2_r50_i0,70,1,1,1,1,5,"4,0,1","0.2603,0.3883,0.3514",0.1
kitchen,kitchen_h2_r50_i0,100,1,1,1,1,6,"5,0,2","0.2501,0.4123,0.3376",0.1
kitchen,kitchen_h2_r50_i0,10,2,0,2,0,1,"0,1,0","0.3443,0.3115,0.3443",0.1
kitchen,kitchen_h2_r50_i0,30,2,2,1,1,2,"1,1,0","0.3220,0.3220,0.3559",0.1
kitchen,kitchen_h2_r50_i0,50,2,2,1,1,3,"2,2,0","0.3104,0.3104,0.3792",0.1
kitchen,kitchen_h2_r50_i0,70,2,2,1,1,4,"4,4,1","0.2985,0.2985,0.4030",0.1
kitchen,kitchen_h2_r50_i0,100,2,2,1,1,5,"5,5,1","0.2864,0.2864,0.4272",0.1
kitchen,kitchen_h2_r50_i1,10,0,0,1,1,2,"0,1,1","0.3559,0.3220,0.3220",0.1
kitchen,kitchen_h2_r50_i1,30,0,0,1,1,6,"0,5,5","0.4519,0.2741,0.2741",0.1
kitchen,kitchen_h2_r50_i1,50,0,0,1,1,10,"0,9,9","0.5515,0.2242,0.2242",0.1
kitchen,kitchen_h2_r50_i1,70,0,0,1,1,14,"0,13,13","0.6472,0.1764,0.1764",0.1
kitchen,kitchen_h2_r50_i1,100,0,0,1,1,19,"1,19,19","0.7515,0.1242,0.1242",0.1
kitchen,kitchen_h2_r50_i1,10,1,0,3,0,1,"0,0,0","0.3333,0.3333,0.3333",0.1
kitchen,kitchen_h2_r50_i1,30,1,1,2,1,2,"1,0,0","0.3115,0.3443,0.3443",0.1
kitchen,kitchen_h2_r50_i1,50,1,1,1,1,3,"2,0,1","0.3006,0.3672,0.3322",0.1
kitchen,kitchen_h2_r50_i1,70,1,1,1,1,5,"4,0,1","0.2603,0.3883,0.3514",0.1
kitchen,kitchen_h2_r50_i1,100,1,1,1,1,6,"5,0,2","0.2501,0.4123,0.3376",0.1
kitchen,kitchen_h2_r50_i1,10,2,0,2,0,1,"0,1,0","0.3443,0.3115,0.3443",0.1
kitchen,kitchen_h2_r50_i1,30,2,2,1,1,2,"1,1,0","0.3220,0.3220,0.3559",0.1
kitchen,kitchen_h2_r50_i1,50,2,2,1,1,3,"2,2,0","0.3104,0.3104,0.3792",0.1
kitchen,kitchen_h2_r50_i1,70,2,2,1,1,4,"4,4,1","0.2985,0.2985,0.4030",0.1
kitchen,kitchen_h2_r50_i1,100,2,2,1,1,5,"5,5,1","0.2864,0.2864,0.4272",0.1
kitchen,kitchen_h2_r50_i9,10,0,0,1,1,2,"0,1,1","0.3559,0.3220,0.3220",0.1
kitchen,kitchen_h2_r50_i9,30,0,0,1,1,6,"0,5,5","0.4519,0.2741,0.2741",0.1
kitchen,kitchen_h2_r50_i9,50,0,0,1,1,10,"0,9,9","0.5515,0.2242,0.2242",0.1
kitchen,kitchen_h2_r50_i9,70,0,0,1,1,14,"0,13,13","0.6472,0.1764,0.1764",0.1
kitchen,kitchen_h2_r50_i9,100,0,0,1,1,19,"1,19,19","0.7515,0.1242,0.1242",0.1
kitchen,kitchen_h2_r50_i9,10,1,0,3,0,1,"0,0,0","0.3333,0.3333,0.3333",0.1
kitchen,kitchen_h2_r50_i9,30,1,1,2,1,2,"1,0,0","0.3115,0.3443,0.3443",0.1
kitchen,kitchen_h2_r50_i9,50,1,1,1,1,3,"2,0,1","0.3006,0.3672,0.3322",0.1
kitchen,kitchen_h2_r50_i9,70,1,1,1,1,5,"4,0,1","0.2603,0.3883,0.3514",0.1
kitchen,kitchen_h2_r50_i9,100,1,1,1,1,6,"5,0,2","0.2501,0.4123,0.3376",0.1
kitchen,kitchen_h2_r50_i9,10,2,0,2,0,1,"0,1,0","0.3443,0.3115,0.3443",0.1
kitchen,kitchen_h2_r50_i9,30,2,2,1,1,2,"1,1,0","0.3220,0.3220,0.3559",0.1
kitchen,kitchen_h2_r50_i9,50,2,2,1,1,3,"2,2,0","0.3104,0.3104,0.3792",0.1
kitchen,kitchen_h2_r50_i9,70,2,2,1,1,4,"4,4,1","0.2985,0.2985,0.4030",0.1
kitchen,kitchen_h2_r50_i9,100,2,2,1,1,5,"5,5,1","0.2864,0.2864,0.4272",0.1
kitchen,kitchen_h2_r70_i0,10,0,0,1,1,2,"0,1,1","0.3559,0.3220,0.3220",0.1
kitchen,kitchen_h2_r70_i0,30,0,0,1,1,6,"0,5,5","0.4519,0.2741,0.2741",0.1
kitchen,kitchen_h2_r70_i0,50,0,0,1,1,10,"0,9,9","0.5515,0.2242,0.2242",0.1
kitchen,kitchen_h2_r70_i0,70,0,0,1,1,14,"0,13,13","0.6472,0.1764,0.1764",0.1
kitchen,kitchen_h2_r70_i0,100,0,0,1,1,19,"1,19,19","0.7515,0.1242,0.1242",0.1
kitchen,kitchen_h2_r70_i0,10,1,0,3,0,1,"0,0,0","0.3333,0.3333,0.3333",0.1
kitchen,kitchen_h2_r70_i0,30,1,1,2,1,2,"1,0,0","0.3115,0.3443,0.3443",0.1
kitchen,kitchen_h2_r70_i0,50,1,1,1,1,3,"2,0,1","0.3006,0.3672,0.3322",0.1
kitchen,kitchen_h2_r70_i0,70,1,1,1,1,5,"4,0,1","0.2603,0.3883,0.3514",0.1
kitchen,kitchen_h2_r70_i0,100,1,1,1,1,6,"5,0,2","0.2501,0.4123,0.3376",0.1
kitchen,kitchen_h2_r70_i0,10,2,0,2,0,1,"0,1,0","0.3443,0.3115,0.3443",0.1
kitchen,kitchen_h2_r70_i0,30,2,2,1,1,2,"1,1,0","0.3220,0.3220,0.3559",0.1
kitchen,kitchen_h2_r70_i0,50,2,2,1,1,3,"2,2,0","0.3104,0.3104,0.3792",0.1
kitchen,kitchen_h2_r70_i0,70,2,2,1,1,4,"4,4,1","0.2985,0.2985,0.4030",0.1
kitchen,kitchen_h2_r70_i0,100,2,2,1,1,5,"5,5,1","0.2864,0.2864,0.4272",0.1
kitchen,kitchen_h2_r70_i1,10,0,0,1,1,2,"0,1,1","0.3559,0.3220,0.3220",0.1
kitchen,kitchen_h2_r70_i1,30,0,0,1,1,6,"0,5,5","0.4519,0.2741,0.2741",0.1
kitchen,kitchen_h2_r70_i1,50,0,0,1,1,10,"0,9,9","0.5515,0.2242,0.2242",0.1
kitchen,kitchen_h2_r70_i1,70,0,0,1,1,14,"0,13,13","0.6472,0.1764,0.1764",0.1
kitchen,kitchen_h2_r70_i1,100,0,0,1,1,19,"1,19,19","0.7515,0.1242,0.1242",0.1
kitchen,kitchen_h2_r70_i1,10,1,0,3,0,1,"0,0,0","0.3333,0.3333,0.3333",0.1
kitchen,kitchen_h2_r70_i1,30,1,1,2,1,2,"1,0,0","0.3115,0.3443,0.3443",0.1
kitchen,kitchen_h2_r70_i1,50,1,1,1,1,3,"2,0,1","0.3006,0.3672,0.3322",0.1
kitchen,kitchen_h2_r70_i1,70,1,1,1,1,5,"4,0,1","0.2603,0.3883,0.3514",0.1
kitchen,kitchen_h2_r70_i1,100,1,1,1,1,6,"5,0,2","0.2501,0.4123,0.3376",0.1
kitchen,kitchen_h2_r70_i1,10,2,0,2,0,1,"0,1,0","0.3443,0.3115,0.3443",0.1
kitchen,kitchen_h2_r70_i1,30,2,2,1,1,2,"1,1,0","0.3220,0.3220,0.3559",0.1
kitchen,kitchen_h2_r70_i1,50,2,2,1,1,3,"2,2,0","0.3104,0.3104,0.3792",0.1
kitchen,kitchen_h2_r70_i1,70,2,2,1,1,4,"4,4,1","0.2985,0.2985,0.4030",0.1
kitchen,kitchen_h2_r70_i1,100,2,2,1,1,5,"5,5,1","0.2864,0.2864,0.4272",0.1
kitchen,kitchen_h2_r70_i4,10,0,0,1,1,2,"0,1,1","0.3559,0.3220,0.3220",0.1
kitchen,kitchen_h2_r70_i4,30,0,0,1,1,6,"0,5,5","0.4519,0.2741,0.2741",0.1
kitchen,kitchen_h2_r70_i4,50,0,0,1,1,10,"0,9,9","0.5515,0.2242,0.2242",0.1
kitchen,kitchen_h2_r70_i4,70,0,0,1,1,14,"0,13,13","0.6472,0.1764,0.1764",0.1
kitchen,kitchen_h2_r70_i4,100,0,0,1,1,19,"1,19,19","0.7515,0.1242,0.1242",0.1
kitchen,kitchen_h2_r70_i4,10,1,0,3,0,1,"0,0,0","0.3333,0.3333,0.3333",0.1
kitchen,kitchen_h2_r70_i4,30,1,1,2,1,2,"1,0,0","0.3115,0.3443,0.3443",0.1
kitchen,kitchen_h2_r70_i4,50,1,1,1,1,3,"2,0,1","0.3006,0.3672,0.3322",0.1
kitchen,kitchen_h2_r70_i4,70,1,1,1,1,5,"4,0,1","0.2603,0.3883,0.3514",0.1
kitchen,kitchen_h2_r70_i4,100,1,1,1,1,6,"5,0,2","0.2501,0.4123,0.3376",0.1
kitchen,kitchen_h2_r70_i4,10,2,0,2,0,1,"0,1,0","0.3443,0.3115,0.3443",0.1
kitchen,kitchen_h2_r70_i4,30,2,2,1,1,2,"1,1,0","0.3220,0.3220,0.3559",0.1
kitchen,kitchen_h2_r70_i4,50,2,2,1,1,3,"2,2,0","0.3104,0.3104,0.3792",0.1
kitchen,kitchen_h2_r70_i4,70,2,2,1,1,4,"4,4,1","0.2985,0.2985,0.4030",0.1
kitchen,kitchen_h2_r70_i4,100,2,2,1,1,5,"5,5,1","0.2864,0.2864,0.4272",0.1
kitchen,kitchen_h2_r70_i6,10,0,0,1,1,2,"0,1,1","0.3559,0.3220,0.3220",0.1
kitchen,kitchen_h2_r70_i6,30,0,0,1,1,6,"0,5,5","0.4519,0.2741,0.2741",0.1
kitchen,kitchen_h2_r70_i6,50,0,0,1,1,10,"0,9,9","0.5515,0.2242,0.2242",0.1
kitchen,kitchen_h2_r70_i6,70,0,0,1,1,14,"0,13,13","0.6472,0.1764,0.1764",0.1
kitchen,kitchen_h2_r70_i6,100,0,0,1,1,19,"1,19,19","0.7515,0.1242,0.1242",0.1
kitchen,kitchen_h2_r70_i6,10,1,0,3,0,1,"0,0,0","0.3333,0.3333,0.3333",0.1
kitchen,kitchen_h2_r70_i6,30,1,1,2,1,2,"1,0,0","0.3115,0.3443,0.3443",0.1
kitchen,kitchen_h2_r70_i6,50,1,1,1,1,3,"2,0,1","0.3006,0.3672,0.3322",0.1
kitchen,kitchen_h2_r70_i6,70,1,1,1,1,5,"4,0,1","0.2603,0.3883,0.3514",0.1
kitchen,kitchen_h2_r70_i6,100,1,1,1,1,6,"5,0,2","0.2501,0.4123,0.3376",0.1
kitchen,kitchen_h2_r70_i6,10,2,0,2,0,1,"0,1,0","0.3443,0.3115,0.3443",0.1
kitchen,kitchen_h2_r70_i6,30,2,2,1,1,2,"1,1,0","0.3220,0.3220,0.3559",0.1
kitchen,kitchen_h2_r70_i6,50,2,2,1,1,3,"2,2,0","0.3104,0.3104,0.3792",0.1
kitchen,kitchen_h2_r70_i6,70,2,2,1,1,4,"4,4,1","0.2985,0.2985,0.4030",0.1
kitchen,kitchen_h2_r70_i6,100,2,2,1,1,5,"5,5,1","0.2864,0.2864,0.4272",0.1
kitchen,kitchen_h2_rfull_i5,10,0,0,1,1,2,"0,1,1","0.3559,0.3220,0.3220",0.1
kitchen,kitchen_h2_rfull_i5,30,0,0,1,1,6,"0,5,5","0.4519,0.2741,0.2741",0.1
kitchen,kitchen_h2_rfull_i5,50,0,0,1,1,10,"0,9,9","0.5515,0.2242,0.2242",0.1
kitchen,kitchen_h2_rfull_i5,70,0,0,1,1,14,"0,13,13","0.6472,0.1764,0.1764",0.1
kitchen,kitchen_h2_rfull_i5,100,0,0,1,1,19,"1,19,19","0.7515,0.1242,0.1242",0.1
kitchen,kitchen_h2_rfull_i5,10,1,0,3,0,1,"0,0,0","0.3333,0.3333,0.3333",0.1
kitchen,kitchen_h2_rfull_i5,30,1,1,2,1,2,"1,0,0","0.3115,0.3443,0.3443",0.1
kitchen,kitchen_h2_rfull_i5,50,1,1,1,1,3,"2,0,1","0.3006,0.3672,0.3322",0.1
kitchen,kitchen_h2_rfull_i5,70,1,1,1,1,5,"4,0,1","0.2603,0.3883,0.3514",0.1
kitchen,kitchen_h2_rfull_i5,100,1,1,1,1,6,"5,0,2","0.2501,0.4123,0.3376",0.1
kitchen,kitchen_h2_rfull_i5,10,2,0,2,0,1,"0,1,0","0.3443,0.3115,0.3443",0.1
kitchen,kitchen_h2_rfull_i5,30,2,2,1,1,2,"1,1,0","0.3220,0.3220,0.3559",0.1
kitchen,kitchen_h2_rfull_i5,50,2,2,1,1,3,"2,2,0","0.3104,0.3104,0.3792",0.1
kitchen,kitchen_h2_rfull_i5,70,2,2,1,1,4,"4,4,1","0.2985,0.2985,0.4030",0.1
kitchen,kitchen_h2_rfull_i5,100,2,2,1,1,5,"5,5,1","0.2864,0.2864,0.4272",0.1
logistics,p01,10,0,0,2,1,2,"0,2,2,0","0.2749,0.2251,0.2251,0.2749",0.1
logistics,p01,30,0,0,1,1,6,"0,5,5,1","0.3207,0.1945,0.1945,0.2902",0.1
logistics,p01,50,0,0,1,1,10,"0,8,8,2","0.3680,0.1654,0.1654,0.3013",0.1
logistics,p01,70,0,0,1,1,14,"0,11,11,3","0.4155,0.1383,0.1383,0.3078",0.1
logistics,p01,100,0,0,1,1,19,"0,15,14,7","0.5086,0.1135,0.1254,0.2525",0.1
logistics,p01,10,1,1,2,1,2,"2,0,0,2","0.2251,0.2749,0.2749,0.2251",0.1
logistics,p01,30,1,1,1,1,6,"5,0,3,5","0.2053,0.3385,0.2508,0.2053",0.1
logistics,p01,50,1,1,1,1,10,"8,0,4,8","0.1749,0.3893,0.2609,0.1749",0.1
logistics,p01,70,1,1,1,1,14,"11,0,7,11","0.1539,0.4625,0.2297,0.1539",0.1
logistics,p01,100,1,1,1,1,19,"15,0,11,15","0.1254,0.5621,0.1871,0.1254",0.1
logistics,p01,10,2,1,2,0,2,"2,0,0,2","0.2251,0.2749,0.2749,0.2251",0.1
logistics,p01,30,2,2,1,1,6,"6,2,0,4","0.1807,0.2695,0.3292,0.2207",0.1
logistics,p01,50,2,2,1,1,10,"8,4,0,5","0.1648,0.2459,0.3668,0.2225",0.1
logistics,p01,70,2,2,1,1,14,"12,8,0,8","0.1369,0.2043,0.4546,0.2043",0.1
logistics,p01,100,2,2,1,1,19,"15,12,0,11","0.1201,0.1622,0.5384,0.1792",0.1
logistics,p01,10,3,2,2,0,2,"2,2,0,0","0.2251,0.2251,0.2749,0.2749",0.1
logistics,p01,30,3,3,1,1,6,"2,5,3,0","0.2586,0.1916,0.2340,0.3158",0.1
logistics,p01,50,3,3,1,1,10,"3,8,4,0","0.2590,0.1571,0.2343,0.3496",0.1
logistics,p01,70,3,3,1,1,14,"3,11,8,0","0.2936,0.1319,0.1781,0.3964",0.1
logistics,p01,100,3,3,1,1,20,"8,16,11,0","0.2265,0.1018,0.1678,0.5040",0.1
logistics,p02,10,0,0,3,1,2,"0,2,0,1,1,0,1","0.1531,0.1253,0.1531,0.1385,0.1385,0.1531,0.1385",0.1
logistics,p02,30,0,0,2,1,6,"0,4,1,3,4,0,4","0.1768,0.1185,0.1600,0.1310,0.1185,0.1768,0.1185",0.1
logistics,p02,50,0,0,2,1,10,"0,5,2,4,7,0,7","0.1965,0.1192,0.1609,0.1317,0.0976,0.1965,0.0976",0.1
logistics,p02,70,0,0,2,1,14,"0,8,6,7,11,0,11","0.2404,0.1080,0.1319,0.1194,0.0800,0.2404,0.0800",0.1
logistics,p02,100,0,0,1,1,19,"0,11,9,10,15,3,14","0.3014,0.1003,0.1225,0.1109,0.0673,0.2233,0.0743",0.1
logistics,p02,10,1,1,1,1,2,"1,0,2,1,2,1,2","0.1466,0.1621,0.1327,0.1466,0.1327,0.1466,0.1327",0.1
logistics,p02,30,1,1,1,1,6,"3,0,5,3,6,3,6","0.1504,0.2030,0.1231,0.1504,0.1114,0.1504,0.1114",0.1
logistics,p02,50,1,1,1,1,9,"5,0,7,5,8,5,8","0.1439,0.2373,0.1178,0.1439,0.1066,0.1439,0.1066",0.1
logistics,p02,70,1,1,1,1,13,"8,0,11,8,11,8,11","0.1343,0.2988,0.0995,0.1343,0.0995,0.1343,0.0995",0.1
logistics,p02,100,1,1,1,1,18,"11,0,15,8,15,8,15","0.1147,0.3447,0.0769,0.1549,0.0769,0.1549,0.0769",0.1
logistics,p02,10,2,0,3,0,2,"0,2,0,1,1,0,1","0.1531,0.1253,0.1531,0.1385,0.1385,0.1531,0.1385",0.1
logistics,p02,30,2,2,1,1,6,"2,5,0,4,3,2,3","0.1517,0.1124,0.1853,0.1242,0.1373,0.1517,0.1373",0.1
logistics,p02,50,2,2,1,1,10,"3,7,0,6,5,3,5","0.1563,0.1048,0.2110,0.1158,0.1280,0.1563,0.1280",0.1
logistics,p02,70,2,2,1,1,14,"6,11,0,9,9,6,9","0.1504,0.0912,0.2740,0.1114,0.1114,0.1504,0.1114",0.1
logistics,p02,100,2,2,1,1,20,"10,16,0,14,14,11,13","0.1379,0.0757,0.3748,0.0924,0.0924,0.1247,0.1021",0.1
logistics,p02,10,3,0,4,0,2,"0,0,1,0,2,0,2","0.1529,0.1529,0.1383,0.1529,0.1251,0.1529,0.1251",0.1
logistics,p02,30,3,3,1,1,6,"1,2,3,0,3,1,3","0.1547,0.1399,0.1266,0.1709,0.1266,0.1547,0.1266",0.1
logistics,p02,50,3,3,1,1,10,"4,5,6,0,3,4,3","0.1347,0.1219,0.1103,0.2009,0.1488,0.1347,0.1488",0.1
logistics,p02,70,3,3,1,1,14,"7,8,9,0,6,7,6","0.1258,0.1138,0.1030,0.2534,0.1391,0.1258,0.1391",0.1
logistics,p02,100,3,3,1,1,19,"10,8,13,0,10,7,10","0.1107,0.1353,0.0820,0.3010,0.1107,0.1495,0.1107",0.1
logistics,p02,10,4,3,3,0,2,"1,2,1,0,0,1,0","0.1385,0.1253,0.1385,0.1531,0.1531,0.1385,0.1531",0.1
logistics,p02,30,4,4,2,1,6,"4,5,3,3,0,4,0","0.1235,0.1117,0.1365,0.1365,0.1842,0.1235,0.1842",0.1
logistics,p02,50,4,4,2,1,10,"6,7,5,3,0,6,0","0.1111,0.1005,0.1227,0.1499,0.2024,0.1111,0.2024",0.1
logistics,p02,70,4,4,2,1,14,"10,10,9,6,0,10,0","0.0906,0.0906,0.1002,0.1352,0.2464,0.0906,0.2464",0.1
logistics,p02,100,4,4,1,1,20,"15,15,14,11,0,15,3","0.0746,0.0746,0.0825,0.1113,0.3345,0.0746,0.2478",0.1
logistics,p02,10,5,0,3,0,2,"0,1,1,0,1,0,1","0.1511,0.1367,0.1367,0.1511,0.1367,0.1511,0.1367",0.1
logistics,p02,30,5,0,2,0,6,"0,4,1,3,4,0,4","0.1768,0.1185,0.1600,0.1310,0.1185,0.1768,0.1185",0.1
logistics,p02,50,5,0,2,0,10,"0,5,2,4,7,0,7","0.1965,0.1192,0.1609,0.1317,0.0976,0.1965,0.0976",0.1
logistics,p02,70,5,0,2,0,14,"0,8,6,7,11,0,11","0.2404,0.1080,0.1319,0.1194,0.0800,0.2404,0.0800",0.1
logistics,p02,100,5,5,1,1,19,"3,8,10,7,15,0,15","0.2116,0.1283,0.1051,0.1418,0.0637,0.2856,0.0637",0.1
logistics,p02,10,6,3,3,0,2,"1,2,1,0,0,1,0","0.1385,0.1253,0.1385,0.1531,0.1531,0.1385,0.1531",0.1
logistics,p02,30,6,4,2,0,6,"4,5,3,2,0,4,0","0.1217,0.1101,0.1345,0.1487,0.1816,0.1217,0.1816",0.1
logistics,p02,50,6,4,2,0,10,"6,7,5,3,0,6,0","0.1111,0.1005,0.1227,0.1499,0.2024,0.1111,0.2024",0.1
logistics,p02,70,6,4,2,0,14,"10,10,9,6,0,10,0","0.0906,0.0906,0.1002,0.1352,0.2464,0.0906,0.2464",0.1
logistics,p02,100,6,6,1,1,20,"14,15,13,11,3,15,0","0.0811,0.0734,0.0897,0.1095,0.2438,0.0734,0.3290",0.1
logistics,p03,10,0,0,1,1,2,"0,2,2,2,2","0.2339,0.1915,0.1915,0.1915,0.1915",0.1
logistics,p03,30,0,0,1,1,6,"0,5,5,5,5","0.2919,0.1770,0.1770,0.1770,0.1770",0.1
logistics,p03,50,0,0,1,1,10,"0,8,8,5,7","0.3331,0.1497,0.1497,0.2021,0.1654",0.1
logistics,p03,70,0,0,1,1,14,"0,11,12,7,11","0.4059,0.1351,0.1223,0.2016,0.1351",0.1
logistics,p03,100,0,0,1,1,19,"0,16,16,11,16","0.5158,0.1041,0.1041,0.1717,0.1041",0.1
logistics,p03,10,1,1,2,1,2,"2,0,1,2,0","0.1802,0.2202,0.1992,0.1802,0.2202",0.1
logistics,p03,30,1,1,2,1,5,"4,0,3,4,0","0.1642,0.2450,0.1815,0.1642,0.2450",0.1
logistics,p03,50,1,1,2,1,7,"5,0,5,5,0","0.1588,0.2618,0.1588,0.1588,0.2618",0.1
logistics,p03,70,1,1,1,1,10,"7,0,8,7,1","0.1484,0.2987,0.1342,0.1484,0.2703",0.1
logistics,p03,100,1,1,1,1,14,"10,0,12,10,6","0.1423,0.3867,0.1165,0.1423,0.2122",0.1
logistics,p03,10,2,2,2,1,2,"2,1,0,2,0","0.1802,0.1992,0.2202,0.1802,0.2202",0.1
logistics,p03,30,2,2,2,1,4,"4,3,0,4,0","0.1642,0.1815,0.2450,0.1642,0.2450",0.1
logistics,p03,50,2,2,2,1,7,"5,6,0,5,0","0.1612,0.1459,0.2658,0.1612,0.2658",0.1
logistics,p03,70,2,2,1,1,10,"8,9,0,8,2","0.1438,0.1301,0.3201,0.1438,0.2621",0.1
logistics,p03,100,2,2,1,1,13,"10,12,0,11,6","0.1442,0.1181,0.3920,0.1305,0.2152",0.1
logistics,p03,10,3,1,2,0,2,"2,0,2,0,2","0.1837,0.2244,0.1837,0.2244,0.1837",0.1
logistics,p03,30,3,3,1,1,6,"4,4,4,0,4","0.1821,0.1821,0.1821,0.2716,0.1821",0.1
logistics,p03,50,3,3,1,1,10,"5,8,8,0,7","0.2021,0.1497,0.1497,0.3331,0.1654",0.1
logistics,p03,70,3,3,1,1,14,"7,11,12,0,11","0.2016,0.1351,0.1223,0.4059,0.1351",0.1
logistics,p03,100,3,3,1,1,19,"11,21,16,0,15","0.1770,0.0651,0.1074,0.5318,0.1187",0.1
logistics,p03,10,4,4,1,1,2,"2,1,1,2,0","0.1841,0.2035,0.2035,0.1841,0.2249",0.1
logistics,p03,30,4,4,1,1,6,"6,3,2,6,0","0.1501,0.2026,0.2239,0.1501,0.2734",0.1
logistics,p03,50,4,4,1,1,10,"8,3,5,8,0","0.1384,0.2282,0.1869,0.1384,0.3081",0.1
logistics,p03,70,4,4,1,1,14,"12,6,9,12,0","0.1178,0.2146,0.1590,0.1178,0.3910",0.1
logistics,p03,100,4,4,1,1,19,"16,11,12,15,0","0.0981,0.1617,0.1463,0.1084,0.4857",0.1
logistics,p04,10,0,0,4,1,2,"0,2,2,0,2,2,0,1,0,2","0.1111,0.0910,0.0910,0.1111,0.0910,0.0910,0.1111,0.1006,0.1111,0.0910",0.1
logistics,p04,30,0,0,2,1,6,"0,6,6,2,6,4,2,4,0,4","0.1371,0.0752,0.0752,0.1122,0.0752,0.0919,0.1122,0.0919,0.1371,0.0919",0.1
logistics,p04,50,0,0,2,1,10,"0,9,8,5,8,4,4,4,0,4","0.1517,0.0617,0.0682,0.0920,0.0682,0.1017,0.1017,0.1017,0.1517,0.1017",0.1
logistics,p04,70,0,0,2,1,14,"0,13,11,8,12,7,7,4,0,6","0.1796,0.0489,0.0598,0.0807,0.0541,0.0892,0.0892,0.1204,0.1796,0.0986",0.1
logistics,p04,100,0,0,1,1,19,"0,17,15,11,16,10,10,9,3,9","0.2364,0.0432,0.0527,0.0787,0.0477,0.0870,0.0870,0.0961,0.1751,0.0961",0.1
logistics,p04,10,1,1,1,1,2,"2,0,2,1,1,1,2,1,2,2","0.0940,0.1148,0.0940,0.1038,0.1038,0.1038,0.0940,0.1038,0.0940,0.0940",0.1
logistics,p04,30,1,1,1,1,6,"6,0,6,3,3,3,6,3,6,6","0.0818,0.1491,0.0818,0.1104,0.1104,0.1104,0.0818,0.1104,0.0818,0.0818",0.1
logistics,p04,50,1,1,1,1,9,"8,0,8,4,4,4,8,4,8,8","0.0758,0.1687,0.0758,0.1131,0.1131,0.1131,0.0758,0.1131,0.0758,0.0758",0.1
logistics,p04,70,1,1,1,1,13,"12,0,12,7,7,8,12,7,12,12","0.0678,0.2250,0.0678,0.1117,0.1117,0.1011,0.0678,0.1117,0.0678,0.0678",0.1
logistics,p04,100,1,1,1,1,18,"16,0,16,10,10,11,16,12,16,16","0.0597,0.2959,0.0597,0.1089,0.1089,0.0985,0.0597,0.0891,0.0597,0.0597",0.1
logistics,p04,10,2,2,2,1,2,"2,2,0,2,2,2,2,2,2,0","0.0958,0.0958,0.1170,0.0958,0.0958,0.0958,0.0958,0.0958,0.0958,0.1170",0.1
logistics,p04,30,2,2,1,1,6,"5,6,0,5,5,6,4,5,5,1","0.0905,0.0818,0.1491,0.0905,0.0905,0.0818,0.1000,0.0905,0.0905,0.1349",0.1
logistics,p04,50,2,2,1,1,10,"8,9,0,8,5,9,4,8,8,4","0.0808,0.0732,0.1799,0.0808,0.1091,0.0732,0.1206,0.0808,0.0808,0.1206",0.1
logistics,p04,70,2,2,1,1,14,"12,13,0,12,8,12,7,11,12,7","0.0708,0.0641,0.2351,0.0708,0.1057,0.0708,0.1168,0.0783,0.0708,0.1168",0.1
logistics,p04,100,2,2,1,1,19,"16,17,0,16,11,16,10,16,15,10","0.0615,0.0557,0.3047,0.0615,0.1014,0.0615,0.1121,0.0615,0.0680,0.1121",0.1
logistics,p04,10,3,0,4,0,2,"0,2,2,0,2,2,0,1,0,2","0.1111,0.0910,0.0910,0.1111,0.0910,0.0910,0.1111,0.1006,0.1111,0.0910",0.1
logistics,p04,30,3,3,1,1,6,"3,3,6,0,6,6,3,3,3,6","0.1074,0.1074,0.0795,0.1449,0.0795,0.0795,0.1074,0.1074,0.1074,0.0795",0.1
logistics,p04,50,3,3,1,1,9,"4,4,8,0,8,8,4,4,4,8","0.1090,0.1090,0.0731,0.1626,0.0731,0.0731,0.1090,0.1090,0.1090,0.0731",0.1
logistics,p04,70,3,3,1,1,13,"7,7,11,0,12,12,7,6,7,11","0.1034,0.1034,0.0693,0.2082,0.0627,0.0627,0.1034,0.1143,0.1034,0.0693",0.1
logistics,p04,100,3,3,1,1,18,"10,10,15,0,16,16,10,11,10,15","0.1007,0.1007,0.0611,0.2736,0.0552,0.0552,0.1007,0.0911,0.1007,0.0611",0.1
logistics,p04,10,4,4,1,1,2,"2,1,1,2,0,1,1,2,2,2","0.0940,0.1038,0.1038,0.0940,0.1148,0.1038,0.1038,0.0940,0.0940,0.0940",0.1
logistics,p04,30,4,4,1,1,6,"6,2,4,6,0,2,4,5,6,6","0.0809,0.1208,0.0989,0.0809,0.1475,0.1208,0.0989,0.0895,0.0809,0.0809",0.1
logistics,p04,50,4,4,1,1,9,"8,4,4,8,0,4,4,7,8,8","0.0752,0.1122,0.1122,0.0752,0.1674,0.1122,0.1122,0.0831,0.0752,0.0752",0.1
logistics,p04,70,4,4,1,1,13,"12,7,7,12,0,8,7,11,12,12","0.0673,0.1109,0.1109,0.0673,0.2234,0.1004,0.1109,0.0744,0.0673,0.0673",0.1
logistics,p04,100,4,4,1,1,18,"16,10,10,16,0,11,10,16,15,16","0.0582,0.1061,0.1061,0.0582,0.2884,0.0960,0.1061,0.0582,0.0644,0.0582",0.1
logistics,p04,10,5,1,3,0,2,"2,0,2,2,0,0,2,1,2,2","0.0929,0.1134,0.0929,0.0929,0.1134,0.1134,0.0929,0.1026,0.0929,0.0929",0.1
logistics,p04,30,5,5,1,1,6,"4,2,6,6,2,0,6,4,4,4","0.0962,0.1175,0.0788,0.0788,0.1175,0.1436,0.0788,0.0962,0.0962,0.0962",0.1
logistics,p04,50,5,5,1,1,10,"4,5,8,9,4,0,8,4,4,4","0.1070,0.0968,0.0717,0.0649,0.1070,0.1597,0.0717,0.1070,0.1070,0.1070",0.1
logistics,p04,70,5,5,1,1,14,"7,9,11,13,8,0,12,6,7,4","0.0998,0.0817,0.0669,0.0548,0.0903,0.2010,0.0605,0.1103,0.0998,0.1347",0.1
logistics,p04,100,5,5,1,1,19,"10,12,15,17,11,0,16,11,11,7","0.0975,0.0799,0.0592,0.0484,0.0882,0.2651,0.0535,0.0882,0.0882,0.1317",0.1
logistics,p04,10,6,0,4,0,2,"0,2,2,0,2,2,0,1,0,2","0.1111,0.0910,0.0910,0.1111,0.0910,0.0910,0.1111,0.1006,0.1111,0.0910",0.1
logistics,p04,30,6,6,1,1,6,"2,6,4,2,4,6,0,5,2,6","0.1161,0.0778,0.0951,0.1161,0.0951,0.0778,0.1418,0.0860,0.1161,0.0778",0.1
logistics,p04,50,6,6,1,1,9,"4,8,4,4,4,8,0,7,4,8","0.1082,0.0725,0.1082,0.1082,0.1082,0.0725,0.1614,0.0801,0.1082,0.0725",0.1
logistics,p04,70,6,6,1,1,13,"7,12,6,7,7,12,0,10,7,11","0.1026,0.0623,0.1134,0.1026,0.1026,0.0623,0.2067,0.0760,0.1026,0.0688",0.1
logistics,p04,100,6,6,1,1,18,"10,16,9,10,10,16,0,15,7,15","0.0954,0.0523,0.1054,0.0954,0.0954,0.0523,0.2593,0.0579,0.1288,0.0579",0.1
logistics,p04,10,7,7,1,1,2,"1,1,2,1,2,1,2,0,1,1","0.1018,0.1018,0.0921,0.1018,0.0921,0.1018,0.0921,0.1125,0.1018,0.1018",0.1
logistics,p04,30,7,7,1,1,6,"2,3,6,3,6,2,6,0,2,2","0.1106,0.1001,0.0741,0.1001,0.0741,0.1106,0.0741,0.1351,0.1106,0.1106",0.1
logistics,p04,50,7,7,1,1,9,"3,4,8,4,8,3,8,0,3,3","0.1114,0.1008,0.0675,0.1008,0.0675,0.1114,0.0675,0.1503,0.1114,0.1114",0.1
logistics,p04,70,7,7,1,1,13,"4,7,12,6,12,5,11,0,4,5","0.1211,0.0897,0.0544,0.0992,0.0544,0.1096,0.0601,0.1807,0.1211,0.1096",0.1
logistics,p04,100,7,7,1,1,18,"7,12,15,10,17,11,15,0,7,10","0.1244,0.0755,0.0559,0.0922,0.0458,0.0834,0.0559,0.2505,0.1244,0.0922",0.1
logistics,p04,10,8,0,4,0,2,"0,2,2,0,2,2,0,1,0,2","0.1111,0.0910,0.0910,0.1111,0.0910,0.0910,0.1111,0.1006,0.1111,0.0910",0.1
logistics,p04,30,8,0,2,0,6,"0,6,6,2,6,4,2,3,0,4","0.1358,0.0745,0.0745,0.1112,0.0745,0.0910,0.1112,0.1006,0.1358,0.0910",0.1
logistics,p04,50,8,0,2,0,10,"0,8,9,4,9,4,5,3,0,4","0.1510,0.0679,0.0614,0.1012,0.0614,0.1012,0.0916,0.1119,0.1510,0.1012",0.1
logistics,p04,70,8,0,2,0,14,"0,12,12,7,13,7,8,3,0,6","0.1783,0.0537,0.0537,0.0886,0.0486,0.0886,0.0801,0.1321,0.1783,0.0979",0.1
logistics,p04,100,8,8,1,1,19,"3,16,15,10,16,11,8,8,0,10","0.1709,0.0466,0.0515,0.0849,0.0466,0.0768,0.1037,0.1037,0.2307,0.0849",0.1
logistics,p04,10,9,2,2,0,2,"2,2,0,2,2,2,2,1,2,0","0.0948,0.0948,0.1158,0.0948,0.0948,0.0948,0.0948,0.1048,0.0948,0.1158",0.1
logistics,p04,30,9,9,1,1,6,"4,5,2,6,5,3,6,4,4,0","0.0974,0.0881,0.1190,0.0798,0.0881,0.1077,0.0798,0.0974,0.0974,0.1453",0.1
logistics,p04,50,9,9,1,1,10,"5,9,4,10,8,4,9,5,5,0","0.1047,0.0702,0.1158,0.0635,0.0776,0.1158,0.0702,0.1047,0.1047,0.1727",0.1
logistics,p04,70,9,9,1,1,14,"6,12,6,13,11,4,12,5,6,0","0.1070,0.0587,0.1070,0.0531,0.0649,0.1306,0.0587,0.1182,0.1070,0.1949",0.1
logistics,p04,100,9,9,1,1,20,"11,17,10,18,16,7,17,12,12,0","0.0942,0.0517,0.1041,0.0468,0.0572,0.1406,0.0517,0.0853,0.0853,0.2831",0.1
logistics,p05,10,0,0,2,1,2,"0,2,2,1,2,1,1,1,0,1","0.1114,0.0912,0.0912,0.1008,0.0912,0.1008,0.1008,0.1008,0.1114,0.1008",0.1
logistics,p05,30,0,0,2,1,6,"0,6,6,2,6,4,2,3,0,4","0.1358,0.0745,0.0745,0.1112,0.0745,0.0910,0.1112,0.1006,0.1358,0.0910",0.1
logistics,p05,50,0,0,2,1,9,"0,8,8,4,8,4,4,3,0,4","0.1477,0.0664,0.0664,0.0990,0.0664,0.0990,0.0990,0.1094,0.1477,0.0990",0.1
logistics,p05,70,0,0,2,1,13,"0,12,12,7,12,7,7,3,0,7","0.1776,0.0535,0.0535,0.0882,0.0535,0.0882,0.0882,0.1316,0.1776,0.0882",0.1
logistics,p05,100,0,0,1,1,18,"0,16,16,10,16,10,10,8,3,10","0.2343,0.0473,0.0473,0.0862,0.0473,0.0862,0.0862,0.1053,0.1736,0.0862",0.1
logistics,p05,10,1,1,1,1,2,"2,0,2,1,1,1,2,1,2,2","0.0940,0.1148,0.0940,0.1038,0.1038,0.1038,0.0940,0.1038,0.0940,0.0940",0.1
logistics,p05,30,1,1,1,1,6,"6,0,6,4,2,2,6,3,6,6","0.0808,0.1472,0.0808,0.0987,0.1205,0.1205,0.0808,0.1091,0.0808,0.0808",0.1
logistics,p05,50,1,1,1,1,9,"8,0,8,4,4,4,8,3,8,8","0.0749,0.1667,0.0749,0.1117,0.1117,0.1117,0.0749,0.1235,0.0749,0.0749",0.1
logistics,p05,70,1,1,1,1,13,"12,0,12,7,7,8,12,6,12,12","0.0670,0.2224,0.0670,0.1104,0.1104,0.0999,0.0670,0.1220,0.0670,0.0670",0.1
logistics,p05,100,1,1,1,1,18,"16,0,16,10,10,11,16,11,16,16","0.0592,0.2932,0.0592,0.1079,0.1079,0.0976,0.0592,0.0976,0.0592,0.0592",0.1
logistics,p05,10,2,2,1,1,2,"2,2,0,2,1,2,1,2,2,1","0.0949,0.0949,0.1159,0.0949,0.1049,0.0949,0.1049,0.0949,0.0949,0.1049",0.1
logistics,p05,30,2,2,1,1,6,"6,6,0,6,4,6,4,5,6,2","0.0843,0.0843,0.1536,0.0843,0.1030,0.0843,0.1030,0.0932,0.0843,0.1258",0.1
logistics,p05,50,2,2,1,1,9,"8,8,0,8,4,8,4,7,8,4","0.0781,0.0781,0.1738,0.0781,0.1165,0.0781,0.1165,0.0863,0.0781,0.1165",0.1
logistics,p05,70,2,2,1,1,13,"12,12,0,12,7,11,7,10,12,7","0.0685,0.0685,0.2275,0.0685,0.1130,0.0757,0.1130,0.0837,0.0685,0.1130",0.1
logistics,p05,100,2,2,1,1,18,"16,16,0,16,10,15,10,15,15,10","0.0598,0.0598,0.2960,0.0598,0.1089,0.0660,0.1089,0.0660,0.0660,0.1089",0.1
logistics,p05,10,3,3,1,1,2,"1,1,2,0,2,2,1,1,1,2","0.1028,0.1028,0.0930,0.1136,0.0930,0.0930,0.1028,0.1028,0.1028,0.0930",0.1
logistics,p05,30,3,3,1,1,6,"2,4,6,0,6,6,2,3,2,6","0.1159,0.0949,0.0777,0.1416,0.0777,0.0777,0.1159,0.1049,0.1159,0.0777",0.1
logistics,p05,50,3,3,1,1,9,"4,4,8,0,8,8,4,3,4,8","0.1078,0.1078,0.0722,0.1608,0.0722,0.0722,0.1078,0.1191,0.1078,0.0722",0.1
logistics,p05,70,3,3,1,1,13,"7,7,12,0,12,12,7,5,7,12","0.1035,0.1035,0.0628,0.2084,0.0628,0.0628,0.1035,0.1264,0.1035,0.0628",0.1
logistics,p05,100,3,3,1,1,18,"10,10,16,0,16,16,10,10,10,16","0.1009,0.1009,0.0554,0.2742,0.0554,0.0554,0.1009,0.1009,0.1009,0.0554",0.1
logistics,p05,10,4,4,1,1,2,"2,1,1,2,0,1,1,2,2,2","0.0940,0.1038,0.1038,0.0940,0.1148,0.1038,0.1038,0.0940,0.0940,0.0940",0.1
logistics,p05,30,4,4,1,1,6,"6,2,4,6,0,2,4,5,6,6","0.0809,0.1208,0.0989,0.0809,0.1475,0.1208,0.0989,0.0895,0.0809,0.0809",0.1
logistics,p05,50,4,4,1,1,9,"8,4,4,8,0,4,4,7,8,8","0.0752,0.1122,0.1122,0.0752,0.1674,0.1122,0.1122,0.0831,0.0752,0.0752",0.1
logistics,p05,70,4,4,1,1,13,"12,7,7,12,0,8,7,11,12,12","0.0673,0.1109,0.1109,0.0673,0.2234,0.1004,0.1109,0.0744,0.0673,0.0673",0.1
logistics,p05,100,4,4,1,1,18,"16,10,10,16,0,11,10,16,15,16","0.0582,0.1061,0.1061,0.0582,0.2884,0.0960,0.1061,0.0582,0.0644,0.0582",0.1
logistics,p05,10,5,5,1,1,2,"1,1,2,2,1,0,2,1,1,1","0.1018,0.1018,0.0921,0.0921,0.1018,0.1125,0.0921,0.1018,0.1018,0.1018",0.1
logistics,p05,30,5,5,1,1,6,"2,4,6,6,4,0,6,1,2,2","0.1114,0.0912,0.0747,0.0747,0.0912,0.1361,0.0747,0.1231,0.1114,0.1114",0.1
logistics,p05,50,5,5,1,1,9,"4,4,8,8,4,0,8,3,4,4","0.1041,0.1041,0.0698,0.0698,0.1041,0.1553,0.0698,0.1150,0.1041,0.1041",0.1
logistics,p05,70,5,5,1,1,13,"7,8,11,12,8,0,12,5,7,4","0.0973,0.0880,0.0652,0.0590,0.0880,0.1959,0.0590,0.1188,0.0973,0.1313",0.1
logistics,p05,100,5,5,1,1,18,"10,11,15,16,11,0,16,10,11,7","0.0954,0.0863,0.0578,0.0523,0.0863,0.2592,0.0523,0.0954,0.0863,0.1287",0.1
logistics,p05,10,6,6,1,1,2,"1,2,1,1,1,2,0,2,1,2","0.1028,0.0930,0.1028,0.1028,0.1028,0.0930,0.1136,0.0930,0.1028,0.0930",0.1
logistics,p05,30,6,6,1,1,6,"2,6,4,2,4,6,0,5,2,6","0.1161,0.0778,0.0951,0.1161,0.0951,0.0778,0.1418,0.0860,0.1161,0.0778",0.1
logistics,p05,50,6,6,1,1,9,"4,8,4,4,4,8,0,7,4,8","0.1082,0.0725,0.1082,0.1082,0.1082,0.0725,0.1614,0.0801,0.1082,0.0725",0.1
logistics,p05,70,6,6,1,1,13,"7,12,7,7,7,12,0,10,7,12","0.1044,0.0634,0.1044,0.1044,0.1044,0.0634,0.2103,0.0774,0.1044,0.0634",0.1
logistics,p05,100,6,6,1,1,18,"10,16,10,10,10,16,0,15,7,16","0.0969,0.0532,0.0969,0.0969,0.0969,0.0532,0.2634,0.0588,0.1308,0.0532",0.1
logistics,p05,10,7,0,5,0,2,"0,2,2,2,2,0,2,0,0,0","0.1100,0.0900,0.0900,0.0900,0.0900,0.1100,0.0900,0.1100,0.1100,0.1100",0.1
logistics,p05,30,7,7,1,1,6,"3,3,6,3,6,3,6,0,3,3","0.1045,0.1045,0.0774,0.1045,0.0774,0.1045,0.0774,0.1410,0.1045,0.1045",0.1
logistics,p05,50,7,7,1,1,9,"4,4,8,4,8,4,8,0,4,4","0.1052,0.1052,0.0705,0.1052,0.0705,0.1052,0.0705,0.1570,0.1052,0.1052",0.1
logistics,p05,70,7,7,1,1,13,"6,6,12,7,11,5,12,0,6,6","0.1049,0.1049,0.0575,0.0949,0.0636,0.1159,0.0575,0.1911,0.1049,0.1049",0.1
logistics,p05,100,7,7,1,1,18,"9,11,16,11,16,11,16,0,9,12","0.1093,0.0895,0.0543,0.0895,0.0543,0.0895,0.0543,0.2689,0.1093,0.0810",0.1
logistics,p05,10,8,0,2,0,2,"0,2,2,1,2,1,1,1,0,1","0.1114,0.0912,0.0912,0.1008,0.0912,0.1008,0.1008,0.1008,0.1114,0.1008",0.1
logistics,p05,30,8,0,2,0,6,"0,6,6,2,6,4,2,3,0,4","0.1358,0.0745,0.0745,0.1112,0.0745,0.0910,0.1112,0.1006,0.1358,0.0910",0.1
logistics,p05,50,8,0,2,0,9,"0,8,8,4,8,4,4,3,0,4","0.1477,0.0664,0.0664,0.0990,0.0664,0.0990,0.0990,0.1094,0.1477,0.0990",0.1
logistics,p05,70,8,0,2,0,13,"0,12,12,7,12,7,7,3,0,7","0.1776,0.0535,0.0535,0.0882,0.0535,0.0882,0.0882,0.1316,0.1776,0.0882",0.1
logistics,p05,100,8,8,1,1,18,"3,16,15,10,15,11,7,8,0,11","0.1696,0.0462,0.0511,0.0842,0.0511,0.0762,0.1137,0.1029,0.2289,0.0762",0.1
logistics,p05,10,9,9,1,1,2,"1,2,1,2,2,1,2,1,1,0","0.1028,0.0930,0.1028,0.0930,0.0930,0.1028,0.0930,0.1028,0.1028,0.1136",0.1
logistics,p05,30,9,9,1,1,6,"4,6,2,6,6,4,6,3,4,0","0.0991,0.0811,0.1210,0.0811,0.0811,0.0991,0.0811,0.1095,0.0991,0.1478",0.1
logistics,p05,50,9,9,1,1,9,"4,8,4,8,8,4,8,3,4,0","0.1078,0.0722,0.1078,0.0722,0.0722,0.1078,0.0722,0.1191,0.1078,0.1608",0.1
logistics,p05,70,9,9,1,1,13,"7,12,7,12,12,4,12,5,7,0","0.0999,0.0606,0.0999,0.0606,0.0606,0.1348,0.0606,0.1220,0.0999,0.2012",0.1
logistics,p05,100,9,9,1,1,18,"10,16,10,16,16,7,16,10,11,0","0.0983,0.0540,0.0983,0.0540,0.0540,0.1328,0.0540,0.0983,0.0890,0.2673",0.1
